Material ID,Description
"000000000000000000","Liquid Raw Material E"
"000000000000000001","infodba (infodba)"
"000000000000000002","infodba (infodba)"
"000000000000000003","TestWTPart_0060902"
"000000000000000004","TestWTPart1"
"000000000000000005","TestWTPart2"
"000000000000000006","TestWTPart3"
"000000000000000007","TestWTPart5"
"000000000000000008","TestWTPart7"
"000000000000000009","fuselage"
"000000000000000010","landinggear"
"000000000000000011","infodba (infodba)"
"000000000000000012","infodba (infodba)"
"000000000000000013","infodba (infodba)"
"000000000000000014","Test"
"000000000000000015","Testing"
"000000000000000016","infodba (infodba)"
"000000000000000017","infodba (infodba)"
"000000000000000018","infodba (infodba)"
"000000000000000019","infodba (infodba)"
"000000000000000020","TEST5"
"000000000000000021","Fuel Injection Pump"
"000000000000000022","infodba (infodba)"
"000000000000000023","infodba (infodba)"
"000000000000000024","infodba (infodba)"
"000000000000000025","infodba (infodba)"
"000000000000000026","test123"
"000000000000000031","Stearing"
"000000000000000032","Accumulator"
"000000000000000033","TEST5"
"000000000000000034","infodba"
"000000000000000035","infodba (infodba)"
"000000000000000036","TEST5"
"000000000000000037","TEST5"
"000000000000000041","infodba (infodba)"
"000000000000000043","Battery"
"000000000000000045","Seats"
"000000000000000051","Pre-painted steel sheet (Colorbond M)"
"000000000000000052","Test"
"000000000000000053","TEST2"
"000000000000000054","TEST2"
"000000000000000055","TEST2"
"000000000000000057","Trading Goods Test"
"000000000000000059","MPN_TEST"
"000000000000000060","MPN_TEST_1"
"000000000000000082","Material Scrap - 82"
"000000000000000091","Material Scrap ARDS"
"000000000000000102","Packaging_1"
"000000000000000103","Bundle"
"000000000000000129","Bike engine"
"000000000000000130","Piston Rods"
"000000000000000131","0123456789012345678901234567890123456789"
"000000000000000134","piston rings"
"000000000000000141","test material"
"000000000000000142","test raw material"
"000000000000000151","Test 1"
"000000000000000161","infodba (infodba)"
"000000000000000162","infodba (infodba)"
"000000000000000170","Manufacturing Pen"
"000000000000000171","grip"
"000000000000000172","Cap"
"000000000000000174","Manufacturing Pen"
"000000000000000176","material"
"000000000000000181","infodba (infodba)"
"000000000000000182","material for BDC"
"000000000000000183","material"
"000000000000000184","material for BDC"
"000000000000000185","material for BDC"
"000000000000000186","material for BDC"
"000000000000000187","material for BDC"
"000000000000000188","material for BDC"
"000000000000000189","material for BDC"
"000000000000000190","material for BDC"
"000000000000000191","material for BDC"
"000000000000000192","material for BDC"
"000000000000000193","material for BDC"
"000000000000000194","material for BDC"
"000000000000000195","material for BDC"
"000000000000000196","material for BDC"
"000000000000000197","material for BDC"
"000000000000000198","material for BDC"
"000000000000000199","material for BDC"
"000000000000000200","material for BDC"
"000000000000000201","material for BDC"
"000000000000000202","material for BDC"
"000000000000000203","material for BDC"
"000000000000000204","material for BDC"
"000000000000000205","material for BDC"
"000000000000000206","material for BDC"
"000000000000000207","material for BDC"
"000000000000000208","material for BDC"
"000000000000000209","material for BDC"
"000000000000000210","material for BDC"
"000000000000000211","material for BDC"
"000000000000000212","material for BDC"
"000000000000000213","material for BDC"
"000000000000000214","John Wayne (jwayne)"
"000000000000000215","John Wayne (jwayne)"
"000000000000000216","material for BDC"
"000000000000000217","John Wayne (jwayne)"
"000000000000000218","John Wayne (jwayne)"
"000000000000000219","material for BDC"
"000000000000000220","material for BDC"
"000000000000000221","unbw testing mat"
"000000000000000222","material for BDC"
"000000000000000223","material for BDC"
"000000000000000224","material for BDC"
"000000000000000225","material for BDC"
"000000000000000226","material for BDC"
"000000000000000227","material for BDC"
"000000000000000228","material for BDC"
"000000000000000229","material for BDC"
"000000000000000230","material for BDC"
"000000000000000231","material for BDC"
"000000000000000232","material for BDC"
"000000000000000233","material for BDC"
"000000000000000234","material for BDC"
"000000000000000241","material for BDC"
"000000000000000242","material for BDC"
"000000000000000243","material for BDC"
"000000000000000244","material for BDC"
"000000000000000245","material for BDC"
"000000000000000246","material for BDC"
"000000000000000247","material for BDC"
"000000000000000248","material for BDC"
"000000000000000249","material for BDC"
"000000000000000250","material for BDC"
"000000000000000251","material for BDC"
"000000000000000252","material for BDC"
"000000000000000253","material for BDC"
"000000000000000254","material for BDC"
"000000000000000255","material for BDC"
"000000000000000256","material for BDC"
"000000000000000257","material for BDC"
"000000000000000258","material for BDC"
"000000000000000259","material for BDC"
"000000000000000260","material for BDC"
"000000000000000261","Test"
"000000000000000262","tEST rm"
"000000000000000263","material for BDC"
"000000000000000264","material for BDC"
"000000000000000265","material for BDC"
"000000000000000266","material for BDC"
"000000000000000267","material for BDC"
"000000000000000268","material for BDC"
"000000000000000269","material for BDC"
"000000000000000270","material for BDC"
"000000000000000271","material for BDC"
"000000000000000272","material for BDC"
"000000000000000273","material for BDC"
"000000000000000274","material for BDC"
"000000000000000275","material for BDC"
"000000000000000276","material for BDC"
"000000000000000277","material for BDC"
"000000000000000278","material for BDC"
"000000000000000279","material for BDC"
"000000000000000280","material for BDC"
"000000000000000281","material for BDC"
"000000000000000282","Engine Blade"
"000000000000000283","material for BDC"
"000000000000000284","material for BDC"
"000000000000000285","material for BDC"
"000000000000000286","material for BDC"
"000000000000000287","material for BDC"
"000000000000000288","material for BDC"
"000000000000000289","material for BDC"
"000000000000000290","material for BDC"
"000000000000000291","material for BDC"
"000000000000000292","Test LSMW"
"000000000000000293","material for BDC"
"000000000000000294","material for BDC"
"000000000000000295","material for BDC"
"000000000000000296","material for BDC"
"000000000000000297","material for BDC"
"000000000000000298","material for BDC"
"000000000000000299","material for BDC"
"000000000000000300","material for BDC"
"000000000000000301","material for BDC"
"000000000000000302","Finished Product"
"000000000000000303","material for BDC"
"000000000000000304","material for BDC"
"000000000000000305","material for BDC"
"000000000000000306","material for BDC"
"000000000000000307","material for BDC"
"000000000000000308","material for BDC"
"000000000000000309","material for BDC"
"000000000000000310","material for BDC"
"000000000000000311","material for BDC"
"000000000000000312","material for BDC"
"000000000000000313","material for BDC"
"000000000000000314","material for BDC"
"000000000000000315","material for BDC"
"000000000000000316","material for BDC"
"000000000000000317","material for BDC"
"000000000000000318","material for BDC"
"000000000000000319","material for BDC"
"000000000000000320","material for BDC"
"000000000000000321","material for BDC"
"000000000000000322","material for BDC"
"000000000000000323","material for BDC"
"000000000000000324","material for BDC"
"000000000000000325","material for BDC"
"000000000000000327","material for BDC"
"000000000000000328","material for BDC"
"000000000000000329","material for BDC"
"000000000000000330","material for BDC"
"000000000000000331","material for BDC"
"000000000000000332","material for BDC"
"000000000000000333","material for BDC"
"000000000000000334","material for BDC"
"000000000000000335","material for BDC"
"000000000000000336","material for BDC"
"000000000000000337","material for BDC"
"000000000000000338","material for BDC"
"000000000000000339","material for BDC"
"000000000000000340","material for BDC"
"000000000000000354","'ar Tier"
"000000000000000355","John Wayne (jwayne)"
"000000000000000358","Material for bapi"
"000000000000000361","material for BDC"
"000000000000000362","material for BDC"
"000000000000000363","material for BDC"
"000000000000000364","material for BDC"
"000000000000000365","material for BDC"
"000000000000000366","material for BDC"
"000000000000000367","material for BDC"
"000000000000000376","New Dicor Engine  02"
"000000000000000387","ytgfrdesa"
"000000000000000402","raw material 1"
"000000000000000403","raw material 2"
"000000000000000405","semi finished material"
"000000000000000406","raw material 3"
"000000000000000407","finished goods 1"
"000000000000000409","raw material 4"
"000000000000000411","LCA Tejas"
"000000000000000412","LCA Engine"
"000000000000000413","LCA Body"
"000000000000000414","LCA Fan"
"000000000000000416","LCA Engine Piston"
"000000000000000417","LCA Engine Piston Rings"
"000000000000000422","LCA Fan 200"
"000000000000000424","hhh"
"000000000000000425","hh"
"000000000000000426","material for BDC"
"000000000000000427","material for BDC"
"000000000000000428","material for BDC"
"000000000000000429","material for BDC"
"000000000000000430","material for BDC"
"000000000000000431","material for BDC"
"000000000000000432","raw"
"000000000000000433","raw1"
"000000000000000434","John Wayne (jwayne)"
"000000000000000435","material for BDC"
"000000000000000436","material for BDC"
"000000000000000437","material for BDC"
"000000000000000438","material for BDC"
"000000000000000439","material for BDC"
"000000000000000440","material for BDC"
"000000000000000441","raw"
"000000000000000442","material for BDC"
"000000000000000443","material for BDC"
"000000000000000444","John Wayne (jwayne)"
"000000000000000445","material for BDC"
"000000000000000446","material for BDC"
"000000000000000447","material for BDC"
"000000000000000448","material for BDC"
"000000000000000449","material for BDC"
"000000000000000450","material for BDC"
"000000000000000451","material for BDC"
"000000000000000463","fert"
"000000000000000464","ROH"
"000000000000000465","ROH1"
"000000000000000468","LCA Design formula"
"000000000000000470","AKHH"
"000000000000000471","AKh1"
"000000000000000472","AKh2"
"000000000000000481","raw mat"
"000000000000000482","Alloy Wheel Assembly"
"000000000000000483","Steel Wheel Assembly"
"000000000000000485","150cc Engine Assy"
"000000000000000486","150cc Engine Assy"
"000000000000000492","Pen Pencil"
"000000000000000493","Pen Pencil Grip"
"000000000000000494","Pen Pencil Cap"
"000000000000000513","R1T MTS"
"000000000000000514","R1T MTO"
"000000000000000517","Test ROH Material"
"000000000000000518","test SFG material"
"000000000000000520","test SFG material - ROH"
"000000000000000521","raw maerial"
"000000000000000531","raw maerial"
"000000000000000532","semi finished"
"000000000000000533","finished"
"000000000000000535","R1T Adventure"
"000000000000000537","RAW MATERIAL 01"
"000000000000000538","FINISHED GOODS"
"000000000000000539","RAW MATERIAL 01"
"000000000000000540","FINISHED GOODS"
"000000000000000541","RAW MATERIAL 01"
"000000000000000542","R-Test Material"
"000000000000000543","FINISHED GOODS"
"000000000000000544","RAW MATERIAL 01"
"000000000000000546","FINISHED GOODS"
"000000000000000548","RAW MATERIAL 01"
"000000000000000550","R1T New"
"000000000000000552","RAW MATERIAL 01"
"000000000000000554","FINISHED GOODS"
"000000000000000562","ROH for EWM Testing"
"000000000000000563","RAW MATERIAL 01"
"000000000000000564","FINISHED GOODS"
"000000000000000566","RAW MATERIAL 01"
"000000000000000567","FINISHED GOODS"
"000000000000000573","RAW MATERIAL 01"
"000000000000000574","RAW MATERIAL 01"
"000000000000000575","FINISHED GOODS"
"000000000000000577","John Wayne (jwayne)"
"000000000000000586","John Wayne (jwayne)"
"000000000000000587","John Wayne (jwayne)"
"000000000000000588","John Wayne (jwayne)"
"000000000000000589","John Wayne (jwayne)"
"000000000000000590","DECS01"
"000000000000000591","desc01"
"000000000000000592","desc01"
"000000000000000593","desc01"
"000000000000000594","TEST MATERIAL iJLR"
"000000000000000599","0aluation test 1"
"000000000000000601","DEC00"
"000000000000000602","DEC00"
"000000000000000603","DC"
"000000000000000604","GT"
"000000000000000605","DESC01KG"
"000000000000000606","DESC02KG"
"000000000000000607","DESC01 KG"
"000000000000000608","DESC02 KG"
"000000000000000609","DESC01 KG"
"000000000000000610","DESC02 KG"
"000000000000000611","DES03"
"000000000000000612","FF"
"000000000000000613","G"
"000000000000000614","G"
"000000000000000615","ER"
"000000000000000616","DEC00"
"000000000000000617","DESC02 KG"
"000000000000000618","G"
"000000000000000619","DESC01KG"
"000000000000000620","DESC02KG"
"000000000000000621","da"
"000000000000000622","fg"
"000000000000000623","descdesc"
"000000000000000624","descdesc"
"000000000000000625","DES03"
"000000000000000626","DESC02KG"
"000000000000000627","g"
"000000000000000628","H"
"000000000000000629","G"
"000000000000000630","G"
"000000000000000631","G"
"000000000000000632","G"
"000000000000000633","G"
"000000000000000634","H"
"000000000000000635","G"
"000000000000000636","GT"
"000000000000000637","g"
"000000000000000640","RAW MATERIAL 01"
"000000000000000641","h"
"000000000000000642","g"
"000000000000000643","DESC1"
"000000000000000644","DESC1"
"000000000000000645","DESC1"
"000000000000000646","DESC2"
"000000000000000647","DESC1"
"000000000000000648","DESC2"
"000000000000000649","DESC1"
"000000000000000650","DESC2"
"000000000000000651","DESC1"
"000000000000000652","DESC2"
"000000000000000653","DESC01 KG"
"000000000000000654","DESC02 KG"
"000000000000000655","F"
"000000000000000656","K"
"000000000000000657","J"
"000000000000000658","DEC01"
"000000000000000659","DEC02"
"000000000000000660","DEC01"
"000000000000000661","DEC02"
"000000000000000662","DEC01"
"000000000000000663","DEC02"
"000000000000000664","F"
"000000000000000665","DESC01"
"000000000000000666","DESC02"
"000000000000000668","DESC2"
"000000000000000669","DESC2"
"000000000000000671","DESC1"
"000000000000000672","DESC2"
"000000000000000673","DESC"
"000000000000000674","DESC1"
"000000000000000675","DESC2"
"000000000000000676","DESC1"
"000000000000000677","DESC2"
"000000000000000678","DESC1"
"000000000000000679","DESC2"
"000000000000000680","DESC1"
"000000000000000681","DESC2"
"000000000000000684","DESC1"
"000000000000000685","DESC2"
"000000000000000686","DESC1"
"000000000000000687","DESC2"
"000000000000000688","sd"
"000000000000000689","dsc"
"000000000000000690","DESC2"
"000000000000000691","desc"
"000000000000000692","desc"
"000000000000000693","eeeee"
"000000000000000695","eeeee"
"000000000000000696","eeeee"
"000000000000000697","eeeee"
"000000000000000698","eeeee"
"000000000000000699","TEST Material"
"000000000000000700","desc090"
"000000000000000701","DESC"
"000000000000000702","John Wayne (jwayne)"
"000000000000000703","Heated, Automatic Rear View Mirror"
"000000000000000704","Heated, Rear View Mirror"
"000000000000000705","Rear View Mirror"
"000000000000000706","RAW MATERIAL 01"
"000000000000000707","RAW MATERIAL 01"
"000000000000000709","RAW MATERIAL 01"
"000000000000000711","T	DESC01	KG"
"000000000000000712","D090"
"000000000000000713","D789"
"000000000000000714","DESCRIPTION"
"000000000000000715","COUP"
"000000000000000716","DESCRIPTION"
"000000000000000717","DSDS"
"000000000000000718","TYTY"
"000000000000000719","MCA Tejas 2"
"000000000000000720","MCA Tejas 2 Engine"
"000000000000000721","DSDS"
"000000000000000722","TYTY"
"000000000000000723","DSDS"
"000000000000000724","TYTY"
"000000000000000725","DSDS"
"000000000000000726","TYTY"
"000000000000000727","DSDS"
"000000000000000728","TYTY"
"000000000000000729","DSDS"
"000000000000000730","TYTY"
"000000000000000731","DSDS"
"000000000000000732","TYTY"
"000000000000000733","DSDS"
"000000000000000734","TYTY"
"000000000000000735","DSDS"
"000000000000000736","DSDS"
"000000000000000737","DSDS"
"000000000000000738","DSDS"
"000000000000000739","DSDS"
"000000000000000740","DSDS"
"000000000000000741","DSDS"
"000000000000000742","TYTY"
"000000000000000743","DSDS"
"000000000000000744","TYTY"
"000000000000000745","DSDS"
"000000000000000746","TYTY"
"000000000000000747","DSDS"
"000000000000000748","TYTY"
"000000000000000749","DSDS"
"000000000000000750","TYTY"
"000000000000000751","DSDS"
"000000000000000752","TYTY"
"000000000000000753","DSDS"
"000000000000000754","TYTY"
"000000000000000755","DSDS"
"000000000000000756","TYTY"
"000000000000000757","DSDS"
"000000000000000758","TYTY"
"000000000000000759","DSDS"
"000000000000000760","TYTY"
"000000000000000761","DSDS"
"000000000000000762","TYTY"
"000000000000000763","DSDS"
"000000000000000764","TYTY"
"000000000000000765","DSDS"
"000000000000000766","TYTY"
"000000000000000767","DSDS"
"000000000000000768","TYTY"
"000000000000000769","MCA Tejas 2 Body"
"000000000000000770","DSDS"
"000000000000000771","TYTY"
"000000000000000772","TGTR"
"000000000000000773","DSDS"
"000000000000000774","TYTY"
"000000000000000775","DSDS"
"000000000000000776","TYTY"
"000000000000000777","MCA Tejas 2 Sensors"
"000000000000000778","MCA Tejas 2 rotars"
"000000000000000781","DSDS"
"000000000000000782","TYTY"
"000000000000000783","ghg"
"000000000000000785","Moto E5"
"000000000000000786","Moto E5 Screen"
"000000000000000787","Moto E5 Sensor"
"000000000000000788","Moto E5 Camera"
"000000000000000791","test-material 001"
"000000000000000792","DSDS"
"000000000000000793","TYTY"
"000000000000000794","DSDS"
"000000000000000795","TYTY"
"000000000000000796","DSDS"
"000000000000000797","TYTY"
"000000000000000798","DSDS"
"000000000000000799","TYTY"
"000000000000000800","F"
"000000000000000801","DSDS"
"000000000000000802","TYTY"
"000000000000000803","DSDS"
"000000000000000804","TYTY"
"000000000000000805","DSDS"
"000000000000000806","TYTY"
"000000000000000807","DSDS"
"000000000000000808","TYTY"
"000000000000000809","DSDS"
"000000000000000810","TYTY"
"000000000000000811","test"
"000000000000000812","test-fin material 001"
"000000000000000814","Mobile"
"000000000000000815","Mobile Screen"
"000000000000000816","RAW MATERIAL 01"
"000000000000000820","RAW MATERIAL 01"
"000000000000000821","FINISHED GOODS"
"000000000000000822","RAW MATERIAL 01"
"000000000000000823","RAW MATERIAL 01"
"000000000000000831","RAW MATERIAL 01"
"000000000000000832","RVP Test 100"
"000000000000000833","Testing ROH1"
"000000000000000834","Testing ROH1"
"000000000000000835","RAW MATERIAL 01"
"000000000000000836","RAW MATERIAL 01"
"000000000000000837","FINISHED GOODS"
"000000000000000839","FINISHED GOODS"
"000000000000000840","RAW MATERIAL 01"
"000000000000000841","BODY BLACK B1001"
"000000000000000843","Test ROH Material"
"000000000000000846","RAW MATERIAL 01"
"000000000000000851","Packging material"
"000000000000000852","RAW MATERIAL 01"
"000000000000000853","RAW MATERIAL 01"
"000000000000000854","RAW MATERIAL 01"
"000000000000000855","RAW MATERIAL 01"
"000000000000000856","test ROH batch materia for recurring ins"
"000000000000000857","test ROH batch materia for recurring ins"
"000000000000000860","test ROH batch materia for recurring ins"
"000000000000000862","77267AIA PLC & SCADA System- L3P3"
"000000000000000863","RAW MATERIAL 01"
"000000000000000864","FINISHED GOODS"
"000000000000000865","RAW MATERIAL 01"
"000000000000000866","FINISHED GOODS"
"000000000000000867","RAW MATERIAL 01"
"000000000000000882","material for 882"
"000000000000000885","raw2 material"
"000000000000000886","test"
"000000000000000888","FG PI"
"000000000000000889","ROH1 PI"
"000000000000000890","CP Prototype"
"000000000000000891","Raw Material 01 for ENG01"
"000000000000000892","Raw Material 02 for ENG01"
"000000000000000893","_151-01306"
"000000000000000894","_151-01306"
"000000000000000895","_151-01306"
"000000000000000896","_151-01306"
"000000000000000897","Mining"
"000000000000000898","Raw Material 03 for ENG01"
"000000000000000899","Test"
"000000000000000900","Test"
"000000000000000901","Row material"
"000000000000000902","Test HALB"
"000000000000000921","SOP Test product group"
"000000000000000922","SOP Test MAT1"
"000000000000000923","SOP Test MAT2"
"000000000000000931","TEST for QM practice"
"000000000000000941","Quality Management Test mat."
"000000000000000942","Quality Management Test mat. 2"
"000000000000000943","TEST for QM practice ROH"
"000000000000000945","TEST for QM practice ROH"
"000000000000000952","Quality Management Test mat."
"000000000000000953","Quality Management Test mat."
"000000000000000957","Quality Management Test mat."
"000000000000000959","Quality Management Test mat."
"000000000000000962","Quality Management Test mat."
"000000000000000971","Test Material"
"000000000000000976","TEST REM"
"000000000000000977","TEST REM ROH"
"000000000000000978","TEST REM"
"000000000000000979","TEST REM ROH"
"000000000000000980","Raw Material 01 for 150cc Engine"
"000000000000000992","test2"
"000000000000000993","test3"
"000000000000000994","test2"
"000000000000000995","TEST5"
"000000000000000996","TEST5"
"000000000000000997","TEST5"
"000000000000000998","TEST5"
"000000000000000999","TEST5"
"000000000000001002","Test"
"000000000000001003","Test Raw"
"000000000000001006","Test Semi"
"000000000000001034","Ball Bearing. Part No 1212"
"000000000000001035","Roller Bearing"
"000000000000001037","Sound Assembly"
"000000000000001039","Finish Good testing"
"000000000000001041","Test"
"000000000000001051","Battery_272023AGG"
"000000000000001061","Discrete Manu. Finish Mat TEST"
"000000000000001076","Automatic Washing Machine 1"
"000000000000001077","Automatic Washing Machine 1"
"000000000000001078","Automatic Washing Machine 1"
"000000000000001083","EV sedan"
"000000000000001102","Gold Chain"
"000000000000001111","ddad"
"000000000000001112","sdsds"
"000000000000001121","Test"
"000000000000001123","Test Material"
"000000000000001126","Tekahdbkhsa"
"000000000000001127","Tekahdbkhsa"
"000000000000001129","Tekahdbkhsa"
"000000000000001130","Tekahdbkhsa"
"000000000000001132","Tekahdbkhsa"
"000000000000001133","reascas"
"000000000000001134","Test Material"
"000000000000001135","Tekahdbkhsa"
"000000000000001154","service test material"
"000000000000001158","Test Raw material"
"000000000000001159","Test Raw material"
"000000000000001162","Heavy machinery"
"000000000000001166","Test Material"
"000000000000001168","Test2"
"000000000000001169","Test Material"
"000000000000001171","Test Material Solid"
"000000000000001174","Test Material Solid"
"000000000000001177","Automatic Washing Machine 2"
"000000000000001178","BOLT M06x1.00x16.00 HEX FLANGE BOLT W/ M"
"000000000000001179","BOLT M06x1.00x16.00 HEX FLANGE BOLT W/ M"
"000000000000001194","Part2"
"000000000000001196","Test Material"
"000000000000001198","new material with hope"
"000000000000001201","TEST"
"000000000000001202","New One Computer"
"000000000000001208","Liquid Material"
"000000000000001209","Test Material"
"000000000000001210","Test Material"
"000000000000001212","Test Material"
"000000000000001213","Liquid Material"
"000000000000001214","Liquid Material"
"000000000000001215","New One Computer 1"
"000000000000001218","CEAT material"
"000000000000001500","Computer applications"
"000000000000001501","JSS Material"
"000000000000001504","test for PLM proj-T4C"
"000000000000001505","test for PLM proj-T4C roh"
"000000000000001506","test for PLM proj-T4C fert"
"000000000000001507","SOLAR 10KW ABB"
"000000000000001508","SOLAR 10kw B"
"000000000000001509","SOLAR_10KW ABB"
"000000000000001513","material for BDC"
"000000000000001552","TD-045C1XRW1015G55AZ15 (MTS)"
"000000000000002441","test"
"000000000000002454","test11"
"000000000000002455","test22"
"000000000000002456","test33"
"000000000000003214","TEST-R1 FOR TESTING"
"000000000000003215","TEST-R1 FOR TESTING"
"000000000000003216","TEST-R1 FOR TESTING"
"000000000000011111","Demo material 11111"
"000000000000011194","Part2"
"000000000000015598","ROH 1005"
"000000000000015607","Reiginte Raw Material"
"000000000000015609","ROH 1011"
"000000000000015611","test for PLM proj-T4C roh"
"000000000000015612","test for PLM proj-T4C HALB"
"000000000000015613","test for PLM proj-T4C fert"
"000000000000015615","Reiginte Raw Material"
"000000000000015616","uydyf"
"000000000000015619","regnite raw material"
"000000000000015621","Reiginte Raw Material"
"000000000000015623","Reiginte Finish Material 15623"
"000000000000015624","Reiginte fg material"
"000000000000015629","Reiginte Raw Material"
"000000000000015632","Reignite Finish Material"
"000000000000015635","Reignite Semifinished Mat"
"000000000000015636","Reiginte fg material"
"000000000000015637","Reiginte fg material"
"000000000000015638","Reignite Semifinished Mat"
"000000000000015639","Test for P2P cycle"
"000000000000015641","Reignite Semifinished Mat"
"000000000000015644","test for asset process"
"000000000000015646","TESTING MATERIAL"
"000000000000015647","Reignite Semifinished Mat"
"000000000000015652","Test For batch"
"000000000000015653","TestSR"
"000000000000015656","Semifinished Material"
"000000000000015657","Transmission assembly"
"000000000000015659","Test Material"
"000000000000015671","Steel rods"
"000000000000015674","Reignite raw materials"
"000000000000015675","PACKAGING MATERILAS"
"000000000000015676","PACKAGING MATERILAS"
"000000000000015681","Test Sort"
"000000000000015682","Test Sort"
"000000000000015683","Test Sort"
"000000000000015705","Computer Laptop Dell"
"000000000000015706","LCD Screen 15inch"
"000000000000015707","Plastic Raw Material"
"000000000000015708","Office Chair Black"
"000000000000015709","Chair Armrest"
"000000000000015710","Computer Laptop Dell"
"000000000000015711","LCD Screen 15inch"
"000000000000015712","Plastic Raw Material"
"000000000000015713","Office Chair Black"
"000000000000015714","Chair Armrest"
"000000000000015716","Monitor"
"000000000000015718","Computer Laptop Dell"
"000000000000015719","LCD Screen 15inch"
"000000000000015720","Plastic Raw Material"
"000000000000015721","Office Chair Black"
"000000000000015722","Chair Armrest"
"000000000000015725","Computer Laptop Dell"
"000000000000015726","LCD Screen 15inch"
"000000000000015727","Plastic Raw Material"
"000000000000015728","Office Chair Black"
"000000000000015729","Chair Armrest"
"000000000000015730","MAT1060 - TEST MATERIAL 1"
"000000000000015731","MAT1061 - ELECTRICAL COMPONENT"
"000000000000015735","MAT1013"
"000000000000015736","MAT1014"
"000000000000015738","MAT1016"
"000000000000015739","MAT1017"
"000000000000015742","MAT1013"
"000000000000015743","MAT1014"
"000000000000015745","MAT1016"
"000000000000015746","MAT1017"
"000000000000015755","material_02"
"000000000000015774","Blue Color Body"
"000000000000015781","BRKT A-BATTERY"
"000000000000111194","Part2"
"000000000001200000","ROH  material creation for 1005"
"000000000010000001","sinter fines (WET)"
"000000000010000002","super fines (DRY)"
"000000000010000003","Super fines"
"000000000010000004","Lumps"
"000000000020000001","DRY plant ore"
"000000000020000002","Wet plant ore"
"000000000020000003","oversize"
"000000000030000001","Waste (Scrap)"
"000000000030000002","explosives"
"000000000123456789","sample material"
"000000053987650001","test material"
"000000100000000001","Finished Product A"
"000000100000000002","Raw Material B"
"000000100000000003","Raw Material B"
"000000100000000004","Raw Material B"
"000000100000000005","Raw Material B"
"000000100000000006","Raw Material B"
"000000100000000007","Raw Material B"
"000000100000000008","Raw Material B"
"000000100000000009","Raw Material B"
"000000100000000010","Raw Material B"
"000000100000000011","Raw Material B"
"000000100000000012","Raw Material B"
"000000100000000013","Raw Material B"
"000000100000000014","Raw Material B"
"000000100000000015","Raw Material B"
"000000100000000016","Raw Material B"
"000000100000000017","Raw Material B"
"000000100000000018","Raw Material B"
"000000100000000021","Raw Material B"
"000000100000000022","Raw Material B"
"000000142600063003","John Wayne (jwayne)"
"000000283404201231","MYTEST"
"000000283404201232","MYTEST"
"000000283432678001","Petrol Engine Assy"
"000000283432678002","Diesel Engine Assy"
"000000283432678003","Alloy Wheel Assembly"
"000000283432678004","Steel Wheel Assembly"
"000000283432678005","Petrol Engine Assy part1"
"000000283432678006","Petrol Engine Assy part2"
"000000283432678007","Diesel Engine Assy part1 updated"
"000000283432678008","Diesel Engine Assy part2"
"000000283432678009","Alloy Wheel Assembly Part1"
"000000283432678010","Alloy Wheel Assembly Part2"
"000000283432678011","Steel Wheel Assembly Part1"
"000000283432678012","Steel Wheel Assembly Part2"
"000000283432688001","chassis part1"
"000000283432688002","chassis part2"
"000000283432688003","chassis part3"
"000000283432688004","chassis part4"
"000000283432688005","chassis part5"
"000000283432688006","chassis part6"
"000000283432688007","chassis part7"
"000000283432688008","chassis part8"
"000000283432699001","chassis Assy1"
"000000283432699002","chassis Assy2"
"000000283432699003","chassis Assy3"
"000000312636347001","New Dicor Engine"
"000000312636347002","Engine"
"000000312636347003","Deluxe Model"
"000000312636347004","Standard  Model"
"000000312636347005","Body type1"
"000000312636347006","Body type2"
"000000312636347007","Sub Assy R3"
"000000312636347008","Sub Assy Componenet R3"
"000000312636387001","pady_engine1"
"000000312636387002","pady_engine2"
"000000312636387003","pady_ac1"
"000000312636387004","pady_ac2"
"000001012604560333","SZF MKL MEM MASS.FS RL 68267766"
"000001012604560334","SZF MKL MEM MASS.FS RL 68267766"
"000001014122012000","BODY BLACK B1001"
"000001014122012001","ROH for EWM Testing"
"000001014122012003","ROH for EWM Testing 1"
"000002040062790000","POLYETHYLENE BAG"
"000002047342676601","GREEN HOLE"
"000002047342680000","FIXED DX CONTACT"
"000002054969000811","SZF MKL MEM MASS.FS RL 68267766"
"000002054969000812","SZF MKL MEM MASS.FS RL 68267766"
"000002054969000813","SZF MKL MEM MASS.FS RL 68267766"
"000002054969000814","SZF MKL MEM MASS.FS RL 68267766"
"000002054969000815","SZF MKL MEM MASS.FS RL 68267766"
"000002054969000816","SZF MKL MEM MASS.FS RL 68267766"
"000002056653071100","SOUND ASSEMBLY"
"000002834042012344","MYTEST"
"000002834426301234","Componenet Item1"
"000002834426301235","Componenet Item2"
"000002834426301236","Assembly Item1"
"000002834426301237","Assembly Item2"
"000002834426301238","Componenet Item3"
"000002834426301239","Componenet Item4"
"000003047353250003","bmw car"
"000003054969000810","SZF MKL MEM MASS.FS RL 68267766"
"000003054969000811","SZF MKL MEM MASS.FS RL 68267766"
"000003054969000812","SZF MKL MEM MASS.FS RL 68267766"
"000003054969000813","SZF MKL MEM MASS.FS RL 68267766"
"000003054969000814","SZF MKL MEM MASS.FS RL 68267766"
"000011_A","System-1"
"000012_A","New"
"000013_A","System-1"
"000014_A","System-1"
"000034_A","New"
"000037_A","Program"
"000038_A","System-1"
"000038_B","System-1"
"000312636347008001","Dicor engine Part1"
"000312636347008002","Dicor engine Part2"
"00034_A","infodba"
"00035_B","infodba"
"00038_A","infodba"
"001150010200000120","infodba"
"073-0476-100","BOBBIN"
"0730-1A-1201-S-LF","FG Relay"
"100000000000000000","Ziegler-Natta catalysts"
"100000000000000001","Monomer Hydrogen"
"1011604580000_1","C. ANTERIORE SX 520   (R)"
"10BR0140025A-HANA1","NASTRO CUSN6 14X0,25 H180-ierp"
"10BR0140025A-IERP","NASTRO CUSN6 14X0,25 H180-ierp"
"10BR0140025A-JUL","NASTRO CUSN6 14X0,25 H180"
"10BR0140025A-M","Test Demo-020323"
"10BR0140025A-SAM","NASTRO CUSN6 14X0,25 H180"
"10BR0140025A1","NASTRO CUSN6 14X0,25 H180"
"10GRRHE036102","test material312"
"10GRRHE0361023","test material313"
"1150-0102_A.1","t"
"11500102-00000021","Test"
"11500102-00000062","Test"
"11500102-00000064","Test"
"11500102-00000120","Test"
"11500102-00000123","test"
"11500102-00000193","Test"
"11500102-00000234","Test"
"11500102-00000237","Test"
"11500102-00000256","Test"
"11500102-00000259","Test"
"11500102-00000260","Test"
"11500102-00000262","Test"
"11500102-00000264","Test"
"11500102_A.1","t"
"1200CC_ENGINE","1200 cc engine type"
"1234B","abcd"
"1500CC_ENGINE","1500cc engine type"
"150CC_ENG","150 cc Engine"
"150_ENGINE","150 cc Engine for J_KMAT"
"150_RAW01","Raw Material 01 for 150cc Engine"
"150_RAW02","Raw Material 02 for 150cc Engine"
"150_RAW03","Raw Material 03 for 150cc Engine"
"17700SEL T011M1","PIPE COMP,FUEL FEED"
"17700SELT011M1","PIPE COMP,FUEL FEED"
"17700SELT011M2","PIPE COMP,FUEL FEED"
"17700SELT011M4","Lotus Training Material"
"1A067PS02602FG","GEAR BOX_MOUNT BKT-D_BATCH"
"1A067PS02602FG1","FONDELLO VERDE   <R>-<S>"
"1A067PS090302FG","Vehicle Final Assembly"
"1A067PS0903SFG","Vehicle Semil Assembly"
"1A067PS0904SFG","Vehicle Semil Assembly 2"
"1A067TESTECN","TEST123_new"
"1A067TESTECN01","GEAR BOX_MOUNT BKT-D_BATCH"
"1A06S0260ROH","CRANK_MOUNT BKT-D_BATCH"
"1A06S0260ROH1","CRANK_MOUNT BKT-D_BATCH"
"1A0830FG001","CORPO SOVRASTAMPATO PIATTO"
"1A0830ROH001","Stearing Mechanisum Assembly PS"
"1A0FG23001","NEXON_VEHICLE"
"1A0FG23004B","Blue Color Body"
"1A0FG23004G","Green Color Body"
"1A0FG23004R","Red Color BODY"
"1A0FG23004T","FF MAT for VMS"
"1A0FG23004_1200CC","1200CC Engine"
"1A0FG23004_1500CC","1500CC Engine"
"1A0FG23004_1600CC","1600CC Engine"
"1A0FG23004_CEAT","CEAT TYRES"
"1A0FG23004_MRF","MRF TYRES"
"1A0FG23004_TVS","TVS TYRES"
"1A0RH23001","RED COLOR"
"1A0RH23002","BLUE COLOR"
"1A0RH23003","GREEN"
"1A0RH23004","ENGINE 1200CC"
"1A0RH23005","ENGINE 1500CC"
"1A0RH23006","ENGINE 1600CC"
"1A0RH23007","MRF"
"1A0RH23008","CEAT"
"1A0RH23009","TVS TYRES"
"1AFG0001","FG_Batch"
"1AFG0002","FG_Batch_123"
"1AROH0001","ROH_Batch"
"1ROH0002","ROH_Batch"
"1ROH0003","Test"
"2000CC_ENGINE","2000cc engine type"
"200CC_ENG","200 cc Engine"
"200_ENGINE","200 cc Engine for J_KMAT"
"200_RAW01","Raw Material 01 for 200cc Engine"
"200_RAW02","Raw Material 02 for 200cc Engine"
"200_RAW03","Raw Material 03 for 200cc Engine"
"20400511HD01","Testing material for eWM"
"2056653071100MTO","GROUND ASSEMBLY"
"20974742000R","Premium Hyper Connected Electric Car"
"20974742000R_OXI","Lotus Car - Evora"
"28340420000R1","Body Right"
"28340420123R","MYTEST"
"28340420345R","Corpo"
"28340420ASY","Assembly Material"
"28340420COMP1","Componenet Material 1"
"28340420COMP2","Componenet Material 2"
"283432678007   BLK","chassis part7 colored Black"
"283432678007   WHT","chassis part7 colored white"
"283432678008   BLK","chassis part8 colored black"
"283432678008   WHT","chassis part8 colored white"
"2B18122017C1","Assembly Item2"
"2B18122017C2","Assembly Item2"
"2_MOTOR_AWD","2 Motor_AWD"
"300000001_IDOC","BODY BLACK B1001 FG - IDOC"
"300000001_IDOC3","BODY BLACK B1001 FG - IDOC3"
"300000001_IDOC4","BODY BLACK B1001 BSS - IDOC4"
"312636347005   BLU","312636347005_BLUE"
"312636347005   RED","312636347005_RED"
"312636347005BLU","312636347005_Blue"
"312636347005RED","312636347005_Red"
"312636347006   BLU","312636347006_BLUE"
"312636347006   RED","312636347006_RED"
"312636347006BLU","312636347006_Blue"
"312636347006RED","312636347006_Red"
"31263634700A1","31263634700A1"
"31263634700A2","31263634700A2"
"31263634700A3","31263634700A3"
"35A","infodba (infodba)"
"3_MOTOR_AWD","3 Motor_AWD"
"400000000000000000","Polypropylene"
"4B18122017F","Test"
"53818471-00016624","infodba"
"53818471-00016625","infodba"
"54455424000R3612","31263634700A3"
"5B18122017F","Assembly Item2"
"643C","VIM Packaging Material"
"71000198-01","Par4rft2"
"765-0100-30GF","NYLON 66 30%GF COLOUR NATURAL"
"769-0100-30GF","RUNNER OF NYLON 66 30%GF NATUR"
"76A-0100-30GF","NYLON 66 30%GF RE-EXTRUDED"
"A-0000185-01","wewqewqe"
"A-0000186-01","test part to fgdfg"
"A00","Finished MAT"
"A00001900013","C104501220SUFSHGXRWG550AZ150B-AU"
"A00001900014","r1"
"A00001900015","C104501220SKBSHGXRWG550AZ150B-AU"
"A00001900016","C104501220SUFSHGXRWG550AZ150B-AU"
"A00001900017","C104501220HELSHGXRWG550AZ150B-AU"
"A00001900018","C104501220PAESHGXRWG550AZ150B-AU"
"A00001900019","C104501220TBASHGXRWG550AZ150B-AU"
"A00001900020","C104501220SUFSHGXRWG550AZ150B-AU"
"A00001900021","C104501220SUFSHGXRWG550AZ150B-AU"
"A00001900041","C104501220AQBSHGXRWG550AZ150B-AU"
"A0003107505","TESTING MATERIAL FOR RIVIAN"
"A01","raw mat"
"A02","raw mat"
"A03","convert"
"A1","Material1 Description"
"A1200","For beverages"
"A120_21","TEST1"
"A1GAA","Fixed Roof"
"A1GAP","Glass Panoramic Roof"
"A1_TSAL","Finished Assembly A"
"A1_TSAL_1","Finished Assembly A"
"A2_TSAL","Finished Assembly A2"
"A2_TSAL_1","Finished Assembly A2"
"A3_TSAL","Finished Assembly A3"
"A71900091","Par4rft2"
"A71900092","Part2"
"A71900093","Part2"
"A71900094","Part2"
"A71900095","Par4rft2"
"A9999","RAW METAL"
"ABC","ABC DATA"
"ABC-TEST","Test ABC"
"ABCD1","Test Data"
"ABCD2","Test Data"
"ACTIVA","ACTIVA"
"ACTIVA_150","ACTIVA 150"
"ACTIVA_150CC","ACTIVA 150CC"
"ACTIVA_150_BLK","ACTIVA 150 BLACK COLOR"
"ACTIVA_150_ENG","ACTIVA 150CC ENGINE"
"ACTIVA_150_RED","ACTIVA 150 RED COLOR"
"ACTIVA_150_SILVER","ACTIVA 150 SILVER COLOR"
"ACTIVA_220","ACTIVA 220"
"ACTIVA_220CC","ACTIVA 220CC"
"ACTIVA_220_ENG","ACTIVA 220CC ENGINE"
"ACTIVA_BATTERY_ROH","ACTIVA_BATTERY_ROH"
"ACTIVA_BLK","ACTIVA BLACK COLOR"
"ACTIVA_DELUXE","ACTIVA DELUXE"
"ACTIVA_ENG","ACTIVA ENGINE"
"ACTIVA_RED","ACTIVA RED COLOR"
"ACTIVA_SEAT_BENCH","ACTIVA SEAT TYPE BENCH"
"ACTIVA_SEAT_BUCKET","ACTIVA SEAT TYPE BUCKET"
"ACTIVA_SILVER","ACTIVA SILVER COLOR"
"ACTIVA_STANDARD","ACTIVA STANDARD"
"AH_AI001","ENG_AH_AI001"
"AH_AI002","ENG_AH_AI002"
"AJ_0602018_1","test1234gfhfjhg"
"AKHILI MEDICALS","Pharmacetucals"
"ALLOY_WHEEL","ALLOY WHEEL"
"ALLOY_WHEELS","ALLOY_wheels"
"ALTERNATOR","Alternator – 100 KVA"
"ALUMINIUM WHEEL","Aluminium Wheel for Car HS"
"ALUMINUM_WHEEL_20","20 Inch ALUMINUM_WHEEL"
"ALUMINUM_WHEEL_22","22 Inch ALUMINUM_WHEEL"
"ALU_SG","aluminium wheel"
"AMUL_500ML","Amul 500"
"APPLE_1","APPLE 1"
"ARDS3003510","470 Tata Pick UP (AUto Component RDS)"
"ARDS3003550","470 Tata Pick UP (AUto Component REP)"
"ARDS3003551","470 Tata Pick UP (AUto Component REP)"
"ARDS3003552","470 Tata Pick UP (AUto Component REP)"
"ASDCVFGH","sdcscs"
"ASSEMBLY 1","Assembly 1 - Gearbox"
"ASSEMBLY_HEADER001","Assembly 001"
"ASSY1","ASSY1"
"ASSY2","ASSY2"
"ASSY3","ASSY3"
"ASSY4","ASSY4"
"ASSY5","ASSY5"
"ASSY6","ASSY6"
"ASSY7","ASSY7"
"ASSY8","ASSY8"
"ASSY_RAW_01","Raw Material 01 for AG001"
"ASSY_RAW_02","Raw Material 02 for AG001"
"ASY1","Transaxle"
"ASY2","Body Interior"
"ASY21","Dash Board"
"ASY22","Seat Assy"
"ASY221","HANDLE"
"ASY222","Red Seat Cover 1"
"ASY223","Red Seat Cover 2"
"ASY224","White Seat Cover"
"ASY225","Green Seat Cover"
"ASY226","Black Seat Cover 1"
"ASY227","Black Seat Cover 2"
"ASY3","Electrical System"
"ASY31","Head Lamp"
"ASY32","Music System"
"ASY321","Speaker"
"ASY3211","SONY SPEAKERS"
"ASY32111","S1"
"ASY32112","S2"
"ASY3212","HARMAN SPEAKERS"
"ASY32121","H1"
"ASY32122","H2"
"ASY32123","H3"
"ASY32124","H4"
"ASY3213","S3"
"ASY3214","S4"
"ASY3215","S5"
"ASY3216","S6"
"ASY4","ENGINE"
"ASY41","Engine_1200CC"
"ASY411","Engine Component 1"
"ASY412","Engine Component 2"
"ASY42","Engine_1500CC"
"AT1213324","gdfgxfg"
"AV1","TEST"
"B-0000104-01","cvxzcvc sdf sdf fgdfgdfgdfg"
"B-0000105-01","vdfgdfgdfgdfgdfgfg chfghfghf"
"B-0000106-01","testttttttt"
"B00001900015","ENGINE"
"B00001900016","Chassy"
"B00001900031","ENGINE (HALB)"
"B1_TSAL","Higher Assembly B1"
"B1_TSAL_1","Higher Assembly B1"
"B2_TSAL","Higher Assembly B2"
"B2_TSAL_1","Higher Assembly B2"
"BATTERY SG","Battery for CARSG"
"BATTERY_CAR_HS","Battery for CAR HS"
"BATTERY_PACK","BATTERY_PACK"
"BATTER_12V","Battery 12V DC"
"BCKT_SEAT","Bucket Seat Type"
"BEDSHEET","Double bed"
"BENCH","Bench Seat Type for P_01"
"BENCHP","Bench Seat Type for Pulsar"
"BENCH_SEAT","Bench Seat Type for Product_FERT_KMAT"
"BIGBOX","Packaging Material for HANA"
"BIGBOX1","Packaging Material for HANA"
"BIKE_1","Bike 1"
"BIW01","Body-In-White 01"
"BIW02","Body-In-White 01"
"BIW_MATERIAL","BODY IN WHITE MATERIAL DETAILS"
"BLACK","COLOR FOR CAR"
"BLACK COLOR PAINT","RAW MATERIAL BLACK COLOR PAINT"
"BLACKP","BLACK COLOR FOR PULSAR"
"BLK_CLR","Black color"
"BLUE","ford blue"
"BLUEC","BLUE COLOR FOR CAR"
"BLUE_COLOR","Blue color for Product_FERT_KMAT"
"BNCH_SEAT","Bench Seat Type"
"BREAK","CAR BREAKS"
"BUCKET","Bucket Seat Type for P_01"
"BUCKETP","Bucket Seat Type for Pulsar"
"BUCKET_SEAT","Bucket Seat Type for Product_FERT_KMAT"
"BULK_1","HEX FL BOLT M6X20 TS17130-8.8-SS8451S2-Y"
"C-0000100-01","test 213445345 GFHFGHFGHF"
"C-0000101-01","fdxfgszfgdsg gxdfgfgg"
"C-0000102-01","test test"
"C00001900001","Auto components 01"
"C00001900001_WM1","Auto components 01 -WM"
"C00001900001_WM2","Auto components 01 -WM"
"C00001900002","Auto components 02"
"C00001900003","Raw Mat1"
"C00001900004","Raw Mat2"
"C00001900022","Raw Mat3"
"C1","Component"
"C1_TSAL","Higher Assembly C1"
"C1_TSAL_1","Higher Assembly C1"
"C2","component"
"C2_TSAL","Higher Assembly C2"
"C2_TSAL_1","Higher Assembly C2"
"CAP","glass cap"
"CAR","Formula 02 Car"
"CAR CONFIG","CAR BOM CONFIG"
"CAR1","Car Description"
"CAR11","Car 11"
"CARSG","CAR SG2000"
"CARSG VAR 1","CARSG Variant 1"
"CAR_1200","CAR 1200"
"CAR_1200 CC ENG","CAR 1200 CC ENGINE"
"CAR_1200_WHITE","CAR 1200 CC WHITE COLOR"
"CAR_2000","CAR 2000"
"CAR_2000 CC ENG","CAR 1200 CC ENGINE"
"CAR_BATTERY","BATTERY FOR CAR"
"CAR_FG1","CAR Finish Material"
"CAR_MATERIAL","CAR MATERIAL DETAILS"
"CAR_MATERIAL NEW","Car Material details"
"CAR_PISTON 1200 CC","CAR PISTON 1200 CC ENGINE"
"CAR_PISTON 2000 CC","CAR PISTON 2000 CC ENGINE"
"CAR_TEST","Test Car"
"CB-ALU-6060","Cylinder Block 2.0L – Machined FG"
"CB-ALU-6061","Aluminum Casting – Cylinder Block (Raw)"
"CB-ASSY-1L","Aluminum Casting – Cylinder Block (Raw)"
"CB-ASSY-2L","Cylinder Block 2.0L – Machined FG"
"CELL_1","Cell type 1"
"CFG_MATERIAL","Standard Configurable Material"
"CHAIN_1","Chain for Bike"
"CHAIN_GROUP_1","Chain Group for Bike"
"CHASSIS_ASG","ASG_Group_SP"
"CHASSIS_ASG_P1","CHASSIS_ASG_P1"
"CHECKING_MAT_01","Checking new Material"
"CHECKING_MAT_02","Checking new Material"
"CHECKING_MAT_03","Checking new Material"
"CHILD PART 1","Child Part 1 - Gear Case"
"CHILD PART 2","Child Part 1 - Gear Set"
"CJDAQ","Body Colour Roof"
"CJDAQ      -AA0NER","Fuji White Color Roof"
"CJDAQ      -AA0PEC","CJDAQ"
"CJDAQ      -AA8CAH","Firenze Red Color Roof"
"CJDAQ      -AA8PAB","Santorini Black Color Roof"
"CJDAS","Narvik Black-Black Contrast Roof"
"CJDAS      -AA0NER","CJDAS"
"CJDAS      -AA0PEC","Narvik Black Constract Color Roof"
"CJDAS      -AA8CAH","CJDAS"
"CJDAS      -AA8PAB","CJDAS"
"COLLECTOR HALB","HALB"
"COLLECTOR ROH 1","ROH"
"COM001","Computer 001"
"COM1001","Computer model 2001"
"COM1002","Computer model 2002"
"COM1003","Computer model 2003"
"COM1004","Computer model 2004"
"COM1005","Computer model 2005"
"COM2001","i5 laptop"
"COMP001","Computer model 2001"
"COMP002","Computer model 2001"
"COMP4001","personal computer"
"COMPUTER 1","COMPUTER 1"
"COMPUTER001","Computer 1"
"COMPUTER002","Computer 2"
"COMPUTER003","Computer 3"
"COMPUTER004","Computer 3"
"COMPUTER005","Computer 3"
"COMPUTER006","Computer 006"
"COMPUTER007","Computer 007"
"COMPUTER008","Computer 008"
"COMPUTER009","Computer 009"
"COMPUTER016","Computer 016"
"COMPUTER017","Computer 017"
"COMPUTER018","Computer 018"
"COMPUTER019","Computer 019"
"COMPUTER026","Computer 016"
"COMPUTER027","Computer 017"
"COMPUTER028","Computer 018"
"COMPUTER029","Computer 019"
"COMPUTER036","Computer 016"
"COMPUTER037","Computer 017"
"COMPUTER038","Computer 018"
"COMPUTER039","Computer 019"
"COMPUTER1040","COMPUTER VERSION 1040"
"COMPUTER2001","Computer model 2001"
"COMPUTER_001","Material genr. from recoding for demo"
"COMPUTER_002","Material genr. from recoding for demo"
"COMPUTER_003","Demo mat gen recording"
"COMPUTER_004","Demo mat gen recording"
"COMPUTER_005","Demo mat gen recording"
"COMPUTER_0090","COMPUTER1040 VERSION 2022"
"COMPUTER_0094","COMPUTER1040 VERSION 2022"
"COMPUTER_0095","COMPUTER1040 VERSION 2022"
"COMPUTER_0096","COMPUTER1040 VERSION 2022"
"COMPUTER_00960","computer"
"COMPUTER_1001","COMPUTER1040 VERSION 2022"
"COMPUTER_1002","COMPUTER1040 VERSION 2022"
"COMPUTER_1003","COMPUTER1040 VERSION 2022"
"COMPUTER_1004","COMPUTER1040 VERSION 2022"
"COMPUTER_1010","COMPUTER 1010 VERSION 2022"
"COMPUTER_1020","COMPUTER 1010 VERSION 2022"
"COMPUTER_1030","COMPUTER 1030 VERSION 2022"
"COMPUTER_1040","COMPUTER1040 VERSION 2022"
"COMPUTER_1044","COMPUTER44 VERSION"
"COMPUTER_1050","COMPUTER1050 VERSION 2022"
"COMPUTER_1060","COMPUTER1060 VERSION 2022"
"COMPUTER_1070","COMPUTER1070 VERSION 2022"
"COMPUTER_1080","COMPUTER1080 VERSION 2022"
"COMPUTER_10808","COMPUTER 10808 VERSION 2022"
"COMPUTER_1090","COMPUTER1090 VERSION 2022"
"COMPUTER_1098","COMPUTER1040 VERSION 2022"
"COMPUTER_1101","DES_COMPUTER_1101"
"COMPUTER_1111","COMPUTER1040 VERSION 2022"
"COMPUTER_11111","COMPUTER 11111 VERSION 2022"
"COMPUTER_111111","COMPUTER1111 VERSION"
"COMPUTER_1112","COMPUTER1040 VERSION 2022"
"COMPUTER_1234","COMPUTER1040 VERSION 2022"
"COMPUTER_1235","COMPUTER1040 VERSION 2022"
"COMPUTER_1236","COMPUTER1040 VERSION 2022"
"COMPUTER_1237","COMPUTER1040 VERSION 2022"
"COMPUTER_1277","COMPUTER1040 VERSION 2022"
"COMPUTER_1676","COMPUTER1040 VERSION 2022"
"COMPUTER_1789","COMPUTER1040 VERSION 2022"
"COMPUTER_2002","COMPUTER MODEL01 2002"
"COMPUTER_2003","COMPUTER MODEL01 2002"
"COMPUTER_22","COMPUTER 22 VERSION 2022"
"COMPUTER_234","TEST MATERIAL 234"
"COMPUTER_235","TEST MATERIAL 235"
"COMPUTER_236","TEST MATERIAL 236"
"COMPUTER_33","COMPUTER 33"
"COMPUTER_500","Computer Version"
"COMPUTER_501","Computer Software"
"COMPUTER_502","Computer Software"
"COMPUTER_503","Computer Software"
"COMPUTER_504","Computer Software"
"COMPUTER_505","Computer Software"
"COMPUTER_506","Computer Software"
"COMPUTER_507","Computer Software"
"COMPUTER_508","Computer Software"
"COMPUTER_509","Computer Software"
"COMPUTER_510","COMPUTER VERSION23"
"COMPUTER_513","COMPUTER VERSION23"
"COMPUTER_5457","COMPUTER_5457Model"
"CONS001","Consignment Materials"
"CONSIGNMENT","CONSIGNMENT"
"CONTAINER","Container"
"CONTRACT ITEM","HANA_7 ERSA: Spare Part"
"COOL-EMULSION","Coolant/Emulsion Additive"
"COOLANT","Machining coolant – backflush"
"CORONA867","Cocimiento corona vompo"
"CORONA869","Cocimiento corona"
"CPLA02015AD","Test for planning cal"
"CPU001","Wastage of CPU version 001"
"CPU002","Wastage of CPU version 002"
"CPU003","Wastage of CPU version 003"
"CRANKSHAFT_150","CRANKSHAFT FOR 150CC"
"CRANKSHAFT_220","CRANKSHAFT FOR 220CC"
"CRANK_SHAFT","CAR CRANK_SHAFT"
"CRANK_SHAFT 2","CAR_HS CRANK_SHAFT"
"CRANK_SHAFT 4","CAR_HS CRANK_SHAFT"
"CRANK_SHAFT 6","CAR_HS CRANK_SHAFT"
"CRANK_SHAFT_P","CAR CRANK_SHAFT"
"CS_FERT 1","DDMRP Test Assy."
"CTRL-PANEL","CTRL-PANEL"
"CUSIONC","CUSHION SEAT FOR CAR"
"CV1","Component Variant"
"D-0000101-01","xgfdndmhj dhfghfgh"
"D1_TSAL","Assembly D1"
"D1_TSAL_1","Assembly D1"
"D200_EVQ","D200 AWD AUTOMATIC MHEV - JLR EVOQUE"
"D2_TSAL","Higher Assembly D2"
"D2_TSAL_1","Assembly D1"
"D55176010331302","D55176010331302"
"DDASSY1","DDMRP Test Assy."
"DDASSY2","DDMRP Test Assy."
"DDASSY3","DDMRP Test Assy."
"DDDASSY2","DDMRP Test Assy."
"DDDRAW1","DDMRP Test RAW Mat."
"DDDRAW2","DDMRP Test RAW Mat."
"DDDSEMI1","DDMRP Test Semi Finish Mat."
"DDDSEMI2","DDMRP Test Semi Finish Mat."
"DDMRPMAT1","DDMRP"
"DDMRPTSTASS2","DDMRP test Material 2"
"DDMRPTSTASSY","DDMRP test Material"
"DDMRPTSTHALB","DDMRP test Material HALB"
"DDMRPTSTHALB0_2","DDMRP test Material HALB_2"
"DDMRPTSTHALB2","DDMRP test Material HALB 2"
"DDMRPTSTHALB2_2","DDMRP test Material HALB2_2"
"DDMRPTSTROH","DDMRP test Material ROH"
"DDMRPTSTROH0_2","DDMRP test Material ROH"
"DDMRPTSTROH2","DDMRP test Material ROH 2"
"DDMRPTSTROH2_2","DDMRP test Material ROH2_2"
"DDMRP_FINISH","DDMRP_FINISH"
"DDMRP_RAW_1","DDMRP Test RAW Mat."
"DDMRP_RAW_2","DDMRP Test RAW Mat."
"DDMRP_SEMI_1","DDMRP Test Semi Finish Mat."
"DDMRP_SEMI_2","DDMRP Test Semi Finish Mat."
"DDRAW1","DDMRP Test RAW Mat."
"DDRAW2","DDMRP Test RAW Mat."
"DDRAW3","DDMRP Test RAW Mat."
"DDRAW4","DDMRP Test RAW Mat."
"DDSEMI1","DDMRP Test Semi Finish Mat."
"DDSEMI2","DDMRP Test Semi Finish Mat."
"DDSEMI3","DDMRP Test Semi Finish Mat."
"DDSEMI4","DDMRP Test Semi Finish Mat."
"DD_FINISH","DDMRP_FINISH"
"DD_RAW_1","DDMRP Test RAW Mat."
"DD_RAW_2","DDMRP Test RAW Mat."
"DD_SEMI_1","DDMRP Test Semi Finish Mat."
"DD_SEMI_2","DDMRP Test Semi Finish Mat."
"DEEP_01","Deep Test for BW"
"DEEP_02","TESTfor BW RM"
"DELL INSPIRON 15","Computer applications"
"DELL15","Jainik Laptop"
"DELUXEP","Deluxe model for pulsar"
"DELUXE_MODEL","Deluxe Model for Product_FERT_KMAT"
"DEMO_1","DEMO_1"
"DEMO_2","Demo_2: ROH"
"DEMO_3","Demo_3: Assembly"
"DEMO_MAT_055","DEMO_MATUSINGBAPI"
"DEMO_MAT_056","Upload file using bapi_2"
"DEMO_MAT_057","Upload file using bapi_3"
"DEMO_MAT_058","Upload file using bapi_4"
"DEMO_MAT_065","Upload file using bapi_1"
"DEMO_MAT_066","Upload file using bapi_2"
"DEMO_MAT_067","Upload file using bapi_3"
"DEMO_MAT_068","Upload file using bapi_4"
"DEMO_MAT_3","DESC_DEMO_MAT_3"
"DEMO_TEST","demo test entry"
"DEMO_TEST1","demo test entry 1"
"DEMO_TEST10","demo test entry 10"
"DEMO_TEST11","demo test entry 11"
"DEMO_TEST12","demo test entry 12"
"DEMO_TEST13","demo test entry 13"
"DEMO_TEST14","demo test entry 14"
"DEMO_TEST15","demo test entry 15"
"DEMO_TEST16","demo test entry 16"
"DEMO_TEST17","demo test entry 17"
"DEMO_TEST18","demo test entry 18"
"DEMO_TEST19","demo test entry 19"
"DEMO_TEST2","demo test entry 2"
"DEMO_TEST20","demo test entry 20"
"DEMO_TEST3","demo test entry 1"
"DEMO_TEST4","demo test entry 4"
"DEMO_TEST5","demo test entry 5"
"DEMO_TEST6","demo test entry 6"
"DEMO_TEST7","demo test entry 7"
"DEMO_TEST8","demo test entry 8"
"DEMO_TEST9","demo test entry 9"
"DESIEL_ENGINE","DESIEL ENGINE"
"DIESEL HECTOR","Diesel Hector- FG02"
"DIESEL STYLE","Hector Diesel style 2.0MT car"
"DMFINISH","Discrete Manu. Finish Mat"
"DMRAW01","Discrete Manu. Raw Mat 1"
"DMRAW02","Discrete Manu. Raw Mat 2"
"DMSEMI01","Discrete Manu. Semi Finish Mat"
"DMSEMI02","Discrete Manu. Semi Finish Mat 02"
"DMSFRAW01","Discrete Manu. Raw Mat"
"DMSFRAW02","Discrete Manu. Raw Mat 02"
"DMSFRAW03","Discrete Manu. Raw Mat 03"
"DMSFRAW04","Discrete Manu. Raw Mat 04"
"DRYORE","DRY ORE"
"DX23-19C089","Roof Top in White"
"DX23-19C089-AA0NER","DX23-19C089-AA0NER, Fuji White"
"DX23-19C089-AA0PEC","Colored Parts with Roof CJDAS"
"DX23-19C089-AA8CAH","DX23-19C089-AA0NER, Firenze Red"
"DX23-19C089-AA8PAB","DX23-19C089-AA0NER, Santorini Black"
"DX23_19C089","DX23_19C089"
"DX23_19C089-AA0NER","DX23-19C089-AA0NER, Fuji White"
"DX23_19C089-AA0PEC","DX23_19C089-AA0PEC"
"DX23_19C089-AA8CAH","DX23_19C089-AA0NER, Firenze Red"
"DX23_19C089-AA8PAB","DX23_19C089-AA0NER, Santorini Black"
"D_200_EVQ","D200 AWD AUTOMATIC MHEV - JLR EVOQUE"
"E123456710","John Wayne (jwayne)"
"E1_TSAL","Assembly E1"
"E1_TSAL_1","Assembly E1"
"E2_TSAL","Higher Assembly E1"
"E2_TSAL_1","Assembly E2"
"EA TO KG","convert"
"EC_MODEL","EC_MODEL"
"EDOSE","Dosing_Pump_Edose"
"EDOSE_10LPH","Dosing_Pump_10LPH"
"EDOSE_10LPH_VAR","EDOSE _10H_VARIANT"
"EDOSE_6LPH_1","EDOSE_6LPH_PRACTICE 1"
"EI_DK62-46708-AA","PACKAGE KIT - BOARDS AND FILM"
"EI_EX53-237W10-AA","CVR SC"
"EI_FK72-500A74-AC","UNT DR CONTR FRT"
"EI_LK72-42006-BB","GL BK WDO"
"EI_M8D2-3C579-CE","CONTR ASY PWR STNG"
"EI_M8D2-75522-BJ","INVERTER - REAR"
"EI_MK72-1532-FB","DECAL TIR INST"
"EI_MX63-19C270-AL","DISPLAY - INTERACTIVE MODULE"
"EI_NK72-14C708-AC","PROCS ASY ST REG CONTR DRV"
"EI_PK72-18C612-DK","CONTR ASY A/C & HTR TEMP"
"EI_RK72-12B565-RAC","PROCS ASY TRANS ELETR CONTR"
"EI_RK72-19J240-DB","MODULE - NEAR FIELD SENSING MODULE"
"EI_RK72-19J500-BA","MODULE - NEAR FIELD SNS MODULE 'B'"
"EI_RK72-2C405-BHF","UNT ASY M/FUNC IVD CONTR"
"EI_SK72-14B476-AD","MOD BDY ELETR"
"EI_T2L2-016C86-GA","ANTI THEFT LABEL BUMPER FRONT"
"ELECTRIC CAR KMAT","electric vehicle car production"
"ELECTRICCAR","Premium Hyper Connected Electric Car"
"ELITE_VAR1","Elite Variant 1"
"ELITE_VAR2","Elite Variant 2"
"ENG01","ENG01"
"ENG02","ENG02"
"ENG1000CC","ENGINE FOR CAR 1000 CC"
"ENG1500CC","ENGINE FOR CAR 1500 CC"
"ENGBLOCK_150","ENGINE BLOCK FOR 150CC"
"ENGBLOCK_220","ENGINE BLOCK FOR 220CC"
"ENGINE","Diesel Engine – 100 KVA"
"ENGINE 2.0L","ENGINE POWER 2000CC"
"ENGINE 3.0L","ENGINE POWER 3000CC"
"ENGINE BLOCK 2","CAR_HS ENGINE_BLOCK"
"ENGINE BLOCK 4","CAR_HS ENGINE_BLOCK"
"ENGINE BLOCK 6","CAR_HS ENGINE_BLOCK"
"ENGINE BLOCK_P","CAR ENGINE_BLOCK"
"ENGINE MATERIAL","Testing"
"ENGINE2","Test Material"
"ENGINE_1","Engine for Bike"
"ENGINE_150","ENGINE 150 HP"
"ENGINE_150CC","150 cc Engine for Product_FERT_KMAT"
"ENGINE_200","ENGINE 200 HP"
"ENGINE_200CC","200 cc Engine for Product_FERT_KMAT"
"ENGINE_250","ENGINE 250 HP"
"ENGINE_400","ENGINE 400 HP"
"ENGINE_600","ENGINE 600 HP"
"ENGINE_BLOCK","CAR ENGINE_BLOCK"
"ENGINE_BLOCK_P","CAR ENGINE_BLOCK"
"ENGINE_D_1366","ENGINE D 1366"
"ENGINE_D_2021","Car Desiel Engine"
"ENGINE_P_1197","ENGINE D 1366"
"ENGINE_P_2022","Car Petrol Engine"
"ENGINE_SAFARI 1.8L","1.8L SAFARI ENGINE"
"ENGINE_SAFARI1.5","1.5L ENGINE SAFARI"
"ENGINE_SAFARI1.6L","1.6L SAFARI ENGINE"
"ENG_1","ENG_1"
"ENG_AH","ENG_AH"
"ENOVIA_TEST1","test updated"
"EVQ_CHASSIS_SP","EVOQUE_CHASSIS_SP"
"EVQ_CHASSIS_STD","EVOQUE_CHASSIS_STD"
"EVQ_CLR_BK","EVOQUE_CLR_BK"
"EVQ_CLR_WH","EVOQUE_CLR_WH"
"EVQ_ENG_1200","EVOQUE_ENG_1200"
"EVQ_ENG_800","EVOQUE_ENG_800"
"EVQ_WH_AL","EVOQUE_WH_AL"
"EVQ_WH_ST","EVOQUE_WH_ST"
"EV_CAR","HEADER MATERIAL FOR FF"
"EWM-TEST-ROH","ROH Test Material for EWM"
"F1","finished goods"
"F116","Car Tire"
"F117","Car Tire"
"F118","Car Tire"
"F119","Car Tire"
"F2","finished goods"
"F91","Header Material"
"FAN_BLADE","FAN BLADES DETAIL"
"FAN_KMAT","DETAILS ABOUT FAN MATERIAL"
"FAN_MOTOR","FAN MOTOR DETAILS"
"FAN_MOTOR_WIRE","RM FOR FAN MOTOR"
"FAN_PAINT_BLACK","BLACK COLOR"
"FAN_PAINT_WHITE","WHITE COLOR"
"FAN_VAR","VARIANT MATERIAL"
"FAN_VAR2","VARIANT"
"FAN_VAR3","DETAILS ABOUT FAN VAR"
"FETCH1","fetching data"
"FF-EN-AS-14","test"
"FF-EN-AS-15","test 1"
"FF-EN-AS-16","test 1"
"FF-EN-AS-17","test 1"
"FF-EN-AS-18","test 1"
"FF-EN-AS-19","test 1"
"FF-EN-AS-20","test"
"FF-EN-AS-32","test"
"FF-EN-AS-33","Parent Part"
"FF-EN-AS-38","test1111"
"FF-EN-AS-44","qweewqe"
"FFFC001","SUPERSESSION TESTING"
"FG126","FIN126,MTS-DI,PD,Batch-Fifo,SerialNo"
"FG226","FIN226,MTO,PD,Batch-Fifo,SerialNo"
"FG29","FIN29,MTS-PI,PD,Batch-ExpirationDate"
"FIERY_RED","FIERY RED"
"FILAMENT ROD","Filament"
"FILE_MAT1","FILE_MAT1"
"FILE_MAT2","FILE_MAT2"
"FILE_MAT3","FILE_MAT3"
"FILE_MAT4","FILE_MAT4"
"FILE_MAT5","FILE_MAT5"
"FILE_MAT6","FILE_MAT6"
"FIN001","Finished Product"
"FIN01","Finished Product"
"FIN250","FINISHED PRODUCT 250"
"FIN300","Finished Product For PP/DS"
"FINISH01","TEST material"
"FINMAT01","FINISHED GOODS"
"FIN_FAN","FINISHED FAN ASSY"
"FORD","FORD"
"FORD DIESEL","FORD ENGINE DIESEL"
"FORD PETROL","FORD ENGINE PETROL"
"FOREST_GREEN","GREEN COLOUR"
"FRAME","Base Frame with AVM"
"FRWEFRW","wefqweqf"
"G0071630","Ecogen Standby Generator, 15kW | WiFi"
"G12","Box G12"
"GASOLINE HECTOR","Config Material --FG01"
"GASOLINE STYLE","Hector Gasoline style 1.5T car"
"GASOLINE_SUPER","Hector Gasoline style 2.0 super car"
"GCS_CP_PLUG","infodba (infodba)"
"GEARBOX","PULSAR GEARBOX ASSEMBLY"
"GEARBOX CAR","CAR GEARBOX ASSEMBLY"
"GEARBOX_RAW","PULSAR GEARBOX"
"GF510143","Operation Capacitor 400V/2.5MF"
"GLASS","glass"
"GREEN_COLOR","Green color for Product_FERT_KMAT"
"H2O","QM testing material"
"HALB","semi fin"
"HANA-7","HANA_7 ERSA: Spare Part"
"HANA_1","HANA_1: ROH Raw Material updated"
"HANA_2","HANA_2 HALB: Semifinished"
"HANA_3","HANA_3 ERSA: Spare Part"
"HANA_4","HANA_4 FERT: Finished Product"
"HANA_7","HANA_Rubber Tyre"
"HANA_8","Diesel"
"HCL","TEST for QM practice"
"HED","Main Header"
"HED_1","HED_1"
"HOLIDAY1","Trip to ladakh"
"HOLIDAY2","Holiday package"
"HOLIDAY3","Trip to netarhart."
"HOLIDAY4","Holiday package"
"HOUSING ASSEMBLY","DOSING PUMP HOUSING ASSEMBLY"
"HTATMIRROR","Heated, Automatic Rear View Mirror"
"HTMIRROR","Heated, Rear View Mirror"
"HYNDAI_ELITE_I20","HYNDAI ELITE"
"IN-00001","IN-00001"
"IPHONE13","IPHONE13"
"IPHONE14","IPHONE14"
"IP_ASSY","IP Assembly"
"IP_COMP1","Component1"
"IP_COMP2","Component2"
"IP_COMP3","Component3"
"IP_COMP4","Component4"
"IP_COMP5","Component5"
"IP_COMP6","Component6"
"JET_BLACK","BLACK COLOUR"
"JKMAT_PAINTED_BODY","J_KMAT_PAINTED_BODY"
"JKMAT_VAR01","J_KMAT_Variant 01"
"JLR-EN-AS-10","Test updated"
"JLR-EN-AS-11","Engine Piston"
"JLR-EN-AS-12","Crankshaft updated."
"JLR-EN-AS-13","Crankshaft updated"
"JLR-EN-SAP-1","SAP Engine Assembly updated."
"JLR-EN-SAP-2","Engine Head from SAP"
"JLR-EN-SAP-3","Flywheel from SAP"
"JLR-EN-SAP-4","CAMSHAFT"
"JLR-EN-SAP-7","Piston updated"
"JLR_IERP_MAT","JLR iERP ROW MATERIAL"
"JS MATERIAL","JS Brake Discs"
"JTRIM_MAT01","TRIM Material 01"
"JTRIM_MAT02","TRIM Material 02"
"J_BIW01","Body-In-White 01"
"J_BIW02","Body-In-White 02"
"J_KMAT","J_Configurable Material"
"J_MODEL_A","Model_A for J_KMAT"
"J_MODEL_B","Model_B for J_KMAT"
"J_PAINTED_BODY","J_PAINTED_BODY"
"K123456","TEST KR"
"KANBAN","KANBAN"
"KANBAN_TEST","KANBAN"
"KIT_1014122012000","KIT_BODY BLACK B1001"
"KMAT","KMAT"
"KMAT_BIW","BIW KMAT"
"KMAT_BIW_VAR","KMAT BIW Variant"
"KMAT_PAINTBODY","KMAT TEST"
"KMAT_PAINTBODY_VAR","Painted Body Variant"
"KMAT_PAINTED_BODY","KMAT TEST"
"KMAT_TEST","Finished Product"
"KO001","Connecting rod assembly"
"KO001BR004","Bearing"
"KO001BS005","Bush"
"KO001CP003","Cap"
"KO001CR002","Connecting rod"
"L15Z12241626","Honda Amaze"
"L15Z122416261","L15Z12241626 Test"
"LAPPY300","personal laptop"
"LAPTOP0001","HP laptop"
"LAPTOP01","Laptop Description"
"LAPTOP02","Laptop Description 2"
"LARGE_BATTERY","Large Battery Pack"
"LIB3001","First Lib View"
"LIB5001","First Lib View Created"
"LIB5002","Second Lib View Created"
"LIB5003","Third Lib View Created"
"LIB5004","Fourth Lib View Created"
"LIB5005","Fifth Lib View Created"
"LIB5007","Seventh Lib View Created"
"LIB5008","Eighth Lib View Created"
"LIB5009","Ninth Lib View Created"
"LIB5011","Seventh Lib View Created"
"LIB5012","Eighth Lib View Created"
"LIB5013","Ninth Lib View Created"
"LIB5015","Seventh Lib View Created"
"LIB5016","Eighth Lib View Created"
"LIB5017","Ninth Lib View Created"
"LOOKING_GLASS","Looking glass color"
"LTP_FINISH","Finished Material LTP TEST"
"LTP_RAW_1","RAW Material LTP TEST"
"LTP_RAW_2","RAW Material LTP TEST"
"LX_MODEL","LX_Model"
"M-000002021","FRONT_SUBFRAME_SUBASSEMBLY"
"M-000002021_1","FF MBOM Variant1"
"M-000002126","INVERTER"
"M-000002127","FRONT_SINGLE_MOTOR"
"M-000002127_1","Test"
"M-000004142","UHM_SUBASSEMBLY"
"M0B_SIM_REGULAR","REGULAR SIM LOCATOR"
"M1","Material1 Description"
"M10","Material10 Description"
"M12","265mm Subwoofer in Liftgate"
"M123456710","John Wayne (jwayne)"
"M2","Material2 Description"
"M3","Material3 Description"
"M4","Material14 Description"
"M5","Material5 Description"
"M6","Material6 Description"
"M7","Material7 Description"
"M8","Material8 Description"
"M9","Material9 Description"
"MAMA","MATERIAL FOR PROJECT"
"MARIANA_BLUE","MARIANA BLUE"
"MAT-","TEST MATERIAL"
"MAT-001-IND","Test Materal for india"
"MAT-002-IND","Test Materal 002 for india"
"MAT-010101","New Material for Demo"
"MAT-011001","New Material"
"MAT-011002","New Material"
"MAT-01DEMO","Demo Material"
"MAT-02DEMO","Demo Material 2"
"MAT-03DEMO","Demo Material 3"
"MAT-04DEMO","Demo Material 4"
"MAT-05DEMO","Demo Material 5"
"MAT-100000","931003 MATERIAL 0"
"MAT-100001","931003 MATERIAL 1"
"MAT-100002","Material 931003 2"
"MAT-100003","931003 MATERIAL 3"
"MAT-100004","MAT-100004 Material"
"MAT-100005","MATERIAL 5 - 931003"
"MAT-100006","MATERIAL 6 - 931003"
"MAT-100007","MATERIAL 7 - 931003"
"MAT-100008","MATERIAL 8 - 931003"
"MAT-100009","MATERIAL 9 - 931003"
"MAT-10001","MAT-10001 Material"
"MAT-100010","DEMO MATERIAL 931003 2"
"MAT-100011","931003 MATERIAL 11"
"MAT-100016","931003 MATERIAL 16"
"MAT-10002","MAT-10002 Material"
"MAT-10003","MAT-10003 Material"
"MAT-11111","Material 11111"
"MAT-1122","TEST MAT"
"MAT-1234","DEMO FOR FM"
"MAT-17102","MATERIAL-R2"
"MAT-17103","MATERIAL-R3"
"MAT-17104","MATERIAL-R4"
"MAT-17105","MATERIAL-R5"
"MAT-19008","Mat-19008 welding rod"
"MAT-19009","Mat-19009 welding rod"
"MAT-19010","Mat-19010 welding rod"
"MAT-19011","Mat-19007 welding rod"
"MAT-19012","Mat-19004 welding rod"
"MAT-19013","Mat-19006 welding rod"
"MAT-19014","Mat-19014 welding rod"
"MAT-19015","Mat-19008 welding rod"
"MAT-19016","Mat-19009 welding rod"
"MAT-19017","Mat-19010 welding rod"
"MAT-19018","Mat-19007 welding rod"
"MAT-19019","Mat-19004 welding rod"
"MAT-19020","Mat-19005 welding rod"
"MAT-19021","Mat-19006 welding rod"
"MAT-19022","Mat-19014 welding rod"
"MAT-19023","Mat-19008 welding rod"
"MAT-19024","Mat-19009 welding rod"
"MAT-19025","DEMO"
"MAT-19027","Mat-19009 welding rod"
"MAT-19028","Mat-19008 welding rod"
"MAT-19029","Mat-19008 welding rod"
"MAT-19035","Mat-19009 welding rod"
"MAT-19036","Mat-19010 welding rod"
"MAT-19037","Mat-19007 welding rod"
"MAT-19038","Mat-19004 welding rod"
"MAT-19039","Mat-19005 welding rod"
"MAT-19040","Mat-19006 welding rod"
"MAT-19041","Mat-19014 welding rod"
"MAT-28001","MATERIAL - 28001"
"MAT-28003","DESCRIPTION - 28003"
"MAT-28005","TRAINING"
"MAT-28006","TRAINING WITH BDC"
"MAT-28007","TRAINING WITH BDC"
"MAT-28010","MATERIAL-BDC-TRAINING"
"MAT-28011","MATERIAL-BDC-TRAINING"
"MAT-28012","MATERIAL-BDC-TRAINING"
"MAT-28013","MATERIAL-BDC-TRAINING"
"MAT-28014","MATERIAL-BDC-TRAINING"
"MAT-28015","MATERIAL-BDC-TRAINING"
"MAT-30000","MAT-30000 Mech Equip Package"
"MAT-40000","MAT-40000 Mech Bev"
"MAT-49174","HJYGUG"
"MAT-50000","MAT-50000 Mechanical Beverages"
"MAT-50001","MAT-50001 Mechanical Beverages"
"MAT-50002","MAT-50002 Mechanical Beverages"
"MAT-50003","MAT-50002 Mechanical Beverages"
"MAT-50004","MAT-50004 Pharm Finished Prod"
"MAT-50005","MAT-50005 Mech Finished Prod"
"MAT-50006","MAT-50006 Plant Engin Packaging"
"MAT-50007","MAT-50007 Chemical Packaging"
"MAT-50008","MAT-50008 Chemical Waste"
"MAT-5001","PRACTICE PURPOSE"
"MAT-5002","PRACTICE PURPOSE 2"
"MAT-5003","DESC 1"
"MAT-77101","MATERIAL-R1"
"MAT-77102","MATERIAL-R2"
"MAT-77103","MATERIAL-R3"
"MAT-77104","MATERIAL-R4"
"MAT-77105","MATERIAL-R5"
"MAT-82101","MATERIAL-R1"
"MAT-82102","MATERIAL-R2"
"MAT-82103","MATERIAL-R3"
"MAT-82104","MATERIAL-R4"
"MAT-82105","MATERIAL-R5"
"MAT-83101","MATERIAL-R1"
"MAT-83102","MATERIAL-R2"
"MAT-83103","MATERIAL-R3"
"MAT-83104","MATERIAL-R4"
"MAT-83105","MATERIAL-R5"
"MAT-87101","MATERIAL-R1"
"MAT-87102","MATERIAL-R2"
"MAT-87103","MATERIAL-R3"
"MAT-87104","MATERIAL-R4"
"MAT-87105","MATERIAL-R5"
"MAT-90000","Sample Material"
"MAT-90801","New Material"
"MAT-90802","New Material"
"MAT-90803","New Material"
"MAT-90804","New Material"
"MAT-90805","New Material"
"MAT-90806","New Material"
"MAT-90807","New Material"
"MAT-90808","New Material"
"MAT-90809","New Material"
"MAT-90810","New Material"
"MAT-90811","New Material"
"MAT-90812","New Material"
"MAT-90813","New Material"
"MAT-90814","New Material"
"MAT-90815","New Material"
"MAT-90816","New Material"
"MAT-90818","New Material"
"MAT-90901","New Mat-1"
"MAT-90902","New Mat-2"
"MAT-90903","New Mat-1"
"MAT-90904","New Mat-2"
"MAT-90907","New Material"
"MAT-90908","New Material"
"MAT-90909","New Material"
"MAT-90910","New Material"
"MAT-90911","New Material"
"MAT-90912","New Material"
"MAT-90913","New Material"
"MAT-90917","New Material"
"MAT-90919","New Material"
"MAT-90919910","sample"
"MAT-90921","New Material"
"MAT-90923","New Material"
"MAT-90924","New Material"
"MAT-90925","New Material"
"MAT-90929","NEW MATERIAL"
"MAT-90931","New Material"
"MAT-90935","New Material"
"MAT-90940","NEW MATERIAL"
"MAT-90941","JJJJQQ"
"MAT-90942","NEW MATERIAL"
"MAT-90943","NEW MATERIAL"
"MAT-90944","NEW MATERIAL"
"MAT-90960","New Material"
"MAT-90961","New Material"
"MAT-90962","New Material"
"MAT-90963","New Material"
"MAT-90970","New Material"
"MAT-90971","New Material"
"MAT-93008","Mat-93008 welding rod"
"MAT-93009","Mat-93009 welding rod"
"MAT-93010","Mat-93010 welding rod"
"MAT-93011","Mat-93007 welding rod"
"MAT-93012","Mat-93004 welding rod"
"MAT-93013","Mat-93006 welding rod"
"MAT-93014","Mat-93014 welding rod"
"MAT-930980","example material"
"MAT-93100","MATERIAL - 931009"
"MAT-931003","DEMO MATERIAL 931003"
"MAT-931009","Mat-931009 welding rod"
"MAT-93101","MATERIAL-R1"
"MAT-931010","Mat-931010 welding rod"
"MAT-931011","Mat-931011 welding rod"
"MAT-931012","TEST MATERIAL- 931012"
"MAT-931013","Mat-931013 welding rod"
"MAT-931014","Mat-931014 welding rod"
"MAT-931016","Mat-931016 welding rod"
"MAT-931017","TESTING MATERIAL"
"MAT-93102","MATERIAL-R2"
"MAT-931021","Product Material"
"MAT-93103","MATERIAL-R3"
"MAT-93104","MATERIAL-R4"
"MAT-931042","TEST MATERIAL"
"MAT-93105","MATERIAL-R5"
"MAT-931108","Mat-931108 welding rod"
"MAT-931111","Mat-93009 welding rod"
"MAT-931112","Mat-93010 welding rod"
"MAT-931113","Mat-93007 welding rod"
"MAT-931114","Mat-93004 welding rod"
"MAT-931115","Mat-93005 welding rod"
"MAT-931116","Mat-93006 welding rod"
"MAT-931117","Mat-93014 welding rod"
"MAT-ANN968","MATERIAL1"
"MAT-ANN969","Material for Project"
"MAT-ANN970","Material for Project"
"MAT-ANN978","MATERIAL 1"
"MAT-BGDT04","desc."
"MAT-BGDT05","desc."
"MAT-BGDT07","desc."
"MAT-BGDT08","desc."
"MAT-BGDT12","desc."
"MAT-BGDT15","desc."
"MAT-BGDT16","desc."
"MAT-BGDT17","desc."
"MAT-BGDT18","desc."
"MAT-BGDT19","desc."
"MAT-BGDT20","desc."
"MAT-BGDT21","desc."
"MAT-BGDT22","desc."
"MAT-BGDT23","desc."
"MAT-BGDT24","desc."
"MAT-BGDT25","desc."
"MAT-BGDT26","Desc"
"MAT-BGDT27","Desc"
"MAT-BGDT28","desc"
"MAT-BGDT29","DESC"
"MAT-BGDT30","desc."
"MAT-BGDT31","desc."
"MAT-BGDT32","desc."
"MAT-BGDT33","desc."
"MAT-BGDT34","desc."
"MAT-BGDT35","desc."
"MAT-BGDT36","desc."
"MAT-BGDT37","desc."
"MAT-BGDT38","desc."
"MAT-BGDT40","DESC"
"MAT-BGDT51","desc"
"MAT-BGDT52","desc"
"MAT-BGDT53","desc."
"MAT-BGDT55","desc."
"MAT-BGDT56","desc."
"MAT-BGDT57","desc."
"MAT-BGDT58","desc."
"MAT-BGDT59","desc."
"MAT-BGDT60","desc."
"MAT-BGDT63","desc."
"MAT-BGDT64","desc."
"MAT-BGDT66","new"
"MAT-BGDT69","NEW"
"MAT-BGDT70","desc"
"MAT-BGDT71","DESC"
"MAT-BGDT74","desc"
"MAT-BGDT75","desc"
"MAT-BGDT76","desc"
"MAT-BGDT77","desc"
"MAT-BGDT78","desc"
"MAT-BGDT79","desc"
"MAT-BGDT80","desc"
"MAT-BGDT81","desc"
"MAT-BGDT83","desc"
"MAT-BGDT85","desc"
"MAT-BGDT86","desc"
"MAT-BGDT89","desc"
"MAT-BGDT90","desc"
"MAT-BGDT91","desc"
"MAT-BGDT92","desc"
"MAT-BGDT93","desc"
"MAT-BGDT95","desc"
"MAT-BGDTXX","desc"
"MAT-BGU","NEW"
"MAT-DEMO0001","Demo Material"
"MAT-DEMO0002","Demo Material 2"
"MAT-DEMO0003","Demo Material 3"
"MAT-DEMO0004","Demo Material 4"
"MAT-DEMO0005","Demo Material 5"
"MAT-DEMO0006","Demo Material 6"
"MAT-DEMO0007","Demo Material 7"
"MAT-DEMO0008","Demo Material 8"
"MAT-DEMO0009","Demo Material 9"
"MAT-DEMO001","Material 001 Demo 931003"
"MAT-DEMO0010","Demo Material 10"
"MAT-DEMO0011","Demo Material 11"
"MAT-DEMO0012","Demo Material 12"
"MAT-DEMO0013","Demo Material 13"
"MAT-DEMO0014","Demo Material 14"
"MAT-DEMO0015","Demo Material 15"
"MAT-DEMO0016","Demo Material 16"
"MAT-DEMO0017","Demo Material 17"
"MAT-DEMO0018","Demo Material 18"
"MAT-DEMO0019","Demo Material 19"
"MAT-DEMO002","Demo 931003 Material 002"
"MAT-DEMO003","Demo 931003 Material 003"
"MAT-DEMO004","Demo 931003 Material 004"
"MAT-DEMO005","Demo 931003 Material 005"
"MAT-DEMO006","Demo 931003 Material 006"
"MAT-DEMO007","Demo 931003 Material 007"
"MAT-DEMO008","Demo 931003 Material 008"
"MAT-DEMO009","Demo 931003 Material 009"
"MAT-DEMO010","931003 Demo Material 010"
"MAT-DEMO011","Demo 931003 Material 011"
"MAT-DEMO012","Demo 931003 Material 012"
"MAT-DEMO013","Demo 931003 Material 013"
"MAT-DEMO014","931003 Demo Material 014"
"MAT-DEMO015","931003 Demo Material 015"
"MAT-DEMO016","Demo 931003 Material 016"
"MAT-DEMO017","Demo 931003 Material 017"
"MAT-DEMO018","Demo 931003 Material 018"
"MAT-DEMO019","Demo 931003 Material 019"
"MAT-DEMO020","Demo 931003 Material 020"
"MAT-DEMO021","Demo 931003 Material 021"
"MAT-DEMO022","Demo 931003 Material 022"
"MAT-DEMO023","Demo 931003 Material 023"
"MAT-DEMO024","Demo 931003 Material 024"
"MAT-DEMO025","Demo 931003 Material 025"
"MAT-DEMO026","Demo 931003 Material 026"
"MAT-DEMO027","Demo 931003 Material 027"
"MAT-DEMO028","Demo 931003 Material 028"
"MAT-DEMO029","Demo 931003 Material 029"
"MAT-DEMO030","Demo 931003 Material 030"
"MAT-DEMO031","Demo 931003 Material 031"
"MAT-DEMO032","Demo 931003 Material 032"
"MAT-DEMO033","Demo 931003 Material 033"
"MAT-DEMO035","Demo 931003 Material 035"
"MAT-DEMO1","931003 DEMO 1"
"MAT-DEMO10","931003 Demo Material 10"
"MAT-DEMO11","931003 Demo Material 11"
"MAT-DEMO12","931003 Demo Material 12"
"MAT-DEMO13","931003 Demo Material 13"
"MAT-DEMO14","931003 Demo Material 14"
"MAT-DEMO15","931003 Demo Material 15"
"MAT-DEMO16","931003 Demo Material 16"
"MAT-DEMO17","931003 Demo Material 17"
"MAT-DEMO18","931003 Demo Material 18"
"MAT-DEMO19","931003 Demo Material 19"
"MAT-DEMO2","931003 Test Material 2"
"MAT-DEMO20","931003 Demo Material 20"
"MAT-DEMO21","931003 Demo Material 21"
"MAT-DEMO22","931003 Demo Material 22"
"MAT-DEMO23","931003 Demo Material 23"
"MAT-DEMO24","931003 Demo Material 24"
"MAT-DEMO25","931003 Demo Material 25"
"MAT-DEMO26","931003 Demo Material 26"
"MAT-DEMO27","931003 Demo Material 27"
"MAT-DEMO28","931003 Demo Material 28"
"MAT-DEMO29","931003 Demo Material 29"
"MAT-DEMO3","931003 Demo Material 3"
"MAT-DEMO30","931003 Demo Material 30"
"MAT-DEMO31","931003 Demo Material 31"
"MAT-DEMO32","931003 Demo Material 32"
"MAT-DEMO33","931003 Demo Material 32"
"MAT-DEMO35","931003 Demo Material 35"
"MAT-DEMO36","931003 Demo Material 36"
"MAT-DEMO37","931003 Demo Material 37"
"MAT-DEMO4","931003 Demo Material 4"
"MAT-DEMO5","931003 Demo Material 5"
"MAT-DEMO50","931003 Demo Material 50"
"MAT-DEMO6","931003 Demo Material 6"
"MAT-DEMO7","931003 Demo Material 7"
"MAT-DEMO8","931003 Demo Material 8"
"MAT-DEMO9","931003 Demo Material 9"
"MAT-EXMPL01","EXAMPLE RECORDING MATERIAL"
"MAT-EXMPL02","Example material project"
"MAT-EXMPL03","material demo desc"
"MAT-GY78","NEW"
"MAT-IO89","MTR"
"MAT-PRJKT-300","demo material for project"
"MAT-PRJKT-301","example material creation for project"
"MAT-PRJKT-302","demo material for project"
"MAT-PRJKT-303","demo material for project"
"MAT-PRJKT-306","demo material for project"
"MAT-PRJ_EXMPL-001","example material creation for project"
"MAT-RAN11","desc."
"MAT-RAN12","desc."
"MAT-RG10","MATERIAL"
"MAT-RG11","NE"
"MAT-RG60","new"
"MAT-RG66","NEW"
"MAT-RG8592","NEW"
"MAT-RG87","NEW"
"MAT-RGA46","desc."
"MAT-RGA47","desc."
"MAT-RGG032","NEW"
"MAT-RGG12","desc."
"MAT-RGG132","new"
"MAT-RGG232","new"
"MAT-RGG432","ADSF"
"MAT-RGG632","NEW"
"MAT-RGK0132","new"
"MAT-RGK132","new mat"
"MAT-RGR1732","nww"
"MAT-RGR46","desc."
"MAT-RKD012","desc."
"MAT-RKE012","desc."
"MAT-RKG12","desc."
"MAT-RKQ012","desc."
"MAT-RRT032","desc."
"MAT-RRT132","desc."
"MAT-RSRT01","just basic data 1"
"MAT-RSRT02","basic data 1"
"MAT-RSTRT01","Exmpl desc."
"MAT-RSTRT02","Exmpl desc."
"MAT-RSTRT03","Exmpl desc."
"MAT-RSTRT04","Exmpl desc."
"MAT-RSTRT05","Exmpl desc."
"MAT-RSTRT06","Exmpl desc."
"MAT-RSTRT07","Exmpl desc."
"MAT-RSTRT08","Exmpl desc."
"MAT-RSTRT09","material demo desc"
"MAT-RSTRT10","Exmpl desc."
"MAT-RSTRT11","Exmpl desc."
"MAT-RSTRT12","Exmpl desc."
"MAT-RSTRT13","example material"
"MAT-RSTRT14","example material"
"MAT-RSTRT15","example recording material"
"MAT-RSTRT16","example recording material"
"MAT-RSTRT17","NEW MAT"
"MAT-RSTRT55","Example material project"
"MAT-RSTRT56","Example material project"
"MAT-RSTRT57","Exmpl desc."
"MAT-RSTRT58","Exmpl desc."
"MAT-RSTRT59","Exmpl desc."
"MAT-RSTRT60","Exmpl desc."
"MAT-RSTRT61","Exmpl desc."
"MAT-RSTRT62","Exmpl desc."
"MAT-RWE123","desc."
"MAT-RWE124","desc."
"MAT-RWE125","desc."
"MAT-RWE126","desc."
"MAT-RWE127","desc."
"MAT-RWE128","desc."
"MAT-RWE129","desc."
"MAT-RWE130","desc."
"MAT-RWE131","desc."
"MAT-RWE132","desc."
"MAT-SSS001","example recording material"
"MAT-SVV000","931003 Demo Material 000"
"MAT-SVV001","931003 Demo Material 001"
"MAT-SVV0012","931003 Demo Material 0012"
"MAT-SVV002","931003 Demo Material 002"
"MAT-SVV003","931003 Demo Material 003"
"MAT-SVV004","931003 Demo Material 004"
"MAT-SVV005","931003 Demo Material 005"
"MAT-SVV006","931003 Demo Material 006"
"MAT-SVV007","931003 Demo Material 007"
"MAT-SVV009","931003 Demo Material 009"
"MAT-SVV010","931003 Demo Material 010"
"MAT-SVV011","931003 Demo Material 011"
"MAT-SVV012","931003 Demo Material 012"
"MAT-SVV013","931003 Demo Material 013"
"MAT-SVV014","931003 Demo Material 014"
"MAT-SVV015","931003 Demo Material 015"
"MAT-SVV016","931003 Demo Material 016"
"MAT-SVV017","931003 Demo Material 017"
"MAT-SVV018","931003 Demo Material 018"
"MAT-SVV019","931003 Demo Material 019"
"MAT-SVV020","931003 Demo Material 020"
"MAT-SVV021","931003 Demo Material 021"
"MAT-SVV022","931003 Demo Material 022"
"MAT-SVV023","931003 Demo Material 023"
"MAT-SVV024","931003 Demo Material 024"
"MAT-SVV025","931003 Demo Material 025"
"MAT-SVV026","931003 Demo Material 026"
"MAT-SVV027","931003 Demo Material 027"
"MAT-SVV028","931003 Demo Material 028"
"MAT-SVV029","931003 Demo Material 029"
"MAT-SVV030","931003 Demo Material 030"
"MAT-SVV031","931003 Demo Material 031"
"MAT-SVV032","931003 Demo Material 032"
"MAT-SVV033","931003 Demo Material 033"
"MAT-SVV034","931003 Demo Material 034"
"MAT-SVV035","931003 Demo Material 035"
"MAT-SVV036","931003 Demo Material 036"
"MAT-SVV037","931003 Demo Material 037"
"MAT-SVV038","931003 Demo Material 038"
"MAT-SVV039","931003 Demo Material 039"
"MAT-SVV040","931003 Demo Material 040"
"MAT-SVV041","931003 Demo Material 041"
"MAT-SVV042","931003 Demo Material 042"
"MAT-SVV043","931003 Demo Material 043"
"MAT-SVV044","931003 Demo Material 044"
"MAT-SVV045","931003 Demo Material 045"
"MAT-SVV046","931003 Demo Material 046"
"MAT-SVV047","931003 Demo Material 047"
"MAT-SVV048","931003 Demo Material 048"
"MAT-SVV050","931003 Demo Material 050"
"MAT-SVV051","931003 Demo Material 051"
"MAT-SVV052","931003 Demo Material 052"
"MAT-SVV053","931003 Demo Material 053"
"MAT-SVV054","931003 Demo Material 054"
"MAT-SVV055","931003 Demo Material 055"
"MAT-SVV056","931003 Demo Material 056"
"MAT-SVV057","931003 Demo Material 057"
"MAT-SVV058","931003 Demo Material 058"
"MAT-SVV059","931003 Demo Material 059"
"MAT-SVV060","931003 Demo Material 060"
"MAT-SVV061","931003 Demo Material 061"
"MAT-SVV062","931003 Demo Material 062"
"MAT-SVV063","931003 Demo Material 063"
"MAT-SVV064","931003 Demo Material 064"
"MAT-SVV065","931003 Demo Material 065"
"MAT-SVV066","931003 Demo Material 066"
"MAT-SVV067","931003 Demo Material 067"
"MAT-SVV068","931003 Demo Material 068"
"MAT-SVV070","931003 Demo Material 070"
"MAT-SVV071","931003 Demo Material 071"
"MAT-SVV072","931003 Demo Material 072"
"MAT-SVV073","931003 Demo Material 073"
"MAT-SVV074","931003 Demo Material 074"
"MAT-SVV075","931003 Demo Material 075"
"MAT-SVV076","931003 Demo Material 076"
"MAT-SVV077","931003 Demo Material 077"
"MAT-SVV078","931003 Demo Material 078"
"MAT-SVV079","931003 Demo Material 079"
"MAT-SVV080","931003 Demo Material 080"
"MAT-SVV081","931003 Demo Material 081"
"MAT-SVV082","931003 Demo Material 082"
"MAT-SVVTEST","931003 Demo Material Test"
"MAT-SVVTEST2","931003 Demo Material Test 2"
"MAT-SVVTEST3","931003 Demo Material Test 3"
"MAT-TSTDAT1","Demo test 1"
"MAT-TSTDAT10","demo desc"
"MAT-TSTDAT11","demo desc"
"MAT-TSTDAT2","demo test 2"
"MAT-TSTDAT3","demo test 2"
"MAT-TSTDAT6","demo"
"MAT-TSTDAT8","demo"
"MAT-TSTDAT9","demo"
"MAT-UI89","HKU"
"MAT-VB01","MATERIAL FOR PROJECT"
"MAT-VB101","PRACTICE"
"MAT-VBB34","NEW"
"MAT001","Sample Material 1"
"MAT005","mat2"
"MAT01","Heated, Automatic Rear View Mirror"
"MAT01       BLU","Blue Painted Mirror"
"MAT01       GRN","Green Painted Mirror"
"MAT01       SLR","Silver Painted Mirror"
"MAT01      -AA0NER","ELE & Auto Fuji White Rear Mirror"
"MAT01      -AA0PEC","ELE & Auto Nrvk Black Constract Rear Mir"
"MAT01      -AA8CAH","ELE & Auto Firenze Red Rear Mirror"
"MAT01      -AA8PAB","ELE & Auto Santorini Black Rear Mirror"
"MAT011","Sample Material 1"
"MAT012","Sample Material 2"
"MAT013","Sample Material 3"
"MAT014","Sample Material 1"
"MAT015","Sample Material 2"
"MAT016","mat2"
"MAT017","Sample Material 1"
"MAT018","Sample Material 2"
"MAT019","mat2"
"MAT02","Heated, Rear View Mirror"
"MAT02       BLU","Blue Painted Mirror"
"MAT02       GRN","Green Painted Mirror"
"MAT02       SLR","Silver Painted Mirror"
"MAT02      -AA0NER","ELE & Non-Auto Fuji White Rear Mirror"
"MAT02      -AA0PEC","ELE & Non-Auto Nrvk Black Rear Mirror"
"MAT02      -AA8CAH","ELE & Non-Auto Firenze Red Rear Mirror"
"MAT02      -AA8PAB","ELE & Non-Auto Sntrini Black Rear Mirror"
"MAT020","Sample Material 1"
"MAT021","mat2"
"MAT022","Sample Material 3"
"MAT023","Sample Material 2"
"MAT024","Sample Material 3"
"MAT025","Sample Material 3"
"MAT026","Sample Material 3"
"MAT029","mat2"
"MAT03","Rear View Mirror"
"MAT03       BLU","Blue Painted Mirror"
"MAT03       GRN","Green Painted Mirror"
"MAT03       SLR","Silver Painted Mirror"
"MAT03      -AA0NER","Normal Fuji White Rear Mirror"
"MAT03      -AA0PEC","Normal Nrvk Black Constract Rear Mirror"
"MAT03      -AA8CAH","Normal Firenze Red Rear Mirror"
"MAT03      -AA8PAB","Normal Santorini Black Rear Mirror"
"MAT04","Material 04"
"MAT06","MATERIAL 06"
"MAT07","MATERIAL 07"
"MAT08","MATERIAL 08"
"MAT09","MATERIAL 06"
"MAT1","TEST MATERIAL 1"
"MAT10","MATERIAL 07"
"MAT100","mat1"
"MAT1001","Test Material 1"
"MAT1002","Test Material 2"
"MAT1003","Test Material 3"
"MAT101","mat2"
"MAT101010","Sample Material"
"MAT10105","Test Material 1"
"MAT102","mat3"
"MAT103","mat3"
"MAT104","mat1"
"MAT105","mat1"
"MAT1051","New Material"
"MAT1052","New Material"
"MAT1053","New Material"
"MAT1054","New Material"
"MAT1055","New Material"
"MAT1056","New Material"
"MAT1057","New Material"
"MAT1059","Test Material 1"
"MAT106","mat3"
"MAT1060","TEST MATERIAL 1"
"MAT1061","TEST MATERIAL 2"
"MAT1062","Test Material 1"
"MAT1064","Test Material 1"
"MAT1066","TEST MATERIAL"
"MAT1067","Test Material 1"
"MAT1068","TEST MATERIAL"
"MAT1069","TEST MATERIAL"
"MAT107","mat1"
"MAT1070","Test Material 1"
"MAT1071","TEST MATERIAL"
"MAT1074","Test Material 1"
"MAT1075","Test Material 1"
"MAT1076","Test Material 1"
"MAT1077","Test Material 1"
"MAT108","mat3"
"MAT1080","Test Material 1"
"MAT1081","Test Material 1"
"MAT1082","Test Material 1"
"MAT1083","Test Material 1"
"MAT1084","Test Material 1"
"MAT1085","Test Material 1"
"MAT1086","Test Material 1"
"MAT1087","Test Material 1"
"MAT1088","Test Material 1"
"MAT1089","TEST MATERIAL"
"MAT109","mat1"
"MAT1096","Test Material 1"
"MAT1097","Test Material 1"
"MAT1098","Test Material 1"
"MAT1099","Test Material 1"
"MAT11","MATERIAL 08"
"MAT110","mat2"
"MAT1100","Test Material 1"
"MAT1101","Test Material 1"
"MAT1102","Test Material 1"
"MAT1103","Test Material 1"
"MAT111","mat3"
"MAT1110","TEST MATERIAL"
"MAT1112","TEST MATERIAL"
"MAT12","mat1"
"MAT120","mat1"
"MAT121","mat2"
"MAT122","mat3"
"MAT123","mat1"
"MAT124","mat2"
"MAT125","mat3"
"MAT126","mat1"
"MAT127","mat2"
"MAT128","mat3"
"MAT13","mat2"
"MAT14","mat3"
"MAT15","mat2"
"MAT16","mat3"
"MAT17","mat3"
"MAT18","mat2"
"MAT19","mat1"
"MAT1991","BOLT"
"MAT2","TEST MATERIAL 2"
"MAT20","mat1"
"MAT20101","New Material"
"MAT2026","Material in 2026"
"MAT203","mat1"
"MAT204","mat2"
"MAT205","mat3"
"MAT206","mat2"
"MAT207","mat2"
"MAT208","mat2"
"MAT21","mat2"
"MAT22","material 22"
"MAT23","material 22"
"MAT24","mat2"
"MAT25","mat1"
"MAT26","mat2"
"MAT27","mat3"
"MAT28","mat1"
"MAT29","mat2"
"MAT291","mat2"
"MAT293","mat2"
"MAT294","mat2"
"MAT3","TEST MATERIAL 3"
"MAT30","mat2"
"MAT31","mat3"
"MAT37","mat3"
"MAT38","mat1"
"MAT4","TEST MATERIAL 4"
"MAT40101","Material for Demo"
"MAT41","mat1"
"MAT42","mat2"
"MAT43","mat3"
"MAT44","mat1"
"MAT45","mat2"
"MAT46","mat3"
"MAT47","mat3"
"MAT48","mat1"
"MAT5","TEST MATERIAL 5"
"MAT50","mat1"
"MAT51","mat2"
"MAT52","mat3"
"MAT53","mat1"
"MAT54","mat2"
"MAT55","mat3"
"MAT56","mat1"
"MAT57","mat3"
"MAT58","mat1"
"MAT64","mat3"
"MAT640","mat3"
"MAT641","mat3"
"MAT642","mat3"
"MAT646","mat3"
"MAT649","mat3"
"MAT663","mat3"
"MAT669","mat3"
"MAT67","mat3"
"MAT68","mat1"
"MAT70","mat1"
"MAT71","mat1"
"MAT72","mat3"
"MAT73","mat1"
"MAT74","mat1"
"MAT75","mat3"
"MAT76","mat1"
"MAT77","mat3"
"MAT78","mat3"
"MAT7850","dashboard"
"MAT7851","front mirror"
"MAT7852","Seats"
"MAT7853","dashboard"
"MAT7854","front mirror"
"MAT7892","Chasis"
"MAT7893","Steering"
"MAT78989829","DEMO MATERIAL"
"MAT79","mat1"
"MAT80","mat2"
"MAT81","mat1"
"MAT814","mat1"
"MAT819","mat1"
"MAT82","mat2"
"MAT83","mat3"
"MAT84","mat1"
"MAT841","mat1"
"MAT842","mat1"
"MAT845","mat1"
"MAT847","mat1"
"MAT85","mat2"
"MAT86","mat3"
"MAT860","mat1"
"MAT866","mat1"
"MAT867","mat1"
"MAT9","mat1"
"MAT9001","Test Material 1"
"MAT9002","Test Material 1"
"MAT9003","Test Material 1"
"MAT9004","Test Material 1"
"MAT9005","Test Material 1"
"MAT9006","Test Material 1"
"MAT9007","Test Material 1"
"MAT9008","Test Material 1"
"MAT9009","Test Material 1"
"MAT9015","New Material"
"MAT9016","Test Material 1"
"MAT9017","New Material"
"MAT9018","New Material"
"MAT9019","New Material"
"MAT9021","New Material"
"MAT9028","New Material"
"MAT9029","New Material"
"MAT9030","New Material"
"MAT9031","New Material"
"MAT9032","New Material"
"MAT9034","New Material"
"MAT91","mat1"
"MAT917","mat1"
"MAT918","mat2"
"MAT91902","NEW MAT"
"MAT91903","NEW MAT"
"MAT91905","NEW MAT"
"MAT91906","NEW MAT"
"MAT91908","NEW MAT"
"MAT91909","NEW MAT"
"MAT91910","NEW MAT"
"MAT91911","NEW MAT"
"MAT91912","NEW MAT"
"MAT91913","NEW MAT"
"MAT91914","NEW MAT"
"MAT91915","NEW MAT"
"MAT91916","NEW MAT"
"MAT91917","NEW MAT"
"MAT91918","NEW MAT"
"MAT91919","NEW MAT"
"MAT919191","NEW MAT"
"MAT919192","NEW MAT"
"MAT919193","NEW MAT"
"MAT919194","NEW MAT"
"MAT919195","NEW MAT"
"MAT919196","NEW MAT"
"MAT919197","NEW MAT"
"MAT919198","NEW MAT"
"MAT919199","NEW MAT"
"MAT91920","NEW MAT"
"MAT91921","NEW MAT"
"MAT91922","NEW MAT"
"MAT91923","NEW MAT"
"MAT91924","NEW MAT"
"MAT91925","NEW MAT"
"MAT91926","NEW MAT"
"MAT91927","NEW MAT"
"MAT91928","NEW MAT"
"MAT91929","NEW MAT"
"MAT91930","NEW MAT"
"MAT91931","NEW MAT"
"MAT91932","NEW MAT"
"MAT91933","NEW MAT"
"MAT91934","NEW MAT"
"MAT91935","NEW MAT"
"MAT91936","NEW MAT"
"MAT91937","NEW MAT"
"MAT91938","NEW MAT"
"MAT91939","NEW MAT"
"MAT92","mat2"
"MAT927","mat1"
"MAT93","mat3"
"MAT94","mat1"
"MAT95","mat2"
"MAT96","mat3"
"MAT98","mat2"
"MAT99","mat3"
"MATERIAL","Material for assignments"
"MATERIAL 2","Iron Sheet"
"MATERIAL FOR NR01","Assembly Material"
"MATERIAL FRTS","Computer"
"MATERIAL H","Computer applications"
"MATERIAL HITESH","Hitesh Computer"
"MATERIAL HITESHH","Computer applications"
"MATERIAL HNHH","Computer applications"
"MATERIAL HNHT","Computer applications"
"MATERIAL HNT","Computer applications"
"MATERIAL ND","Computer applications"
"MATERIAL S","SOLAR 10KW"
"MATERIAL SA","Computer applications"
"MATERIAL1","TEST MATERIAL 1"
"MATERIAL11","TEST MATERIAL 11"
"MATERIAL2","TEST MATERIAL 2"
"MATERIAL3","TEST MATERIAL 3"
"MATERIAL4","TEST MATERIAL 4"
"MATERIAL5","TEST MATERIAL 5"
"MATERIAL_PLM_1341","PLM MATERIAL TESTING"
"MATESPP_1","eSPP Material 1"
"MATP","MATERIAL FOR PROJECT"
"MATPR1","PROJECT 1"
"MATR123","test material demo122"
"MATR345","test material demo122"
"MATSB01","Demo material creation"
"MATSB02","Demo material creation 2"
"MATSB03","Demo material creation 3"
"MATSB04","MATERIAL CREATION 4"
"MATSB05","MATERIAL CREATION 4"
"MATSB06","Demo material creation 4"
"MAT_001","MAT_001"
"MAT_002","MAT_002"
"MAT_003","MAT_003"
"MAT_01","Material 01"
"MAT_1001","MAT_1001"
"MAT_1002","MAT_1002"
"MAT_1003","MAT_1003"
"MAT_101","Material 101"
"MAT_102","Material 102"
"MAT_103","MAT_103"
"MAT_1111","MAT_1111"
"MAT_1112","MAT_1112"
"MAT_1114","MAT_1114"
"MAT_301","MATERIAL 301"
"MAT_302","MATERIAL 301"
"MAT_310","MATERIAL 310"
"MAT_311","MATERIAL 311"
"MAT_312","MATERIAL 312"
"MAT_501","Material 501"
"MAT_508","MATERIAL508"
"MAT_509","MATERIAL509"
"MAT_510","MATERIAL510"
"MAT_511","MATERIAL511"
"MAT_512","MATERIAL512"
"MAT_601","MAT_511"
"MAT_602","MAT_511"
"MAT_603","MAT_511"
"MAT_604","MATERIAL604"
"MAT_605","MATERIAL605"
"MAT_606","MATERIAL606"
"MAT_607","MATERIAL604"
"MAT_608","MATERIAL608"
"MAT_610","MATERIAL610"
"MAT_611","MAT_611"
"MAT_612","MAT_612"
"MAT_613","MAT_613"
"MAT_614","MAT_614"
"MAT_615","MAT_615"
"MAT_616","MAT_616"
"MAT_617","MAT_617"
"MAT_618","MAT_618"
"MAT_619","MAT_619"
"MAT_711","MAT_711"
"MAT_712","MAT_712"
"MAT_713","MAT_713"
"MAT_911","MAT_911"
"MAT_912","MAT_912"
"MAT_913","MAT_913"
"MAT_9301","MAT_511"
"MAT_9302","MAT_511"
"MAT_9303","MAT_511"
"MAT_9304","MAT_511"
"MAT_9305","MAT_511"
"MAT_931066_MAT1","MATERIAL"
"MAT_931066_MAT2","MATERIAL"
"MAT_AKP001","NEW MATERIAL"
"MAT_AKP002","NEW MATERIAL"
"MAT_AKP240","MATERIAL FOR PROJECT"
"MAT_ALPHA03","P"
"MAT_ALPHA04","P"
"MAT_ALPHA05","P"
"MAT_ALPHA06","P"
"MAT_ALPHA07","P"
"MAT_ALPHA08","P"
"MAT_ALPHA09","P"
"MAT_ANN049","MATERIAL1"
"MAT_ANN3","MATERIAL1"
"MAT_BV01","MATERIAL FOR PROJECT"
"MAT_BV11","MATERIAL FOR PROJECT"
"MAT_DEMO","MAT_DEMO"
"MAT_DEMO_1","DEMO MATERIAL"
"MAT_DEMO_2","MAT_DEMO_2_DESCR"
"MAT_DEMO_61","MAT_DEMO_61_DESCRIPTION"
"MAT_DEMO_SSS","MAT_DEMO_61_DESCRIPTION"
"MAT_P01","MATERIAL FOR PROJECT"
"MAT_P05","MATERIAL FOR PROJECT"
"MAT_R9342","NEW MATERIAL"
"MAT_S1","MATERIAL FOR PROJECT"
"MAT_S2","MATERIAL FOR PROJECT"
"MAT_TEST_1212","Material 1212 Testing"
"MAT_TEST_PLM_0001","PLM OData Material Creation Testing"
"MAT_TEST_PLM_0002","PLM OData Material Creation Testing"
"MAT_V5","MATERIAL FOR PROJECT"
"MAT_VAR","Materil Variant for Hana PPE"
"MAT_VBB01","MATERIAL FOR PROJECT"
"MAT_VBB010","MATERIAL FOR PROJECT"
"MAT_VBB011","MATERIAL FOR PROJECT"
"MAT_VBB012","MATERIAL FOR PROJECT"
"MAT_VBB013","MATERIAL FOR PROJECT"
"MAT_VBB014","MATERIAL FOR PROJECT"
"MAT_VBB015","MATERIAL FOR PROJECT"
"MAT_VBB016","MATERIAL FOR PROJECT"
"MAT_VBB017","MATERIAL FOR PROJECT"
"MAT_VBB018","MATERIAL FOR PROJECT"
"MAT_VBB019","MATERIAL FOR PROJECT"
"MAT_VBB020","MATERIAL FOR PROJECT"
"MAT_VBB021","MATERIAL FOR PROJECT"
"MAT_VBB022","MATERIAL FOR PROJECT"
"MAT_VBB023","MATERIAL FOR PROJECT"
"MAT_VBB024","MATERIAL FOR PROJECT"
"MAT_VBB025","MATERIAL FOR PROJECT"
"MAT_VBB026","MATERIAL FOR PROJECT"
"MAT_VBB027","MATERIAL FOR PROJECT"
"MAT_VBB029","MATERIAL FOR PROJECT"
"MAT_VBB030","MATERIAL FOR PROJECT"
"MAT_VBB031","MATERIAL FOR PROJECT"
"MAT_VBB032","MATERIAL FOR PROJECT"
"MAT_VBB033","MATERIAL FOR PROJECT"
"MAT_VBB034","MATERIAL FOR PROJECT"
"MAT_VBB035","MATERIAL FOR PROJECT"
"MAT_VBB037","MATERIAL FOR PROJECT"
"MAT_VBB038","MATERIAL FOR PROJECT"
"MAT_VBB039","MATERIAL FOR PROJECT"
"MAT_VBB04","MATERIAL FOR PROJECT"
"MAT_VBB040","MATERIAL FOR PROJECT"
"MAT_VBB041","MATERIAL FOR PROJECT"
"MAT_VBB042","MATERIAL FOR PROJECT"
"MAT_VBB043","MATERIAL FOR PROJECT"
"MAT_VBB048","MATERIAL FOR PROJECT"
"MAT_VBB049","MATERIAL FOR PROJECT"
"MAT_VBB05","MATERIAL FOR PROJECT"
"MAT_VBB06","MATERIAL FOR PROJECT"
"MAT_VBB060","MATERIAL FOR PROJECT"
"MAT_VBB061","MATERIAL FOR PROJECT"
"MAT_VBB07","MATERIAL FOR PROJECT"
"MAT_VBB077","MATERIAL FOR PROJECT"
"MAT_VBB078","MATERIAL FOR PROJECT"
"MAT_VBB079","MATERIAL FOR PROJECT"
"MAT_VBB08","MATERIAL FOR PROJECT"
"MAT_VBB080","MATERIAL FOR PROJECT"
"MAT_VBB081","MATERIAL FOR PROJECT"
"MAT_VBB082","MATERIAL FOR PROJECT"
"MAT_VBB089","MATERIAL FOR PROJECT"
"MAT_VBB09","MATERIAL FOR PROJECT"
"MAT_ZZZ2","MATERIAL FOR PROJECT"
"MAX_BATTERY","Standard Battery Pack"
"MCCB","MCCB 100 Amp"
"MCL-EN-AS-01","ENGINE ASSEMBLY"
"MCL-EN-AS-02","CYLINDER HEAD"
"MCL-EN-AS-03","CRANKSHAFT"
"MCL-EN-AS-04","CAMSHAFT"
"MCL-EN-AS-05","PISTON"
"MCL-EN-AS-06","VALVE TRAIN"
"MCL-EN-AS-07","ENGINE HEAD"
"MCL-EN-AS-08","ENGINE VALVE TRAIN"
"MCL-EN-AS-09","ENGINE PISTON"
"MDG08","Mobile Generator | 8kVA / 8.1kW | Diesel"
"MDG150","Mobile Generator | 20kVA / 19kW | Diesel"
"MEDICINE","Test recording"
"MEDICINES","DEMO"
"MEDICINES MATERIAL","Test Material for understanding"
"METER","Voltage & Current Meters"
"MICRO OVEN","MICRO OVEN"
"MIRROR","mirror"
"MIRROR01","Heated, Automatic Rear View Mirror"
"MIRROR02","Heated, Rear View Mirror"
"MIRROR03","Rear View Mirror"
"MKCJLRHELWOOD01","JLR Testing Material"
"MM001","Colddrink"
"MM002","laptop001"
"MM003","Power Edge Server"
"MM004","mech fin gd"
"MM005","Make to Order item"
"MM0N","Power N"
"MM815","MMD1"
"MM816","MMD2"
"MM817","MMD3"
"MM818","MMD4"
"MM819","MMD5"
"MM820","tesst"
"MM_05","Checking new Material"
"MM_15","Checking new Material"
"MM_20","Checking new Material"
"MM_21","Checking new Material"
"MM_22","Checking new Material"
"MM_401","Material 401"
"MM_402","Material 402"
"MM_403","Material 403"
"MM_405","TEST DATA"
"MM_406","test"
"MM_444","mm444"
"MM_445","mm445"
"MM_446","mm446"
"MM_447","mm447"
"MM_448","mm448"
"MM_501","Material 501"
"MM_502","Material 501"
"MM_503","Material 503"
"MM_505","Material 505"
"MM_506","Material 506"
"MM_601","Material601"
"MM_602","Material602"
"MM_603","Material603"
"MM_604","Material603"
"MOBILE X","mobile variants"
"MOBILE_APPLE","apple mobiles"
"MOBILE_APPLE2","apple 2 mobiles"
"MOB_BATTERY","mobile battery cover"
"MOB_BATTERY_ABC","ABC BATTERY"
"MOB_BATTERY_XYZ","XYZ BATTERY"
"MOB_BODY","mobile body"
"MOB_BODY_GLASS","GLASS BODY STRUCTURE"
"MOB_BODY_METALLIC","METALLIC BODY STRUCTURE"
"MOB_SCREEN","mobile screen"
"MOB_SCREEN_4.5NCH","4.5INCHEWS SCREEN"
"MOB_SCREEN_4INCH","4 INCHES SCREEN"
"MOB_SCREEN_5.5NCH","5.5 INCHES SCREEN"
"MOB_SCREEN_5INCH","5 INCH SCREEN"
"MOB_SIM","mobile cim locator"
"MOB_SIM_MICRO","MICRO SIM LOCATOR"
"MONITOR P-01626788","Monitor model p-01626788"
"MONITOR P-01626789","Monitor model p-01626789"
"MOTOR","Motor for vehicles"
"MPS","MPS ALL"
"MPS1","MPS1"
"MPS2","MPS2"
"MPSH","MPS Header"
"MPSH1","MPSH1"
"MPSH2","MPSH2"
"MPSHE","MPS ALL"
"MPSHE1","MPS1"
"MPSHE2","MPS2"
"MRTEST","MRtest"
"MSEXCEL","infodba (infodba)"
"MSS-001","Master Spare Parts"
"MSS-002","Material 002"
"MSS-003","Material 003"
"MSWORD","infodba (infodba)"
"MYTEST","MYTST"
"M_000001821","FF91 Configurable Material"
"M_000001821N","FF MBOM VEHI"
"M_000001821_1","FF MBOM Variant1"
"M_000001822","FF91 Configurable Material"
"M_000002000","FF91 Configurable Material-1"
"N1","Material1 Description"
"NEW MATERIAL H","Hitesh Computer"
"NEW_ANODE1","New ANODE1 FERT"
"NEW_KMAT","New KMAT"
"NEXON ELECRIC DATA","electric vehicle car production"
"NITIN 101","nitin material for release strategy"
"NITIN IMPORT","Nitin import material"
"NITIN PETROL","Petrol product"
"NITIN01","Blower"
"NITIN02","Blower"
"NITIN03","test nitin 03"
"NITIN04","test nitin 04"
"NITIN05","nitin 05 dt 11.07.18"
"NITIN06","material for subcontracting"
"NITIN07","nitin 06 as component"
"NITIN08","nitin 06 as component"
"NITIN11","nitinmetal10meters"
"NITIN11PROC","nitinmetal10meters processed"
"NITIN12","nitinmetal07meters"
"NITIN13","nitinmetal03meters"
"NITIN14","nitin 14 hybe operating supplies"
"NITIN51FF","nitin test material for FF"
"NITIN52FF","nitin test material 52  FF"
"NITIN53FF","nitin test material 53 for FF"
"NR.1111241","John Wayne (jwayne)"
"NR.1111242","John Wayne (jwayne)"
"OILPAN_150","OILPAN FOR 150CC"
"OILPAN_220","OILPAN FOR 220CC"
"OIL_PAN","CAR OIL_PAN"
"OIL_PAN 2","CAR_HS OIL_PAN"
"OIL_PAN 4","CAR_HS OIL_PAN"
"OIL_PAN 6","CAR_HS OIL_PAN"
"OIL_PAN_P","CAR OIL_PAN"
"OVEN01","OVEN"
"P-0000171","BOLT 2.5"""
"P-0000174","BOLT 3.5"""
"P-0000176","BOLT 3.5"""
"P-0000177","COMPONENT for 3.5"""
"P-0000178","COMPONENT for 3.5"""
"P-0000182","BOM"
"P-0000188","BOM1"
"P-0000189","bom1.2"
"P-0000190","bom1.1"
"P-0000191","bom2.1"
"P-0000193","test"
"P-0000194","BOLT 1.2"""
"P-0000195","Component for BOLT 1.2"""
"P-0000196","Component for BOLT 1.2"""
"P-0000197","Component for BOLT 1.2"""
"P-0000198","Sub Component of Bolt 1.2"""
"P-0000199","Bolt for 2"""
"P-0000200","Component for 2"""
"P-0000201","Component for 2"""
"P-0000202","Component for 2"""
"P-0000203","SubComponent for 2"""
"P-0000204","BOLT 4.5"""
"P-0000205","COMPONENT FOR BOL 4.5"""
"P-0000206","COMPONENT FOR BOL 4.5"""
"P-0000207","SubComponent"
"P-0000208","Added New part"
"P-0000209","Manual Push to SAP TEST"
"P-0000210","BOM Push"
"P-0000211","CREATION OF BOM"
"P-0000212","BOLT 2.5"" for Tyre"
"P-0000213","BOLT 1.5"" for Tyre"
"P-0000214","Component of BOLT 2.5"""
"P-0000216","Updating BOM"
"P-0000218","BOLT 1.1"
"P-0000219","BOLT 1"
"P-0000220","BOLT 1"
"P-0000228","RIVNUT"
"P-0000229","UCA FR LH Buildup"
"P-0000230","UPR_CONTROL_ARM_FR_LH_ASSY"
"P-0000231","BOLT - M14X2.0X80 HX FL PIL CL10.9 1"
"P-0000232","NUT - M14X2.0X80 HX FL PIL CL10.9"
"P-0000233","UPR_CONTROL_ARM_FR_LH"
"P-0000238","test"
"P-0000239","child-1.123"
"P-0000240","child-1.123"
"P-0000241","child-1.123"
"P-0000242","child sub-1.12"
"P-0000243","child sub-1.12"
"P-0002259","test"
"P-0002260","test"
"P-0002261","test"
"P-0002262","abc -123"
"P-0002263","test"
"P-0002264","Washer 5.2 used in Assy & Part"
"P-0002265","Washer 6.5 used in Assembly"
"P-0002266","Assembly For SAP Update"
"P-0002268","WASHER 4.5 SAP Updated"
"P-0002269","Bolt 2.5 SAP"
"P-0002270","Bolt 2.5 SAP updated in 3DX"
"P-0002271","Assembly for SAP Push"
"P-0002272","WASHER 2.5 as Sub Component"
"P-0002285","BOLT 2.5"
"P-0002286","BOLT 2.5"
"P-0002287","BOLT 2.5"
"P-0002288","BOLT 2.5"
"P-0002289","BOLT 2.5"
"P-0002290","WASHER 2.5 used in assembly"
"P-0002291","WASHER 2.5 used in assembly"
"P-0002296","Push to SAP"
"P-0002297","Test"
"P-0002310","BOLT 2.5 in Assembly"
"P-0002311","BOLT 2.5 in Assembly"
"P-0002312","BOLT 2.5 in Assembly"
"P-0002313","BOLT 2.5 in Assembly"
"P-0002314","BOLT 2.5 in Assembly"
"P-0002325","TestPart"
"P-0002331","scassaxsx"
"P-0002335","test"
"P-0002336","test"
"P-0002337","seg"
"P-0002338","zxvsd"
"P-00124140","TORQUE BOX, FRONT UPPER FWD RH"
"P-00137438","PUSH RIVET M08x16.80 PUSH RIVET FF-101-1"
"P-00143926","PUSH RIVET M08x16.80 PUSH RIVET FF-101-1"
"P-00148101","BATT_ENCL_COVER_ASSY"
"P-00166008","Rear View Mirror Camera"
"P-00204424","CLINCH NUT M6x1.0 LBM PC10--FF-101-180_A"
"P-00248982","MMU"
"P-00290087","X-MEM_BATT_LATERAL FRT"
"P-00290088","X-MEM_BATT LATERAL MID"
"P-00290091","REINF_ASSY_BATT_NODE_LWR_FRT-RH"
"P-00290098","REINF_BATT RAIL SIDE RH"
"P-00290113","BATT_ENCL_CLOSEOUT-RR"
"P-00290114","BOLT M6x1x10 HEX FLANGE, FF-101-351_D"
"P-00290115","X-MEM ASSY_BATT LATERAL MID"
"P-00290121","CLIP_BATT MID"
"P-00290122","CLIP_LONGERON RR"
"P-00290124","REINF_ASSY_BATT_NODE_LWR_FRT-LH"
"P-00290125","REINF_BATT_NODE_LWR_FRT-LH"
"P-00290126","REINF_ASSY_BATT_NODE_LWR_RR-LH"
"P-00290127","PNL_BATT_COVER"
"P-00290130","ENCL ASSY_BATT_Z-RR"
"P-00290131","REINF_BATT_NODE_LWR_RR-RH"
"P-00290132","BATT_ENCL_COVER_SUBASSY"
"P-00290136","REINF_BATT_NODE_LWR_FRT-RH"
"P-00290140","REINF_BATT_NODE_LWR_RR-LH"
"P-00290144","REINF_ASSY_BATT_NODE_LWR_RR-RH"
"P-00290145","REINF_ASSY_BATT_RAIL_SIDE - RH"
"P-00290146","REINF_BATT RAIL SIDE LH"
"P-00290149","BATT_ENCL_COVER_ASSY"
"P-00290155","X-MEM ASSY_BATT LATERAL FRT"
"P-00290156","REINF ASSY_BATT RAIL SIDE LH"
"P-00290173","PNL_RR CLOSURE INR UPR LH"
"P-00290181","SCREW M5x-0.8x21.95 CLASS 8.8 HEX CAP, F"
"P-00290187","ASSY REINF_B PILLAR W RH"
"P-00290188","REINF_B PLR OTR RH"
"P-00290191","SCREW M5x-0.8x21.95 CLASS 8.8 HEX CAP, F"
"P-00290197","PNL_QTR INR UPR LH"
"P-00290200","PNL ASSY_DRAIN TROUGH LH"
"P-00290201","REINF_RR HEADER LWR"
"P-00290202","REINF_FRT HDR UPR"
"P-00290203","PNL_REAR WHEEL HOUSE LH OUTER"
"P-00290204","REINF_D RING MID UPR RH"
"P-00290205","REINF_D RING MID UPR LH"
"P-00290209","PNL_RR WHEEL HOUSE RR RH"
"P-00290211","REINF ASSY_RR RETRACTOR PLATE LH"
"P-00290212","SCREW, M6-1.0x20 BUTTON HEAD, HEXALOBULA"
"P-00290213","PNL_RR WH CLOSEOUT FWD-LH"
"P-00290218","REINF ASM_FWD RETRACTOR PLATE LH"
"P-00290220","MIDFLOOR CRUSH CAN  4 - RH"
"P-00290227","SCREW, M6-1.0x20 BUTTON HEAD, HEXALOBULA"
"P-00290228","BRACKET_FENDER_SUPPORT_AFT_LH"
"P-00290230","REINF_SIDE SILL OUTER LH"
"P-00290232","PNL_RR CLOSURE INR UPR RH"
"P-00290234","REINF ASSY_B PLR INR LH"
"P-00290235","REINF_B PLR INR LH"
"P-00290238","REINF_HINGE PLR LH"
"P-00290243","REINF_B PLR OTR LH"
"P-00290244","BRACKET, RH - COWL PANEL, LH"
"P-00290245","PNL_REAR CLOSURE OTR CTR"
"P-00290248","PNL_QTR INR AFT RH"
"P-00290249","SCREW M5x-0.8x21.95 CLASS 8.8 HEX CAP, F"
"P-00290251","SCREW, M6-1.0x20 BUTTON HEAD, HEXALOBULA"
"P-00290255","REINF_LIFTGATE POWER STRUT DOUBLER RH"
"P-00290259","PNL_REAR WHEEL HOUSE RH OUTER"
"P-00290263","PNL_TAIL LAMP MTG INR UPR RH"
"P-00290264","SCREW, M6-1.0x20 BUTTON HEAD, HEXALOBULA"
"P-00290271","PNL_TOP C-RING RH"
"P-00290272","PNL_BOTTOM C-RING LH"
"P-00290280","PNL_RR WH CLOSEOUT AFT-RH"
"P-00290281","BRACKET_FENDER_SUPPORT_AFT_RH"
"P-00290284","REINF_B PLR INR RH"
"P-00290292","PNL_QTR INR LWR RH"
"P-00290293","PNL_QTR LWR SUPPORT LH"
"P-00290294","SCREW, M6-1.0x20 BUTTON HEAD, HEXALOBULA"
"P-00290295","SCREW, M6-1.0x20 BUTTON HEAD, HEXALOBULA"
"P-00290297","PNL_DRAIN TROUGH RH"
"P-00290299","PNL_DRAIN TROUGH LH"
"P-00290302","COWL SIDE INR FWD_LH"
"P-00290305","REINF_D RING UPR INBD-RH"
"P-00290313","PNL_RR WHEEL HOUSE RR LH"
"P-00290314","PNL_RR WHEEL HOUSE FRT LH"
"P-00290317","PNL_BOTTOM C-RING RH"
"P-00290318","REINF_FWD RETRACTOR PLATE RH"
"P-00290319","REINF_FWD RETRACTOR PLATE LH"
"P-00290320","BRACKET_FENDER_SUPPORT_SIDE"
"P-00290321","REINF_C PLR OTR UPPER LH"
"P-00290328","REINF_HINGE PLR RH"
"P-00290330","COWL PANEL MID - WINDSHIELD"
"P-00290331","BRACKET, LH - COWL PANEL, LH"
"P-00290332","SCREW M5x-0.8x21.95 CLASS 8.8 HEX CAP, F"
"P-00290335","PNL_QTR INR LWR LH"
"P-00290336","REINF_D RING UPR LH"
"P-00290340","PNL_REAR CLOSURE OTR EXT LH"
"P-00290354","PNL_QTR INR AFT LH"
"P-00290356","REINF_D RING UPR INBD-LH"
"P-00290360","PNL_TAIL LAMP MTG INR UPR LH"
"P-00290364","REIN ASSY_STRIKER PLATE_LIFTGATE"
"P-00290365","REIN_STRIKER PLATE LIFTGATE"
"P-00290367","REINF_C PLR UPPER OTR RH"
"P-00290368","GUSSET_COWL SIDE INR RH"
"P-00290371","REINF_SIDE SILL OUTER_RH"
"P-00290375","PNL_BODYSIDE OTR RH"
"P-00290380","REINF_LIFTGATE POWER STRUT DOUBLER LH"
"P-00290381","COWL SIDE INR FWD_RH"
"P-00290384","REINF_REAR RETRACTOR PLATE"
"P-00290385","SCREW, M6-1.0x20 BUTTON HEAD, HEXALOBULA"
"P-00290386","PNL_TOP C-RING LH"
"P-00290391","SCREW M5x-0.8x21.95 CLASS 8.8 HEX CAP, F"
"P-00290399","PNL_QTR INR UPR RH"
"P-00290400","GUSSET_COWL SIDE INR LH"
"P-00290401","PNL RR CLOSURE INR CTR"
"P-00290402","REINF ASSY_B PLR INR RH"
"P-00290403","PNL_BODYSIDE OTR LH"
"P-00290406","REINF_BOW B PLR"
"P-00290409","REINF_RR HEADER UPR"
"P-00290410","PNL_REAR CLOSURE OTR EXT RH"
"P-00290417","PNL ASSY_DRAIN TROUGH RH"
"P-00290430","RAIL  FRONT RH"
"P-00290432","RAIL  FRONT LH"
"P-00290433","TORQUE BOX ASSY, FRONT LOWER AFT RH"
"P-00290435","TORQUE BOX ASSY, FRONT UPPER AFT RH"
"P-00290436","CROSSMEMBER  TOWBOARD  LOWER"
"P-00290445","SCREW M5x-0.8x21.95 CLASS 8.8 HEX CAP, F"
"P-00290446","BRACE - SHOCK TOWER"
"P-00290447","RAIL ASSY  MID  RH"
"P-00290449","PANEL, FLOOR RR"
"P-00290453","TORQUE BOX ASSY  REAR UPPER FWD  RH"
"P-00290455","TORQUE BOX  REAR UPPER FWD  RH"
"P-00290456","TORQUE BOX  REAR UPPER FWD  LH"
"P-00290457","TORQUE BOX  REAR UPPER AFT  LH"
"P-00290458","CROSSMEMBER  KICKUP  UPPER"
"P-00290459","PANEL, WHEEL CLOSURE, AFT, RH"
"P-00290473","BRACKET, CROSS CAR"
"P-00290478","SCREW M5x-0.8x21.95 CLASS 8.8 HEX CAP, F"
"P-00290479","DASH PANEL  LOWER - FLOOR"
"P-00290480","CROSSMEMBER ASSY, REAR SEAT, FWD"
"P-00290481","TORQUE BOX  REAR UPPER AFT  RH"
"P-00290482","CROSSMEMBER  REAR FLOOR  AFT"
"P-00290483","RAIL ASSY, REAR, RH"
"P-00290484","RAIL, REAR, RH"
"P-00290486","PLATE  BUMPER MOUNT  REAR LH"
"P-00290489","PANEL, WHEEL CLOSURE, AFT, LH"
"P-00290492","TORQUE BOX, FRONT LOWER AFT LH"
"P-00290493","TORQUE BOX, FRONT UPPER AFT RH"
"P-00290503","SCREW M5x-0.8x21.95 CLASS 8.8 HEX CAP, F"
"P-00290504","SCREW M5x-0.8x21.95 CLASS 8.8 HEX CAP, F"
"P-00290505","SCREW M5x-0.8x21.95 CLASS 8.8 HEX CAP, F"
"P-00290506","RAIL MID RH"
"P-00290508","CROSSMEMBER, FRONT SEAT, FWD"
"P-00290509","CROSSMEMBER, REAR SEAT, FWD"
"P-00290510","TORQUE BOX, REAR LOWER AFT, RH"
"P-00290511","TORQUE BOX, REAR LOWER AFT, LH"
"P-00290512","SCREW M5x-0.8x21.95 CLASS 8.8 HEX CAP, F"
"P-00290513","TORQUE BOX ASSY  REAR UPPER AFT  LH"
"P-00290514","PANEL TORQUE BOX REAR FWD"
"P-00290515","PANEL  TORQUE BOX  REAR  AFT"
"P-00290516","SCREW M5x-0.8x21.95 CLASS 8.8 HEX CAP, F"
"P-00290519","SCREW M5x-0.8x21.95 CLASS 8.8 HEX CAP, F"
"P-00290520","TORQUE BOX, FRONT UPPER AFT LH"
"P-00290521","TORQUE BOX FRONT UPPER FWD LH"
"P-00290522","DASH PANEL"
"P-00290525","BRACKET_FENDER_SUPPORT_MID_RH"
"P-00290527","GUSSET  RH - SHOCK TOWER"
"P-00290528","GUSSET  LH - SHOCK TOWER"
"P-00290533","TORQUE BOX, FRONT LOWER AFT RH"
"P-00290538","BRACKET_FENDER_SUPPORT_MID_LH"
"P-00290541","COVER  LH - SIDE PANEL  DASH PANEL"
"P-00290542","RAIL MID LH"
"P-00290543","PLATE  BUMPER MOUNT  REAR RH"
"P-00290544","RAIL, REAR, LH"
"P-00290545","CROSSMEMBER, KICKUP, LOWER"
"P-00290546","SCREW M5x-0.8x21.95 CLASS 8.8 HEX CAP, F"
"P-00290548","SCREW M5x-0.8x21.95 CLASS 8.8 HEX CAP, F"
"P-00290550","SCREW M5x-0.8x21.95 CLASS 8.8 HEX CAP, F"
"P-00290551","CROSSMEMBER  MID - DASH PANEL  LOWER"
"P-00290554","SCREW M5x-0.8x21.95 CLASS 8.8 HEX CAP, F"
"P-00290555","CAP FRONT SEAT AFT"
"P-00290558","RAIL ASSY  FRONT RH"
"P-00290559","REINF ASSY_SHOCK TOWER FRT RH"
"P-00290560","REINF ASSY_SHOCK TOWER FRT LH"
"P-00290567","TORQUE BOX ASSY, REAR LOWER AFT, LH"
"P-00290569","BRACKET ASSY, CROSS CAR"
"P-00290572","TORQUE BOX ASSY, REAR LOWER AFT, RH"
"P-00290575","TORQUE BOX, FRONT UPPER FWD RH"
"P-00290576","SCREW M5x-0.8x21.95 CLASS 8.8 HEX CAP, F"
"P-00290577","TORQUE BOX ASSY  REAR UPPER FWD  LH"
"P-00301782","REINFORCEMENT INNER, REAR CROSSMEMBER, R"
"P-00334698","PLATE  BUMPER MOUNT  FRONT RH"
"P-00334699","PLATE  BUMPER MOUNT  FRONT LH"
"P-00340027","SCREW M5x0.8x13.25 CLASS 8.8 HEX CAP W/F"
"P-00340030","SCREW M5x0.8x13.25 CLASS 8.8 HEX CAP W/F"
"P-00340031","SCREW M5x0.8x13.25 CLASS 8.8 HEX CAP W/F"
"P-00340032","SCREW M5x0.8x13.25 CLASS 8.8 HEX CAP W/F"
"P-00340034","PUSH RIVET M08x16.80 PUSH RIVET FF-101-1"
"P-00340035","SCREW M5x0.8x13.25 CLASS 8.8 HEX CAP W/F"
"P-00340036","SCREW M5x0.8x13.25 CLASS 8.8 HEX CAP W/F"
"P-00340037","SCREW M5x0.8x13.25 CLASS 8.8 HEX CAP W/F"
"P-00340908","SCREW M5x0.8x13.25 CLASS 8.8 HEX CAP W/F"
"P-00340909","SCREW M5x0.8x13.25 CLASS 8.8 HEX CAP W/F"
"P-00340912","SCREW M5x0.8x13.25 CLASS 8.8 HEX CAP W/F"
"P-00340913","SCREW M5x0.8x13.25 CLASS 8.8 HEX CAP W/F"
"P-00340914","SCREW M5x0.8x13.25 CLASS 8.8 HEX CAP W/F"
"P-00340916","SCREW M5x0.8x13.25 CLASS 8.8 HEX CAP W/F"
"P-00340917","SCREW M5x0.8x13.25 CLASS 8.8 HEX CAP W/F"
"P-00340918","SCREW M5x0.8x13.25 CLASS 8.8 HEX CAP W/F"
"P-00340919","SCREW M5x0.8x13.25 CLASS 8.8 HEX CAP W/F"
"P-00341007","SCREW M5x0.8x13.25 CLASS 8.8 HEX CAP W/F"
"P-00341008","SCREW M5x0.8x13.25 CLASS 8.8 HEX CAP W/F"
"P-00381962","CROSSMEMBER  FWD - SHOCK TOWER"
"P-00398135","REAR BUMPER"
"P-00398139","SCREW, M6-1.0x20 BUTTON HEAD, HEXALOBULA"
"P-00398148","SCREW M5x-0.8x21.95 CLASS 8.8 HEX CAP, F"
"P-00398155","REINF_BUMPER BEAM RR_CLOSEOUT RH"
"P-00398168","REINF_BUMPER BEAM RR"
"P-00398173","FRONT BUMPER SYS"
"P-00398174","REINF_BUMPER BEAM RR_CLOSEOUT LH"
"P-00398179","BRACKET_FENDER_SUPPORT_FWD_LH"
"P-00398180","REINF ASSY_BUMPER SYSTEM RR"
"P-00398183","BRACKET_FENDER_SUPPORT_FWD_RH"
"P-00402583","Hinge  Door - RH FR Upper"
"P-00402584","SCREW, M4-0.7x6.0 BUTTON HEAD CAP, MCMAS"
"P-00402585","BOLT M06x1.00x16.00 HEX FLANGE BOLT W/ M"
"P-00402586","Hinge  Door - RH RR Lower"
"P-00403313","NUT, FLANGED HEX, M6 x 14.2MM OD"
"P-00404498","Hood Assembly"
"P-00404519","PANEL_HOOD_OUTER"
"P-00404520","PANEL_HOOD_INNER"
"P-00405793","Fender Assy_RH"
"P-00405794","Reinforcement_Fender Upper_RH"
"P-00405795","Panel_Front Fender_RH"
"P-00405798","Reinforcement_Fender_Rear_RH"
"P-00405820","Fender Assy_LH"
"P-00405822","Panel_Front Fender_LH"
"P-00405823","Reinforcement_Fender Upper_LH"
"P-00405825","Reinforcement_Fender_Rear_LH"
"P-00406984","BRACKET ASSEMBLY, RH - COWL PANEL, LH"
"P-00406985","BRACKET ASSEMBLY, LH - COWL PANEL, LH"
"P-00407757","REINF ASSY_SIDE SILL OUTER_RH"
"P-00407758","REINF ASSY_SIDE SILL OUTER_LH"
"P-00407764","GUSSET ASSEMBLY  RH - SHOCK TOWER"
"P-00407765","GUSSET ASSEMBLY  LH - SHOCK TOWER"
"P-00407864","Fastener Collector Platform To Body Shel"
"P-00424114","REINF ASSY_FR DR MIRROR RH"
"P-00424115","INNER PANEL  MID - FRONT  RH"
"P-00424116","BEAM ASSY_FR DR RH"
"P-00424117","REINF_FR DR MIRROR RH"
"P-00424118","REINF_FR DR HINGE UPR RH"
"P-00424119","REINF ASSY_FR DR OTR BELT RH"
"P-00424120","REINF_FR DR BEAM RH"
"P-00424121","REINF_FR DR HINGE LWR RH"
"P-00424122","OUTER PANEL  UPR - FRONT  RH"
"P-00424123","OUTER PANEL  LWR - FRONT  RH"
"P-00424125","REINF_FR DR FLUTTER RH"
"P-00424126","BEAM_FR DR RH"
"P-00424127","REINF_FR DR LATCH RH"
"P-00424128","REINF ASSY_FR DR HINGE UPR RH"
"P-00424130","REINF ASSY_FR DR LATCH RH"
"P-00424132","REINF_FR DR OTR BELT RH"
"P-00424133","NVH_Soundproof_Pad_ 600mm X 50mm"
"P-00424134","Door Assy_Front_RH"
"P-00424135","INNER PANEL  FRT - FRONT  RH"
"P-00424136","REINF ASSY_FR DR HINGE LWR RH"
"P-00424137","REINF_FR DR INR BELT RH"
"P-00424139","OUTER PANEL  LWR - FRONT  LH"
"P-00424141","REINF_FR DR INR BELT LH"
"P-00424142","REINF_FR DR BEAM LH"
"P-00424143","BEAM_FR DR LH"
"P-00424145","REINF_FR DR HINGE LWR LH"
"P-00424146","REINF_FR DR OTR BELT LH"
"P-00424149","OUTER PANEL  UPR - FRONT  LH"
"P-00424150","INNER PANEL  FRT - FRONT  LH"
"P-00424152","BEAM ASSY_FR DR LH"
"P-00424154","INNER PANEL  MID - FRONT  LH"
"P-00424155","REINF_FR DR FLUTTER LH"
"P-00424156","REINF ASSY_FR DR LATCH LH"
"P-00424157","REINF_FR DR HINGE UPR LH"
"P-00424160","REINF ASSY_FR DR MIRROR LH"
"P-00424161","REINF_FR DR MIRROR LH"
"P-00424162","REINF ASSY_FR DR HINGE LWR LH"
"P-00424164","REINF ASSY_FR DR HINGE UPR LH"
"P-00424165","REINF ASSY_FR DR OTR BELT LH"
"P-00424167","REINF_FR DR LATCH LH"
"P-00424170","Door Assy_Front_LH"
"P-00424179","INNER PANEL  MID - REAR  RH"
"P-00424180","REINF_RR DR FLUTTER RH"
"P-00424181","BEAM_RR DR RH"
"P-00424182","REINF_RR DR LATCH RH"
"P-00424183","REINF ASSY_RR DR HINGE LWR RH"
"P-00424186","REINF ASSY_RR DR HINGE UPR RH"
"P-00424187","REINF_RR DR HINGE UPR RH"
"P-00424189","REINF_RR DR HINGE LWR RH"
"P-00424190","REINF_RR DR OTR BELT RH"
"P-00424192","OUTER PANEL  LWR - REAR  RH"
"P-00424193","INNER PANEL  REAR - REAR  RH"
"P-00424194","REINF_RR DR BEAM RH"
"P-00424195","REINF ASSY_RR DR LATCH RH"
"P-00424198","OUTER PANEL  UPR - REAR  RH"
"P-00424201","Door Assy_Rear_RH"
"P-00424203","REINF_RR DR INR BELT RH"
"P-00424206","BEAM ASSY_RR DR RH"
"P-00424207","REINF ASSY_RR DR OTR BELT RH"
"P-00424275","BEAM ASSY_RR DR LH"
"P-00424276","REINF ASSY_RR DR OTR BELT LH"
"P-00424278","Door Assy_Rear_LH"
"P-00424279","OUTER PANEL  UPR - REAR  LH"
"P-00424280","OUTER PANEL  LWR - REAR  LH"
"P-00424281","INNER PANEL  REAR -REAR  LH"
"P-00424284","REINF_RR DR LATCH LH"
"P-00424285","REINF_RR DR HINGE UPR LH"
"P-00424287","REINF ASSY_RR DR HINGE LWR LH"
"P-00424289","INNER PANEL  MID - REAR  LH"
"P-00424290","REINF_RR DR BEAM LH"
"P-00424291","REINF_RR DR FLUTTER LH"
"P-00424292","REINF_RR DR HINGE LWR LH"
"P-00424294","REINF ASSY_RR DR LATCH LH"
"P-00424295","REINF ASSY_RR DR HINGE UPR LH"
"P-00424296","REINF_RR DR INR BELT LH"
"P-00424297","BEAM_RR DR LH"
"P-00424303","REINF_RR DR OTR BELT LH"
"P-00431656","M10x1.50x35.00 HEX FLANGE SEMS BOLT WITH"
"P-00437876","REINF_SHOCK TOWER FRT RH"
"P-00437877","REINF_SHOCK TOWER FRT LH"
"P-00439597","SCREW, M6-1.0x20 BUTTON HEAD, HEXALOBULA"
"P-00439604","PNL ASSY_QTR INR UPR LH"
"P-00440129","BRACKET_HOOD HINGE_SUPPORT_RH"
"P-00440130","BRACKET_HOOD STRUT_SUPPORT_RH"
"P-00440131","BRACKET_HOOD HINGE_SUPPORT_LH"
"P-00440132","BRACKET_HOOD STRUT_SUPPORT_LH"
"P-00440635","CROSSMEMBER ASSEMBLY  FORWARD - SHOCK TO"
"P-00440638","BRACKET_SPEAKER CARRIER_MID"
"P-00440639","BRACKET  RH - SPEAKER CARRIER"
"P-00440640","BRACKET  LH - SPEAKER CARRIER"
"P-00440846","DOOR_FRONT_PAINT_SHOP_SEALER"
"P-00442572","REINF_ASSY_HOOD_STRIKER"
"P-00442573","REINF_HOOD_STRIKER"
"P-00451116","PUSH RIVET M08x16.80 PUSH RIVET FF-101-1"
"P-00453216","Watershield_Frt Door_LH"
"P-00453217","Watershield_Rear Door_RH"
"P-00453218","Watershield_Frt Door_RH"
"P-00453219","Watershield_Rear Door_LH"
"P-00457650","REINF-HINGE PLR LH"
"P-00460416","POST  BRACE - SHOCKTOWER  FRONT"
"P-00497512","SIDE AIRBAG SEAT MOUNTED, FRONT LH DF91"
"P-00498039","CLIP_LONGERON FRT"
"P-00498040","LONGERON - RH"
"P-00498041","LONGERON - LH"
"P-00498042","BATT_ENCL_CLOSEOUT-FRT"
"P-00498133","BRACE ASSEMBLY - SHOCK TOWER"
"P-00499500","PUDDLE LIGHT, FUNCTIONAL"
"P-00499501","SWITCH, DOOR RELEASE, FRONT RIGHT"
"P-00499849","USB Hub Module"
"P-00500529","SCREW, M8-1.25x45, EXT 6-LOBE, ULTRA LOW"
"P-00500734","SCREW 22x10.00 DELTA PT SIX LOBE ROUND W"
"P-00500775","SCREW, M2.5-0.45x6.0, BUTTON HEAD, HEXAL"
"P-00501236","Touch with Circular Polarizer, FPD"
"P-00501239","SCREW M5x0.8x13.25 CLASS 8.8 HEX CAP W/F"
"P-00501275","HARNESS ASSEMBLY, PROPELLER"
"P-00501277","Circular Polarizer, IPC"
"P-00501288","AR Film, FPD"
"P-00502036","Washer pump"
"P-00502038","Level sensor"
"P-00502738","CLINCH NUT M20x2.50 S-DBM PC10--FF-101-6"
"P-00503441","HLC pump"
"P-00503459","BRACKET, INLINE CONNECTORS, REAR FLOOR L"
"P-00503472","PUSH RIVET M08x16.80 PUSH RIVET FF-101-1"
"P-00503482","Liftgate Assembly"
"P-00503483","Panel_Liftgate Outer Upper"
"P-00503501","PUSH RIVET M08x16.80 PUSH RIVET FF-101-1"
"P-00503521","Panel_Liftgate Outer Lower"
"P-00503522","Panel_Liftgate Inner Frame"
"P-00503628","REAR_INTEGRAL_LINK"
"P-00503629","REAR_TOE_LINK_INNER_BUSHING"
"P-00503630","MECHANISM ASSEMBLY, LIDAR"
"P-00503631","PUSH RIVET M08x16.80 PUSH RIVET FF-101-1"
"P-00503638","PUSH RIVET M08x16.80 PUSH RIVET FF-101-1"
"P-00503639","PUSH RIVET M08x16.80 PUSH RIVET FF-101-1"
"P-00503648","Underhood Module Bracket Assembly"
"P-00503648 C.1","Underhood Module Bracket Assembly"
"P-00503677","PUSH RIVET M08x16.80 PUSH RIVET FF-101-1"
"P-00503683","UHM Bracket Standoffs"
"P-00503686","Underhood Module Bracket"
"P-00506978","NUT, FLANGED HEX, M6 x 14.2MM OD,  PREVA"
"P-00506980","SCREW, FLANGED BUTTON HEAD, HEXALOBULAR"
"P-00506981","NUT, FLANGED HEX, M6 x 14.2MM OD,  PREVA"
"P-00506982","SCREW, M6-1.0x20 BUTTON HEAD, HEXALOBULA"
"P-00506983","SCREW, M6-1.0x20 BUTTON HEAD, HEXALOBULA"
"P-00506984","SCREW, M6-1.0x20 BUTTON HEAD, HEXALOBULA"
"P-00506989","Rear Door Emergency Release Handle RH"
"P-00506990","HARNESS ASSEMBLY, DOOR TRIM RR"
"P-00507017","RIVNUT M08x1.25 MEDIUM CARBON STEEL THIN"
"P-00507689","NUT, FLANGED HEX, M6 x 14.2MM OD"
"P-00507690","MOUNTING BRACKET, DASH CAMERA"
"P-00522964","BOTTOM HOUSING, BODY GATEWAY CONTROL MOD"
"P-00526036","Wave trap minus"
"P-00526900","Exterior Mirror LH Flat GL"
"P-00526901","Exterior Mirror RH Convex GL N Amer"
"P-00527791","SCREW M4.2x19.00 HEX HEAD TAPPING SCREW"
"P-00527793","SCREW M4.2x19.00 HEX HEAD TAPPING SCREW"
"P-00527796","Rear Window Regulator RH"
"P-00527798","Rear Window Regulator LH"
"P-00530306","PNL ASSY_RR WHEEL HOUSE MID RH"
"P-00530307","PNL ASSY_RR WHEEL HOUSE MID LH"
"P-00530308","PNL_RR WHEEL HOUSE MID RH"
"P-00530309","PNL_RR WHEEL HOUSE MID LH"
"P-00532263","Rear Door Latch RH"
"P-00532267","SWITCH, DOOR, LOCK UNLOCK"
"P-00532269","PUSH NUT ROUND FLAT TYPE FOR STUDS, ROD"
"P-00532279","Door Striker"
"P-00532281","NUT, FLANGED HEX, M8 x 17.9MM OD"
"P-00532288","PUSH NUT ROUND FLAT TYPE FOR STUDS, ROD"
"P-00532291","Rear Door Emergency Release Handle LH"
"P-00532762","SCREW, M4-0.7x6.0 BUTTON HEAD CAP, MCMAS"
"P-00532763","Rear Door Latch LH"
"P-00533065","PNL_TAIL LAMP MTG INR RH OUTBD"
"P-00533066","PNL_TAIL LAMP MTG INR LH OUTBD"
"P-00535142","Strut_Door Power_Front (As Purchased)"
"P-00535143","Strut_Door Power_Rear (As Purchased)"
"P-00535145","Strut_Door Power_Front_LH (As Installed)"
"P-00535146","Strut_Door Power_Rear_LH (As Installed)"
"P-00535540","NUT, FLANGED HEX, M6 x 14.2MM OD"
"P-00537647","SCREW M5x-0.8x21.95 CLASS 8.8 HEX CAP, F"
"P-00538616","BOLT M06x1.00x16.00 HEX FLANGE BOLT W/ M"
"P-00538617","BOLT M06x1.00x16.00 HEX FLANGE BOLT W/ M"
"P-00538868","Front Quarter Glass RH"
"P-00538869","Front Quarter Glass LH"
"P-00538870","MOUNTING BRACKET, iHUB - LH"
"P-00538871","B-Pillar EOG Seal LH"
"P-00539173","CLINCH STUD, M6 x20MM DBB W/ MATPOINT"
"P-00540444","BOLT M10-1.50x28.00 TORX PLUS PAN FLANGE"
"P-00540555","SCREW M5x0.8x13.25 CLASS 8.8 HEX CAP W/F"
"P-00540556","BRACKET  LH - HUD"
"P-00540557","SUPPORT_SHOTGUN VERTICAL AFT_LH"
"P-00540561","CLINCH NUT, M6 x 5MM x 10.2MM OD LBM, PR"
"P-00540562","CLINCH STUD, M8 x 22MM EPB W/ DOGPOINT"
"P-00540563","BOLT M06x1.00x24.00 HEX FLANGE SEMS BOLT"
"P-00540567","External Sounder Assembly - Front"
"P-00540571","PUSH RIVET M08x16.80 PUSH RIVET FF-101-1"
"P-00540575","BRACKET-LOWER RESERVOIR WEG"
"P-00540710","CROSSMEMBER ASSY  REAR FLOOR  AFT"
"P-00540793","REINF_ROOF RAIL CAP INR RH"
"P-00540794","REINF_ROOF RAIL CAP INR LH"
"P-00541061","M05x12.00 PT ROUND WASHER HEAD SCREW FF-"
"P-00543481","PROD S3 Retainer"
"P-00543482","PROD S12 Retainer"
"P-00543483","FR FASCIA GRILLE"
"P-00543484","SCREW, M2.5-0.45x6.0, BUTTON HEAD, HEXAL"
"P-00543486","FASCIA_LWR_RR"
"P-00543488","SPOILER_INNER"
"P-00543494","U-NUT, M4 FF-101-617_A"
"P-00543497","SPOILER_UPPER"
"P-00543499","FR FASCIA LOWER"
"P-00543501","CLIP, WITH SEAL FF-101-885_A"
"P-00543503","BRACKET_BUTTRESS_LOWER_SUPPORT_LH"
"P-00543505","Spoiler Glass Seal"
"P-00545740","Reinf_Liftgate Striker"
"P-00546151","Reinf_Liftgate Side Pillar RH"
"P-00546152","Reinf_Liftgate Side Pillar LH"
"P-00546475","FRONT CONSOLE - FRONT SIDE PANEL, LH"
"P-00546476","FRONT CONSOLE - MID SIDE PANEL, NVH, LH"
"P-00546477","CAP, 12V POWER OUTLET"
"P-00546478","Sensor_TInterior"
"P-00547423","Panel_Liftgate Inner Frame Upper"
"P-00547548","COVER_GASKET"
"P-00550273","Watershield Assy_Frt Door_RH"
"P-00550274","Watershield Assy_Frt Door_LH"
"P-00550275","Watershield Assy_Rear Door_RH"
"P-00550276","Watershield Assy_Rear Door_LH"
"P-00573914","SCREW, M4-0.7x6.0 BUTTON HEAD CAP, MCMAS"
"P-00578257","Front Quarter Outer Belt RH"
"P-00578258","Front Quarter Outer Belt LH"
"P-00578259","Front Outer Belt RH"
"P-00578260","Front Outer Belt LH"
"P-00579096","Front Inner Belt RH"
"P-00579097","U-NUT, M5 FF-101-161_A"
"P-00579098","Rear Outer Belt RH"
"P-00579099","Rear Outer Belt LH"
"P-00579100","Rear Inner Belt RH"
"P-00579101","Rear Inner Belt LH"
"P-00579102","NVH - RR FLOOR INSULATOR AFT"
"P-00579103","NVH - WHEEL HOUSE INSULATOR FRT RH DF91"
"P-00579104","PUSH NUT ROUND FLAT TYPE FOR STUDS, ROD"
"P-00579105","PUSH NUT ROUND FLAT TYPE FOR STUDS, ROD"
"P-00579107","P-00579107  Hood To Fascia Seal"
"P-00579109","SCREW, M6X1.0X45 HEX CAP WITH FLAT SEMS"
"P-00579110","SCREW, M6X1.0X45 HEX CAP WITH FLAT SEMS"
"P-00579113","Front Door Margin Seal RH"
"P-00579114","NVH - RR FLOOR INSULATOR FOR"
"P-00579115","Front Secondary Seal RH"
"P-00579120","NVH - WHEEL HOUSE INSULATOR RR LH DF91"
"P-00579121","FLOOR - FLOOR DUCT RR RH DF91"
"P-00579122","FLOOR - FLOOR DUCT BEZEL LH DF91"
"P-00579123","PUSH NUT ROUND FLAT TYPE FOR STUDS, ROD"
"P-00579124","NVH - DASH INSULATOR"
"P-00579127","Liftgate Seal"
"P-00579127R","P-00579127R"
"P-00579128","OVHD CONSOLE - FRONT COVER ASSY"
"P-00579129","FLOOR - FLOOR DUCT RR LH DF91"
"P-00579233","J-UB1 ADHESIVE"
"P-00579234","J-UB2 Adhesive"
"P-00600562","REINF_ASSY_HOOD_HINGE_LH"
"P-00600563","REINF_ASSY_HOOD_HINGE_RH"
"P-00600568","REINF_HOOD_HINGE"
"P-00606244","RIVSTUD M8x1.25x22 BLIND, THREADED, KNUR"
"P-00607672","PUSH NUT ROUND FLAT TYPE FOR STUDS, ROD"
"P-00607673","Hinge  Door - LH FR Lower"
"P-00607679","BOLT M06x1.00x16.00 HEX FLANGE BOLT W/ M"
"P-00607680","PUSH NUT ROUND FLAT TYPE FOR STUDS, ROD"
"P-00608444","DOOR TRIM ASSY,FR LH BASE"
"P-00608445","PNL ASSY_QTR INR LWR LH"
"P-00608447","PNL ASSY_QTR INR AFT RH"
"P-00608448","PNL ASSY_QTR INR AFT LH"
"P-00609419","NUT, FLANGED HEX, M8 x 17.9MM OD"
"P-00612116","Strut_Liftgate Power (As Purchased)"
"P-00612139","Strut_Liftgate Power_As Installed_LH (As"
"P-00612147","Reinf_Liftgate Power Strut_Body_RH"
"P-00612148","Reinf_Liftgate Power Strut_Body_LH"
"P-00612309","PUSH NUT ROUND FLAT TYPE FOR STUDS, ROD"
"P-00614243","J-Battery Enclosure"
"P-00623595","REINF ASSY_FR DR PWR STRUT RH/LH"
"P-00623597","REINF ASSY_RR DR PWR STRUT RH/LH"
"P-00623599","REINF_FR DR PWR STRUT RH/LH"
"P-00623601","REINF_RR DR PWR STRUT RH/LH"
"P-00623680","BATT_ENCL_STRUCTURAL_ASSY"
"P-00623681","BATT_ENCL_FLOOR_ASSY"
"P-00623682","BATT_ENCL_MISC_ASSY"
"P-00625040","2R 5050 LH SIDEBOX HARNESS FOR LIGHT"
"P-00625044","SCREW M5x0.8x13.25 CLASS 8.8 HEX CAP W/F"
"P-00625047","SCREW M5x0.8x13.25 CLASS 8.8 HEX CAP W/F"
"P-00625051","SCREW M5x0.8x13.25 CLASS 8.8 HEX CAP W/F"
"P-00625054","SCREW M5x0.8x13.25 CLASS 8.8 HEX CAP W/F"
"P-00625252","FRONT CONSOLE - REAR SIDE PANEL, LH"
"P-00625871","SCREW, M6-1.0x20 BUTTON HEAD, HEXALOBULA"
"P-00625872","SCREW, M6-1.0x20 BUTTON HEAD, HEXALOBULA"
"P-00627133","SCREW M4.2x19.00 HEX HEAD TAPPING SCREW"
"P-00627134","SCREW M4.2x19.00 HEX HEAD TAPPING SCREW"
"P-00630433","BOLT M06x1.00x16.00 HEX FLANGE BOLT W/ M"
"P-00630434","BRACKET  LH - HUD"
"P-00630439","Double Sided Tape"
"P-00631802","LSM"
"P-00634696","SCREW M06x1.00x20.00 HEAVY HEX FLANGE SC"
"P-00634708","PNL ASM_TOP_C-RING LH"
"P-00635371","NUT, FLANGED HEX, M8 x 17.9MM OD"
"P-00635372","SCREW, M6X1.0X45 HEX CAP WITH FLAT SEMS"
"P-00636217","NVH - WHEEL HOUSE INSULATOR FRT LH DF91"
"P-00636219","Hood To Fender Seal LH"
"P-00636461","S-BATTERY ENCLOSURE SEALER"
"P-00639597","BOLT M06x1.00x16.00 HEX FLANGE BOLT W/ M"
"P-00639620","BOLT M06x1.00x16.00 HEX FLANGE BOLT W/ M"
"P-00639621","BOLT M6x1x10 HEX FLANGE, FF-101-351_D"
"P-00643143","ASSY_SEAT_1R RH_V1"
"P-00643147","BOLT M10-1.50x28.00 TORX PLUS PAN FLANGE"
"P-00643149","BOLT M10-1.50x28.00 TORX PLUS PAN FLANGE"
"P-00643150","ASSY_SEAT_1R LH_V2"
"P-00644505","15.4"" Center Info Display"
"P-00644802","HARNESS ASSEMBLY, CONSOLE FT"
"P-00644803","5.7"" LT Rear Door Display"
"P-00644808","HARNESS ASSEMBLY, CONSOLE RR"
"P-00644809","DOOR TRIM FRT - LH ASY DF91"
"P-00645400","BUTTRESS_REINFORCEMENT_BRACKET_RH"
"P-00645401","DOOR FLANGE LOWER DOGHOUSE_LH"
"P-00645402","DOOR FLANGE LOWER DOGHOUSE_RH"
"P-00645403","BUTTRESS_REINFORCEMENT_BRACKET_LH"
"P-00645405","FRT_END_ADJ_BRKT_LH"
"P-00645407","RADAR_ADJUST_ACCESS_PANEL_FRT_LH"
"P-00673225","ZIPPER BRKT_FASCIA FRT_LH"
"P-00673228","BOLT M06x1.00x24.00 HEX FLANGE SEMS BOLT"
"P-00673233","FRONT CONSOLE - FRONT SIDE PANEL, RH"
"P-00673234","DOOR TRIM RR,  RH ASSY DF91"
"P-00673236","--OBSOLETE-- USE REV A"
"P-00673237","LIDAR SUPPORT BEAM ASSY"
"P-00673238","SWITCH, DOOR RELEASE, FRONT LEFT"
"P-00673239","DOOR TRIM RR, LH ASSY DF91"
"P-00673240","PUSH RIVET M08x16.80 PUSH RIVET FF-101-1"
"P-00673241","--OBSOLETE-- USE REV A"
"P-00673243","SWITCH, DOOR RELEASE, REAR LEFT"
"P-00673244","Front Door Emergency Release Handle LH"
"P-00673245","--OBSOLETE-- USE REV A"
"P-00673246","PUSH RIVET M08x16.80 PUSH RIVET FF-101-1"
"P-00673247","ZIPPER BRKT_FASCIA FRT_RH"
"P-00673254","FPD ASSEMBLY, WITH BLOWER"
"P-00673256","PUSH RIVET M08x16.80 PUSH RIVET FF-101-1"
"P-00673257","FRT END CARRIER INNER ASSY"
"P-00673258","PUSH RIVET M08x16.80 PUSH RIVET FF-101-1"
"P-00673259","TOLERANCE COMPENSATOR, M6, WITTE KU01136"
"P-00673260","BOLT M06x1.00x24.00 HEX FLANGE SEMS BOLT"
"P-00673296","SCREW M5x0.8x13.25 CLASS 8.8 HEX CAP W/F"
"P-00674236","PUSH RIVET M08x16.80 PUSH RIVET FF-101-1"
"P-00674237","PUSH RIVET M08x16.80 PUSH RIVET FF-101-1"
"P-00674371","SCREW M5x0.8x13.25 CLASS 8.8 HEX CAP W/F"
"P-00683236","TOW HOOK_FRONT"
"P-00683236 B.1","TOW HOOK_FRONT"
"P-00683423","NUT, FLANGED HEX, M8 x 17.9MM OD"
"P-00683426","DRIVER AIRBAG DF91"
"P-00683427","SEAT BELT Retractor Assy - 5050, Rear LH"
"P-00683455","FEM BRACKET RH"
"P-00683456","COVER_REAR_TOW_EYE"
"P-00683457","PROD S10 Retainer"
"P-00683458","FOAM PAD"
"P-00683464","AIR_CURTAIN_TRIM_BROW_RH"
"P-00683466","FEM_BRACKET_LH"
"P-00683467","PROD S7 Retainer"
"P-00683468","BRACKET_FASCIA_SUPPORT_MID_RR"
"P-00683493","2R LH SIDE PANEL ASSY"
"P-00683495","NUT, FLANGED HEX, M8 x 17.9MM OD"
"P-00683496","Spoiler Camera"
"P-00683499","Liftgate Hinge Cutout Seal LH"
"P-00683502","QUARTER PANEL CARRIER RR-LH"
"P-00683503","QUARTER PANEL CARRIER RR-RH"
"P-00683507","PANEL CLIP 16.5 M03-0900-26 FF-101-120"
"P-00683509","FOAM PAD"
"P-00684332","SCREW M06x1.00x32.00 HEX CAP SCREW WITH"
"P-00684333","BRKT_LIGHT ARRAY_LWR"
"P-00684383","BRKT_FOG LAMP UPR_LH"
"P-00684387","HEADLAMP WASHER BRKT FRT RH"
"P-00684389","SCREW M06x1.00x32.00 HEX CAP SCREW WITH"
"P-00684391","TOW EYE CAP"
"P-00684392","PROD S6 Retainer"
"P-00684393","PROD S1 Retainer"
"P-00684407","BOLT M06x1.00x16.00 HEX FLANGE BOLT W/ M"
"P-00684434","2R RH SIDE PANEL ASSY"
"P-00684480","REAR_QUARTER_PANEL_LH"
"P-00684484","REAR_QUARTER_PANEL_RH"
"P-00684557","QUARTER PANEL CARRIER FR-RH"
"P-00684562","LIDAR SUPPORT BEAM"
"P-00684563","STUD, CLINCH M6x1.0x20 S-EPB WITH DOGPOI"
"P-00684566","FRT_END_ADJ_BRKT_RH"
"P-00684567","FRT END CARRIER_OUTER"
"P-00684569","RADAR_ADJUST_ACCESS_PANEL_RR_LH"
"P-00684570","AERO_RAMP_DIFFUSER_CARRIER_LH"
"P-00684571","AERO_PNL_FRT_CHASSIS"
"P-00684578","RADAR_ADJUST_ACCESS_PANEL_FRT_RH"
"P-00684580","SCREW, M2-0.4x6.0 SOCKET BUTTON HEAD HEX"
"P-00685369","SCREW, M2-0.4x6.0 SOCKET BUTTON HEAD HEX"
"P-00685371","BOLT M10-1.50x28.00 TORX PLUS PAN FLANGE"
"P-00685523","WHEEL_LINER_RR-LH"
"P-00685739","INTERIM M04x0.70x10.00 BUTTON HEAD SOCKE"
"P-00686507","BOLT M06x1.00x16.00 HEX FLANGE BOLT W/ M"
"P-00686508","BOLT M06x1.00x16.00 HEX FLANGE BOLT W/ M"
"P-00686624","NUT, FLANGED HEX, M6 x 14.2MM OD"
"P-00687929","TOW HITCH PACKAGE"
"P-00687930","XMEMBER_HITCH"
"P-00687931","HOUSING_FOR_DETACHABLE_RECEIVER"
"P-00687932","DETACHABLE_RECEIVER"
"P-00687933","SIDE_PLATE_HITCH"
"P-00687934","CHAIN_PLATE"
"P-00689412","PNL_ASSY_REAR WHEEL HOUSE RH OUTER"
"P-00690167","BATT_ENCL_CLIP FWD-RH"
"P-00694588","BATT_ENCL_SKID_PLATE_RR"
"P-00694590","BATT_ENCL_SKID_PLATE_CLIP_RR-RH"
"P-00699125","SKID_PLATE_FWD-RH"
"P-00699128","SKID_PLATE_CLIP_FWD_INBD-RH"
"P-00699130","SKID_PLATE_CLIP_FWD_OUTBD-RH"
"P-00699222","Fender Assy_RH"
"P-00699398","SCREW M5x-0.8x21.95 CLASS 8.8 HEX CAP, F"
"P-00699399","REINF_UMH EXTRUSION RH"
"P-00699400","SCREW M5x-0.8x21.95 CLASS 8.8 HEX CAP, F"
"P-00699401","REINF_UMH EXTRUSION LH"
"P-00699921","SKID_PLATE_CLIP_FWD_INBD-LH"
"P-00699936","SKID_PLATE_CLIP_FWD_OUTBD-LH"
"P-00699937","BATT_ENCL_SKID_PLATE_CLIP_RR-LH"
"P-00700470","SKID_PLATE_FWD-LH"
"P-00700491","INTERIM-- NUT M5x0.8 HEX FF-101-456_A_IN"
"P-00700703","SOP_ProdBOM_DF91_2019_LH DRIVE"
"P-00700906","INTERIM-- NUT M5x0.8 HEX FF-101-456_A_IN"
"P-00701458","S-BIW SEAM SEALER"
"P-00701619","PANEL CLIP 16.5 M03-0900-26 FF-101-120"
"P-00703124","BOLT M06x1.00x16.00 HEX FLANGE BOLT W/ M"
"P-00703179","SCREW M5x0.8x13.25 CLASS 8.8 HEX CAP W/F"
"P-00703191","SCREW M5x-0.8x21.95 CLASS 8.8 HEX CAP, F"
"P-00703195","SCREW M5x-0.8x21.95 CLASS 8.8 HEX CAP, F"
"P-00704012","BAFFLE_ROCKER_CAP_RR_LH"
"P-00704013","BAFFLE_ROCKER_CAP_RR_RH"
"P-00704014","BAFFLE_A PILLAR_FRT_UPR_LH"
"P-00704015","BAFFLE_A PILLAR_FRT_UPR_RH"
"P-00704473","SCREW M5x-0.8x21.95 CLASS 8.8 HEX CAP, F"
"P-00704558","MOUNTING BRACKET, ADAPTER MODULE"
"P-00704564","BOLT M06x1.00x16.00 HEX FLANGE BOLT W/ M"
"P-00710582","Antenna FR Seal"
"P-00715944","BOLT M06x1.00x16.00 HEX FLANGE BOLT W/ M"
"P-00715951","SCREW, FLANGED BUTTON HEAD, SOCKET,  M6"
"P-00715952","SCREW, FLANGED BUTTON HEAD, SOCKET,  M6"
"P-00715979","BUTTRESS INNER LH"
"P-00715981","AERO_BRKT_CLAMP_RR_BATTERY_LH"
"P-00715992","SCREW M5x0.8x13.25 CLASS 8.8 HEX CAP W/F"
"P-00715996","SCREW M5x0.8x13.25 CLASS 8.8 HEX CAP W/F"
"P-00716035","SCREW M5x0.8x13.25 CLASS 8.8 HEX CAP W/F"
"P-00718214","SCREW, FLANGED BUTTON HEAD, HEXALOBULAR"
"P-00718216","SCREW, M6-1.0x20 BUTTON HEAD, HEXALOBULA"
"P-00718349","Bracket, MMU mounting"
"P-00718958","PUSH RIVET M08x16.80 PUSH RIVET FF-101-1"
"P-00720679","BRACKET, FRONT BODY CONTROL MODULE"
"P-00720958","BRACKET_SENSOR_FRONT_RH"
"P-00720978","BRACKET_SENSOR_FRONT_LH"
"P-00721772","Foam Seal A"
"P-00724064","BOLT M06x1.00x24.00 HEX FLANGE SEMS BOLT"
"P-00724072","CONFIG_SEAL DOOR TOP MOLDING ASSY RH"
"P-00724835","Gasket Watershield_Rear Door_RH"
"P-00724836","Gasket Watershield_Rear Door_LH"
"P-00724880","Gasket Watershield_Front Door_RH"
"P-00724881","Gasket Watershield_Front Door_LH"
"P-00724885","REINF ASSY_LIFTGATE STRUT DOUBLER RH"
"P-00724886","BOLT M06x1.00x16.00 HEX FLANGE BOLT W/ M"
"P-00724887","BOLT M06x1.00x16.00 HEX FLANGE BOLT W/ M"
"P-00724888","SCREW, M6-1.0x20 BUTTON HEAD, HEXALOBULA"
"P-00724889","FRONT CONSOLE DF91 KIT ASSY"
"P-00724910","BOLT M06x1.00x16.00 HEX FLANGE BOLT W/ M"
"P-00724912","SCREW, FLANGED BUTTON HEAD, HEXALOBULAR"
"P-00724913","SCREW, M6-1.0x20 BUTTON HEAD, HEXALOBULA"
"P-00724914","SCREW, M6-1.0x20 BUTTON HEAD, HEXALOBULA"
"P-00725053","BUMPER ASSY"
"P-00725177","INTERIM-- WASHER M5 FLAT FF-101-456_A_IN"
"P-00760144","INVERTER ASSEMBLY, FUNCTIONAL"
"P-00763205","BUTTRESS INNER RH"
"P-00763937","CROSSMEMBER ASSY  TOWBOARD  LOWER"
"P-00764199","Physical Product01781526"
"P-00764201","Physical Product01781525"
"P-00764202","MODULE, FR MID RANGE RADAR"
"P-00764257","PROD S5 Retainer"
"P-00764258","FASCIA_TRIM BROW_FRT"
"P-00773219","DASH CAMERA"
"P-00773909","PUSH RIVET M08x16.80 PUSH RIVET FF-101-1"
"P-00773910","PUSH RIVET M08x16.80 PUSH RIVET FF-101-1"
"P-00775482","PNL_QTR INR AFT RH"
"P-00776068","SCREW GROMMET, 11.5 DIA, FF-101-157_A"
"P-00778123","BOLT M06x1.00x24.00 HEX FLANGE SEMS BOLT"
"P-00780309","BAFFLE  TOWBOARD RR"
"P-00780452","REINFORCEMENT  FRONT CROSSMEMBER  RH"
"P-00781596","--OBSOLETE-- USE REV A"
"P-00781598","NUT M06x1.00 NUT WASHER ASSLY FF-101-717"
"P-00782932","Exterior Mirror LH Convex GL"
"P-00782939","Exterior Mirror RH Convex GL"
"P-00783589","DF91 SYSTEM-EXTERIORS"
"P-00783781","PROD S9 Retainer"
"P-00783782","PROD S8 Retainer"
"P-00783927","BELTLINE LIGHT, AMBIENT - REAR DOOR, LH"
"P-00783928","FRONT CONSOLE - MID SIDE PANEL, NVH, RH"
"P-00784262","CONFIG_HOOD ASSY"
"P-00784303","RH SPEAKER GRILL ASSY"
"P-00784336","5.7"" RT Rear Door Display"
"P-00784338","2R 5050 LH SIDEBOX BRACKET"
"P-00784339","COMMON PILL LIGHT, AMBIENT"
"P-00784342","BELTLINE LIGHT, AMBIENT - REAR DOOR, RH"
"P-00784509","AERO_ACCESS_PNL_ROCKER_ASSY_RH"
"P-00784513","SCREW M5x0.8x13.25 CLASS 8.8 HEX CAP W/F"
"P-00784514","AERO_ACCESS_PNL_ROCKER_ASSY_LH"
"P-00784516","SCREW M5x0.8x13.25 CLASS 8.8 HEX CAP W/F"
"P-00784613","SCREW M5x0.8x13.25 CLASS 8.8 HEX CAP W/F"
"P-00784616","BOLT M06x1.00x24.00 HEX FLANGE SEMS BOLT"
"P-00784617","BOLT M06x1.00x24.00 HEX FLANGE SEMS BOLT"
"P-00785718","Reinf_Assy_Liftgate Side Pillar RH"
"P-00785720","Reinf_Assy_Liftgate Side Pillar LH"
"P-00785723","Panel_Assy_Liftgate Inner Frame"
"P-00786035","PANEL, TRUNK, FLOOR"
"P-00786036","BRACKET  LH - GUSSET  SHOCKTOWER"
"P-00789228","DF91 Prod - Bracket Installation  SRS Up"
"P-00789229","DF91 Prod - Bracket Assembly  SRS Up-Fro"
"P-00789233","DF91 Prod - Bracket Installation  SRS Up"
"P-00789235","DF91 Prod - Bracket Assembly  SRS Up-Fro"
"P-00811506","GUIDE BAR Assy - Front DF91"
"P-00824847","FLOOR - FLOOR DUCT BEZEL RH DF91"
"P-00824848","FLOOR - FLOOR CARPET ASY DF91"
"P-00824849","NVH - WHEEL HOUSE INSULATOR RR RH DF91"
"P-00824850","Rear Outer Belt Assy LH"
"P-00825358","VARIANT_PILLAR TRIM LWR"
"P-00825359","VARIANT_DOOR TRIM RR RH"
"P-00825361","CONFIG_HARNESS ASSY, REAR RIGHT DOOR"
"P-00826082","INTERIM M04x0.70x10.00 BUTTON HEAD SOCKE"
"P-00826083","BOLT M8x1.25x100 HEX FLANGE BOLT FF-101-"
"P-00829289","SCREW M06x1.00x32.00 HEX CAP SCREW WITH"
"P-00829321","FPD ASSEMBLY, WITH BLOWER-GAMMA RUNNER"
"P-00829322","Touch with Circular Polarizer, FPD-GAMMA"
"P-00829780","B-Pillar Substrate RH"
"P-00829781","B-Pillar Applique RH (Standard)"
"P-00829930","BOLT M06x1.00x24.00 HEX FLANGE SEMS BOLT"
"P-00830634","Rear Quarter Glass RH (No Tint)"
"P-00830635","Rear Quarter Glass LH (No Tint)"
"P-00831126","CHASSIS ASSEMBLY - INVERTER"
"P-00831126 G.1","CHASSIS ASSEMBLY - INVERTER"
"P-00831159","Plastic Molding"
"P-00840826","BOTTOM HOUSING, THERMAL CONTROL MODULE"
"P-00840827","GORE VENT"
"P-00840828","TOP HOUSING, THERMAL CONTROL MODULE"
"P-00840829","SCREW 30X10 DELTA PT SIX LOBE ROUND WASH"
"P-00840830","WATER SHIELD_FR DOOR LH"
"P-00840831","GASKET_WATER SHIELD_FR DOOR LH"
"P-00840832","INNER PANEL  MID - REAR  RH"
"P-00840833","WATER SHIELD_FR DOOR RH"
"P-00840834","TOP HOUSING, DCM"
"P-00840835","GASKET_WATER SHIELD_RR DOOR LH"
"P-00840836","Rear Outer Belt Sensor Assy LH"
"P-00840837","WATER SHIELD_RR DOOR LH"
"P-00840838","INNER PANEL  MID - REAR  LH"
"P-00840840","HEADLAMP CLEANERS HOSE ASSY"
"P-00840841","BOTTOM HOUSING, DCM"
"P-00840842","GASKET_WATER SHIELD_RR DOOR RH"
"P-00840843","GASKET_WATER SHIELD_FR DOOR RH"
"P-00840852","Rear Outer Belt RH"
"P-00840853","WATER SHIELD_RR DOOR RH"
"P-00841298","SCREW, FLANGED BUTTON HEAD, HEXALOBULAR"
"P-00841303","SCREW, M6-1.0x20 BUTTON HEAD, HEXALOBULA"
"P-00842595","REAR_INTEGRAL_LINK_LOWER_BUSHING"
"P-00842596","REAR_INTEGRAL_LINK_UPPER_BUSHING"
"P-00842597","REAR_SUBFRAME_BUSHING_REAR"
"P-00842598","REAR_SUBFRAME_BUSHING_FRONT"
"P-00842600","Physical Product01781523"
"P-00842601","LIDAR"
"P-00842826","BOLT M06x1.00x30 CLASS 10.9 HEX FLANGE A"
"P-00843393","PANEL CLIP 16.5 M03-0900-26 FF-101-120"
"P-00843405","PANEL CLIP 16.5 M03-0900-26 FF-101-120"
"P-00843599","PLATE_FRONT RAIL_RH"
"P-00843600","PLATE_FRONT RAIL_LH"
"P-00844033","INTERFACE BRACKET_CHIN SPOILER_RH"
"P-00844034","AIR_CURTAIN FR INBOARD_LH"
"P-00844035","JUMP POST CAP"
"P-00844036","INT_BRKT_FRT_FASCIA_RH"
"P-00844037","PROD S4 Retainer"
"P-00852879","NVH_Stiffener_Patch_550mm X 100mm"
"P-00852880","NVH_Stiffener_Patch_150mm X 130mm"
"P-00854213","Front Outer Belt Sensor Assy RH"
"P-00854262","Front Outer Belt Sensor Assy LH"
"P-00855611","PNL_ASSY_RR_QTR_LH"
"P-00855785","Rear Outer Belt Sensor Assy RH"
"P-00855786","Rear Outer Belt Sensor Assy LH"
"P-00855845","FRT END ADJ BRKT LH ASSY"
"P-00857036","PUSH RIVET M08x16.80 PUSH RIVET FF-101-1"
"P-00857042","PUSH RIVET M08x16.80 PUSH RIVET FF-101-1"
"P-00857043","PUSH RIVET M08x16.80 PUSH RIVET FF-101-1"
"P-00857044","SCREW M5x0.8x13.25 CLASS 8.8 HEX CAP W/F"
"P-00857045","PUSH RIVET M08x16.80 PUSH RIVET FF-101-1"
"P-00857670","BRACKET_HEAT EXCHANGER_LH"
"P-00857676","REINFORCEMENT INNER, REAR CROSSMEMBER, L"
"P-00857678","BRACKET-FRONT LH  AERO DIFUSER-TRUNK"
"P-00857679","REINF_SHOCK TOWER FRT RH"
"P-00857681","CLINCH STUD, FLUSH HEAD M5 x 15MM, SEB"
"P-00857682","BRACKET - DASH PANEL"
"P-00857683","SCREW M5x0.8x13.25 CLASS 8.8 HEX CAP W/F"
"P-00857685","BRACKET, CROSS CAR"
"P-00857686","REINFORCEMENT OUTER  REAR CROSSMEMBER  L"
"P-00857689","CLINCH STUD, M8x1.25x40 DBB4 WITH MATPOI"
"P-00857690","CAGE NUT M10X1.5 PROJECTION WELD 3.0MM F"
"P-00857694","PANEL  TRUNK  SIDE  LH"
"P-00857695","PNL_BOTTOM C-RING RH"
"P-00857698","GUSSET  VERTICAL LH - SHOCK TOWER  FORWA"
"P-00857704","SCREW M5x0.8x13.25 CLASS 8.8 HEX CAP W/F"
"P-00857710","BAFFLE  TOWBOARD FR"
"P-00857711","RIVNUT M06x1.00 THIN HEAD KNURLED BODY C"
"P-00857712","SCREW M5x0.8x13.25 CLASS 8.8 HEX CAP W/F"
"P-00857717","CLINCH STUD M8x1.25x20 SEB FLUSH HEAD FF"
"P-00857718","TORQUE BOX  REAR UPPER FWD  RH"
"P-00857723","CROSSMEMBER  MID - DASH PANEL  LOWER"
"P-00857724","MIDFLOOR CRUSH CAN  6 - RH"
"P-00857725","MIDFLOOR CRUSH CAN  4 - RH"
"P-00857726","RAIL MID RH"
"P-00857727","PANEL CLIP 16.5 M03-0900-26 FF-101-120"
"P-00857729","SCREW, HEX HD, FLAT WASHER SEMS, M5 x 21"
"P-00857732","RAIL MID LH"
"P-00857753","SCREW M5x0.8x13.25 CLASS 8.8 HEX CAP W/F"
"P-00857754","SCREW M5x0.8x13.25 CLASS 8.8 HEX CAP W/F"
"P-00857758","SCREW M5x0.8x13.25 CLASS 8.8 HEX CAP W/F"
"P-00857759","SCREW M5x0.8x13.25 CLASS 8.8 HEX CAP W/F"
"P-00857762","SCREW M5x0.8x13.25 CLASS 8.8 HEX CAP W/F"
"P-00857763","SCREW M5x0.8x13.25 CLASS 8.8 HEX CAP W/F"
"P-00857766","SCREW M5x0.8x13.25 CLASS 8.8 HEX CAP W/F"
"P-00857770","SCREW M5x0.8x13.25 CLASS 8.8 HEX CAP W/F"
"P-00857772","SCREW M5x0.8x13.25 CLASS 8.8 HEX CAP W/F"
"P-00857774","SCREW M5x0.8x13.25 CLASS 8.8 HEX CAP W/F"
"P-00857776","SCREW M5x0.8x13.25 CLASS 8.8 HEX CAP W/F"
"P-00857777","ADL RR LH"
"P-00857788","SCREW M5x0.8x13.25 CLASS 8.8 HEX CAP W/F"
"P-00857790","SCREW M5x0.8x13.25 CLASS 8.8 HEX CAP W/F"
"P-00857791","HEXAGON_BOLT_WITH FLANGE_AM14x1,5x100_DI"
"P-00857792","SCREW M5x0.8x13.25 CLASS 8.8 HEX CAP W/F"
"P-00857794","SCREW M5x0.8x13.25 CLASS 8.8 HEX CAP W/F"
"P-00857795","AERO_PNL_RR_BATTERY_ASSY"
"P-00857796","JACK PAD"
"P-00857798","AERO_ACCESS_PNL_RR_AXL_MID_RH"
"P-00857799","SCREW M5x0.8x13.25 CLASS 8.8 HEX CAP W/F"
"P-00857803","AERO_ACCESS_PNL_DIFFUSER_RH"
"P-00857808","CROSSMEMBER, REAR SEAT, FWD"
"P-00857809","SCREW M5x0.8x13.25 CLASS 8.8 HEX CAP W/F"
"P-00857812","CLINCH NUT M6-13x1 STM, SELF-PIERCING PC"
"P-00857813","SCREW M5x0.8x13.25 CLASS 8.8 HEX CAP W/F"
"P-00857824","GANG CHANNEL STRIP"
"P-00857825","BLIND RIVET COUNTERSUNK HEAD BN 925 FF-1"
"P-00857826","SCREW M5x0.8x13.25 CLASS 8.8 HEX CAP W/F"
"P-00857827","BAFFLE  FR RAIL LH"
"P-00857829","PLATE  BUMPER MOUNT  FRONT LH"
"P-00857833","TORQUE BOX, FRONT UPPER AFT RH"
"P-00857840","MIDFLOOR CRUSH CAN  RR - RH"
"P-00857843","MIDFLOOR CRUSH CAN  1 - LH"
"P-00857844","SCREW M5x0.8x13.25 CLASS 8.8 HEX CAP W/F"
"P-00857846","SCREW M5x0.8x13.25 CLASS 8.8 HEX CAP W/F"
"P-00857864","SCREW M5x0.8x13.25 CLASS 8.8 HEX CAP W/F"
"P-00857865","AERO_RAMP_DIFFUSER_ASSY_RH"
"P-00857867","AERO_ACCESS_PNL_DIFFUSER_LH"
"P-00857870","SCREW M5x0.8x13.25 CLASS 8.8 HEX CAP W/F"
"P-00857870 A.1","HEXAGON_BOLT_WITH FLANGE_AM14x1.5x80_DIN"
"P-00857873","SCREW M5x0.8x13.25 CLASS 8.8 HEX CAP W/F"
"P-00857874","PUSH RIVET M6x18.8 PUSH RIVET FF-101-302"
"P-00857875","SCREW M5x0.8x13.25 CLASS 8.8 HEX CAP W/F"
"P-00857877","PUSH RIVET M08x16.80 PUSH RIVET FF-101-1"
"P-00857878","SCREW M5x0.8x13.25 CLASS 8.8 HEX CAP W/F"
"P-00857881","SCREW M5x0.8x13.25 CLASS 8.8 HEX CAP W/F"
"P-00857886","REINF_UMH EXTRUSION LH"
"P-00857888","SCREW M5x0.8x13.25 CLASS 8.8 HEX CAP W/F"
"P-00857889","DASH PANEL"
"P-00857890","FF-101-832_B, STUD, M12-1.5x27.0, M12-1."
"P-00857891","SCREW, M6x1.0x14 HEX CAP WITH FLAT SEMS"
"P-00857892","SCREW M5x0.8x13.25 CLASS 8.8 HEX CAP W/F"
"P-00857893","FRONT SEAT  MOUNTING BRACKET"
"P-00857894","SCREW M5x0.8x13.25 CLASS 8.8 HEX CAP W/F"
"P-00857897","PANEL, WHEEL CLOSURE, AFT, RH"
"P-00857899","TORQUE BOX  REAR UPPER FWD  LH"
"P-00857902","SCREW M5x0.8x13.25 CLASS 8.8 HEX CAP W/F"
"P-00857904","RAIL  FRONT LH"
"P-00857906","RAIL  FRONT RH"
"P-00857907","PLATE  BUMPER MOUNT  FRONT RH"
"P-00857911","QUARTER PANEL CARRIER RR-RH ASSEMBLY"
"P-00857912","BUTTRESS_FOAM_SEAL_LH"
"P-00857924","SCREW M5x0.8x13.25 CLASS 8.8 HEX CAP W/F"
"P-00857932","SCREW M5x0.8x13.25 CLASS 8.8 HEX CAP W/F"
"P-00857936","SCREW M5x0.8x13.25 CLASS 8.8 HEX CAP W/F"
"P-00857938","BRACKET, RH - COWL PANEL, LH"
"P-00857939","CLINCH NUT, M8 x 6.5 x 16.5MM OD DBM"
"P-00857940","HELICOIL M10x20--FF-101-736_A"
"P-00857942","PUSH RIVET M08x16.80 PUSH RIVET FF-101-1"
"P-00857943","REINF_SHOCK TOWER FRT LH"
"P-00857944","SCREW M5x0.8x13.25 CLASS 8.8 HEX CAP W/F"
"P-00857945","WHEELHOUSING CBS BAFFLE RH"
"P-00857949","SCREW M5x0.8x13.25 CLASS 8.8 HEX CAP W/F"
"P-00857953","RIVNUT M05x0.80 THIN HEAD KNURLED BODY C"
"P-00857954","SCREW M5x0.8x13.25 CLASS 8.8 HEX CAP W/F"
"P-00857955","BRACKET_ELECTRICAL-CONNECTOR"
"P-00857958","SCREW M5x0.8x13.25 CLASS 8.8 HEX CAP W/F"
"P-00857959","CROSSMEMBER  TOWBOARD  LOWER"
"P-00857960","SCREW M5x0.8x13.25 CLASS 8.8 HEX CAP W/F"
"P-00857965","NUT M10x1.50 PROJECTION WELD, HEX PC9--F"
"P-00857966","MIDFLOOR CRUSH CAN  FR - LH"
"P-00857967","SCREW M5x0.8x13.25 CLASS 8.8 HEX CAP W/F"
"P-00857976","SCREW M5x0.8x13.25 CLASS 8.8 HEX CAP W/F"
"P-00857982","SCREW M5x0.8x13.25 CLASS 8.8 HEX CAP W/F"
"P-00857985","SCREW M5x0.8x13.25 CLASS 8.8 HEX CAP W/F"
"P-00857987","EXTR  RAIL TO CHASSIS_RH"
"P-00858002","SCREW M5x0.8x13.25 CLASS 8.8 HEX CAP W/F"
"P-00858003","MIDFLOOR CRUSH CAN  5 - LH"
"P-00858004","BOLT M6-1x12 HEX FLANGE FF-101-342_C"
"P-00858027","SCREW M5x0.8x13.25 CLASS 8.8 HEX CAP W/F"
"P-00858028","SCREW M5x0.8x13.25 CLASS 8.8 HEX CAP W/F"
"P-00858029","SCREW M5x0.8x13.25 CLASS 8.8 HEX CAP W/F"
"P-00858032","TORQUE BOX  REAR UPPER AFT  RH"
"P-00858034","SCREW M5x0.8x13.25 CLASS 8.8 HEX CAP W/F"
"P-00858036","SCREW M5x0.8x13.25 CLASS 8.8 HEX CAP W/F"
"P-00858037","RIVNUT M08x1.25 6H HALF HEX LOW CARBON S"
"P-00858038","PUSH RIVET M08x16.80 PUSH RIVET FF-101-1"
"P-00858046","MIDFLOOR CRUSH CAN  FR - RH"
"P-00858049","MIDFLOOR CRUSH CAN  6 - LH"
"P-00858066","NUT M8x1.25 PROJECTION WELD HEX FLANGE P"
"P-00858067","SCREW M5x0.8x13.25 CLASS 8.8 HEX CAP W/F"
"P-00858073","MIDFLOOR CRUSH CAN  3 - LH"
"P-00858074","MIDFLOOR CRUSH CAN  RR - LH"
"P-00858084","SCREW M5x0.8x13.25 CLASS 8.8 HEX CAP W/F"
"P-00858090","BRACKET-FRONT MID  AERO DIFUSER-TRUNK"
"P-00858092","RIVNUT M08x1.25 MEDIUM CARBON STEEL STAN"
"P-00858096","SCREW M5x0.8x13.25 CLASS 8.8 HEX CAP W/F"
"P-00858097","CLINCH STUD, M5x0.8x20 EPB WITH DOGPOINT"
"P-00858114","SCREW M5x0.8x13.25 CLASS 8.8 HEX CAP W/F"
"P-00858117","SCREW M5x0.8x13.25 CLASS 8.8 HEX CAP W/F"
"P-00858118","GUSSET  RH - SHOCK TOWER"
"P-00858119","BAFFLE  TOWBOARD MID"
"P-00858131","SCREW M5x0.8x13.25 CLASS 8.8 HEX CAP W/F"
"P-00858134","SCREW M5x0.8x13.25 CLASS 8.8 HEX CAP W/F"
"P-00858136","CLINCH NUT, M8 x 6.5MM x 21MM OD DBM"
"P-00858137","PANEL CLIP 16.5 M03-0900-26 FF-101-120"
"P-00858138","MIDFLOOR CRUSH CAN  2 - RH"
"P-00859042","BOLT, M8x1.25x50 HEX FLANGE, FF-101-414_"
"P-00859043","BOLT, M8x1.25x50 HEX FLANGE, FF-101-414_"
"P-00859305","PUSH RIVET M08x16.80 PUSH RIVET FF-101-1"
"P-00859306","PUSH RIVET M08x16.80 PUSH RIVET FF-101-1"
"P-00859307","ADL RR RH"
"P-00859308","JACK PAD"
"P-00859309","PUSH RIVET M6x18.8 PUSH RIVET FF-101-302"
"P-00859310","COWL LEAF SCREEN ASSY"
"P-00859322","JACK PAD"
"P-00859323","BOLT, M8x1.25x50 HEX FLANGE, FF-101-414_"
"P-00859324","JACK PAD"
"P-00859325","BOLT, M8x1.25x50 HEX FLANGE, FF-101-414_"
"P-00859653","SCREW GROMMET, 11.5 DIA, FF-101-157_A"
"P-00859655","SCREW GROMMET, 11.5 DIA, FF-101-157_A"
"P-00859711","GUSSET  VERTICAL RH - SHOCK TOWER  FORWA"
"P-00859773","PUSH RIVET M08x16.80 PUSH RIVET FF-101-1"
"P-00866280","EDPL SPEAKER"
"P-00866280 B.1","HUD Module"
"P-00866336","BOLT M06x1.00x24.00 HEX FLANGE SEMS BOLT"
"P-00866818","TRIM_ROCKER_SILL_RH"
"P-00866819","TRIM_ROCKER_SILL_FRT-CAP_RH"
"P-00866822","Level sensor"
"P-00867645","NUT PLATE - ROOF BOW ASSY"
"P-00867668","INTERIM-- WASHER M5 FLAT FF-101-456_A_IN"
"P-00867670","INTERIM-- WASHER M5 FLAT FF-101-456_A_IN"
"P-00867674","INTERIM-- NUT M5x0.8 HEX FF-101-456_A_IN"
"P-00867689","PNL_RR CLOSURE INR LWR LH"
"P-00867693","INTERIM-- NUT M5x0.8 HEX FF-101-456_A_IN"
"P-00867837","REIN_STRIKER PLATE LIFTGATE"
"P-00867849","INTERIM-- WASHER M5 FLAT FF-101-456_A_IN"
"P-00867946","INTERIM-- WASHER M5 FLAT FF-101-456_A_IN"
"P-00867948","INTERIM-- WASHER M5 FLAT FF-101-456_A_IN"
"P-00870297","PUSH RIVET M08x16.80 PUSH RIVET FF-101-1"
"P-00870298","AERO_PNL_RR_CHASSIS"
"P-00870300","AERO_ACCESS_PNL_RR_CHASIS_LH"
"P-00870301","AERO_BRKT_RR_CHASSIS"
"P-00870302","AERO_DIFFUSER_RR_ASSY"
"P-00870303","AERO_BRKT_RR_CHASSIS"
"P-00870851","CROSSMEMBER  KICKUP  UPPER"
"P-00870852","MIDFLOOR CRUSH CAN  5 - RH"
"P-00870853","INNER SILL BAFFLE B"
"P-00870854","INNER SILL BAFFLE A"
"P-00873590","REAR CONSOLE DF91 USA KIT ASSY"
"P-00873591","BOLT M06x1.00x16.00 HEX FLANGE BOLT W/ M"
"P-00873592","Front Quarter Encapsulation RH"
"P-00873593","Front Quarter Encapsulation LH"
"P-00873594","Mounting Bracket, External Sounder-Rear"
"P-00873626","UNDERHOOD CLOSEOUT PANEL"
"P-00874772","INTERIM-- WASHER M5 FLAT FF-101-456_A_IN"
"P-00875555","PUSH RIVET M08x16.80 PUSH RIVET FF-101-1"
"P-00875556","PUSH RIVET M08x16.80 PUSH RIVET FF-101-1"
"P-00875631","CLINCH STUD M06x1.00x25.00 EPB BOLT 6985"
"P-00875633","SUPPORT_SHOTGUN VERTICAL FORWARD_LH"
"P-00876551","PANEL CLIP 16.5 M03-0900-26 FF-101-120"
"P-00876575","PANEL CLIP 16.5 M03-0900-26 FF-101-120"
"P-00876642","--OBSOLETE-- USE REV A"
"P-00879779","BOLT M06x1.00x24.00 HEX FLANGE SEMS BOLT"
"P-00882712","SCREW M5x0.8x13.25 CLASS 8.8 HEX CAP W/F"
"P-00883326","SCREW M5x0.8x13.25 CLASS 8.8 HEX CAP W/F"
"P-00883327","COWL PANEL MID - WINDSHIELD"
"P-00885181","FM2 Amplifier &amp;amp; Film Antenna"
"P-00885182","MOUNTING BRACKET, SPOILER CAMERA"
"P-00885227","BOLT M10-1.50x28.00 TORX PLUS PAN FLANGE"
"P-00885381","AERO_PNL_RR_CHASSIS"
"P-00886321","MIDFLOOR CRUSH CAN  2 - LH"
"P-00887140","BOLT M06x1.00x16.00 HEX FLANGE BOLT W/ M"
"P-008871402","DEMO"
"P-00887141","BOLT M06x1.00x16.00 HEX FLANGE BOLT W/ M"
"P-00887142","Rear Quarter Glass RH (Tint)"
"P-00887143","Rear Quarter Glass LH (Tint)"
"P-00887144","Rear Door Glass RH DARK TINT"
"P-00887145","Rear Door Glass LH DARK TINT"
"P-00887162","B-Pillar Applique LH (Premium)"
"P-00887909","FWD_LONGERON_ASSY-RH"
"P-00887910","FWD_LONGERON_ASSY-LH"
"P-00887939","SKID_PLATE_INSTL"
"P-00890035","Rear Quarter Encapsulation RH"
"P-00890086","BOLT M10-1.50x28.00 TORX PLUS PAN FLANGE"
"P-00890090","BOLT M10-1.50x28.00 TORX PLUS PAN FLANGE"
"P-00890703","Rear Quarter Encapsulation LH"
"P-00890756","CLINCH STUD, M6 x 20MM EPB W/ DOGPOINT"
"P-00890872","BUCKLE Assy - NAFTA, Rear DF91"
"P-00890898","40mm HEADREST SPEAKER RH"
"P-00891396","PANEL CLIP 16.5 M03-0900-26 FF-101-120"
"P-00892286","17cm WOOFER - FRT LH DOOR"
"P-00892783","NUT, FLANGED HEX, M6 x 14.2MM OD"
"P-00892786","BOLT M06x1.00x16.00 HEX FLANGE BOLT W/ M"
"P-00892835","265mm Subwoofer in Liftgate"
"P-00892838","NUT, FLANGED HEX, M6 x 14.2MM OD"
"P-00892839","Front Outer Belt RH"
"P-00892863","2R 5050 LH FRAME ELEMENTS"
"P-00893251","SCREW M5x0.8x13.25 CLASS 8.8 HEX CAP W/F"
"P-00893435","2R 5050 LH LEATHER PERFORATED"
"P-00893444","1R PASSENGER COMFORT CONVENIENCE ELEMENT"
"P-00893445","BOLT M06x1.00x16.00 HEX FLANGE BOLT W/ M"
"P-00894042","Liftgate Assembly"
"P-00894043","DRIVE UNIT, REAR LEFT"
"P-00894044","DRIVE UNIT, REAR RIGHT"
"P-00894261","BALL_MOUNT"
"P-00895776","SIDE AIRBAG SEAT MOUNTED, FRONT RH DF91"
"P-00895788","1R DRIVER COMFORT CONVENIENCE ELEMENTS ("
"P-00895799","Circular Polarizer, IPC-GAMMA RUNNER"
"P-00895801","ANCHOR Pretensioner Assy - Front RH DF91"
"P-00895916","SCREW, M5-0.8x10 HEX CAP WITH FLAT SEMS"
"P-00895999","ANCHOR Pretensioner Assy - Front LH DF91"
"P-00896155","MOTOR HOUSING ASSY, FRONT"
"P-00896155 E.1","MOTOR HOUSING ASSY, FRONT"
"P-00896169","BOLT M06x1.00x24.00 HEX FLANGE SEMS BOLT"
"P-00896170","TRIM_ROCKER_SILL_RR_CAP_LH"
"P-00896171","Oval Fir Tree Locking Omega Clip_10-14MM"
"P-00896172","Oval Fir Tree Locking Omega Clip_15-19MM"
"P-00896221","NUT, CLINCH M8x1.25x14 OD LBM PC10 FF-10"
"P-00896295","NUT, FLANGED HEX, M6 x 14.2MM OD"
"P-00896297","EDPL SPEAKER"
"P-00896484","OVHD CONSOLE - FRONT COVER"
"P-00896591","Shark Fin Antenna, Left"
"P-00896597","NVH_FRONT_CHASSIS"
"P-00896598","AERO_DIFFUSER_PNL_FRT"
"P-00897214","BOLT M06x1.00x24.00 HEX FLANGE SEMS BOLT"
"P-00897215","CROSSMEMBER  FWD - SHOCK TOWER"
"P-00897216","M08x1.25x25.00 SEB STAKING STUD RC 28-34"
"P-00897239","DC Charge Port BRKT"
"P-00902900","SPOILER_LOWER"
"P-00903104","Platform Drawn Arc Collector"
"P-00903106","Body Shell Drawn Arc Collector"
"P-00904170","REINFORCEMEN  FRONT CROSSMEMBER  LH"
"P-00904892","NVH_Stiffener_Pad_Liftgate"
"P-00905322","Foam Seal E"
"P-00906252","HEADLAMP CLEANING SYSTEM"
"P-00908485","Lamp Lens Left"
"P-00911833","BRACKET-SHOCK TOWER TO FOD-RH"
"P-00911856","EXTR  RAIL TO CHASSIS_LH"
"P-00911870","115mm BW STATOR, MODIFIED PHASE LEADS"
"P-00911870 F.1","115mm BW STATOR, MODIFIED PHASE LEADS"
"P-00913764","WIPER MOTOR ASSY LH"
"P-00913765","PUSH NUT ROUND FLAT TYPE FOR STUDS, ROD"
"P-00913766","WIPER_MOTOR_LH"
"P-00913767","WIPER_MOTOR_RH"
"P-00916485","HARNESS ASSEMBLY, DOOR TRIM FR"
"P-00916642","BRACKET LH"
"P-00916643","BRACKET RH"
"P-00918281","NVH_REAR_CHASSIS"
"P-00918289","AERO_PNL_RR_BATTERY"
"P-00918298","External Sounder Assembly - Rear"
"P-00919585","SCREW M5x-0.8x21.95 CLASS 8.8 HEX CAP, F"
"P-00920105","RIVNUT M06x1.00 MEDIUM CARBON STEEL STAN"
"P-00923736","FRT END ADJ BRKT RH ASSY"
"P-00924713","Adapter"
"P-00924714","ASSY COMPENSATING ELEMENT, M6, FLEXITOL,"
"P-00926609","SUPPORT_SHOTGUN VERTICAL FORWARD_RH"
"P-00932569","HLC HOSE ASSY"
"P-00932662","SUPPORT_SHOTGUN VERTICAL AFT_RH"
"P-00932664","SCREW M5x0.8x13.25 CLASS 8.8 HEX CAP W/F"
"P-00932670","SCREW M5x0.8x13.25 CLASS 8.8 HEX CAP W/F"
"P-00932858","NUT M10x1.5 DBM STAKING NUT R2940003FP02"
"P-00932870","BRACE - SHOCK TOWER"
"P-00933265","PANEL, WHEEL CLOSURE, AFT, LH"
"P-00933444","COVER, NON-INSTRUMENTED - INVERTER"
"P-00933444 G.1","COVER, NON-INSTRUMENTED - INVERTER"
"P-00933692","SWITCH, HAZARD LIGHT"
"P-00933816","Front Outer Belt Sensor Assy LH"
"P-00946960","SEAT BELT Retractor Assy - Non Motorized"
"P-00946962","BOLT M10-1.5x20.2 HEXALOBULAR SOCKET BUT"
"P-00946963","HIGH SIDE AIR CURTAIN, RH DF91"
"P-00946965","STEERING WHEEL DF91"
"P-00983165","SCREW M5x-0.8x21.95 CLASS 8.8 HEX CAP, F"
"P-00983166","BRACKET - DASH PANEL"
"P-00983225","EDPL SPEAKER"
"P-00983491","MIDFLOOR CRUSH CAN  1- RH"
"P-00983557","Surround View Camera"
"P-00984075","SCREW, FLANGED BUTTON HEAD, SOCKET,  M6"
"P-00984080","Shark Fin Antenna, Right"
"P-00985728","SCREW GROMMET, 11.5 DIA, FF-101-157_A"
"P-00986845","LH SPEAKER GRILL ASSY"
"P-00987048","SWITCH, AUTONOMOUS DRIVE"
"P-00987658","LT B-Pillar Display - Prod"
"P-00987704","M05x12.00 PT ROUND WASHER HEAD SCREW FF-"
"P-00992471","GUSSET  VERTICAL RH - SHOCK TOWER  AFT"
"P-00998937","PUSH RIVET M08x16.80 PUSH RIVET FF-101-1"
"P-01000531","LIFTGATE APPLIQUE"
"P-01001810","PUSH RIVET M08x16.80 PUSH RIVET FF-101-1"
"P-01021901","BOLT M06x1.00x24.00 HEX FLANGE SEMS BOLT"
"P-01021902","PUSH RIVET M08x16.80 PUSH RIVET FF-101-1"
"P-01038889","PNL ASM_BOTTOM C-RING RH"
"P-01038908","SCREW, FLANGED BUTTON HEAD, HEXALOBULAR"
"P-01050051","BOLT M06x1.00x16.00 HEX FLANGE BOLT W/ M"
"P-01052257","CROSSMEMBER, FRONT SEAT, FWD"
"P-01052276","SCREW 30X10 DELTA PT SIX LOBE ROUND WASH"
"P-01052278","BOLT M06x1.00x16.00 HEX FLANGE BOLT W/ M"
"P-01052282","BOLT M06x1.00x16.00 HEX FLANGE BOLT W/ M"
"P-01052283","SCREW 30X10 DELTA PT SIX LOBE ROUND WASH"
"P-01052286","SCREW 30X10 DELTA PT SIX LOBE ROUND WASH"
"P-01052297","SCREW, M2-0.4x6.0 SOCKET BUTTON HEAD HEX"
"P-01056089","BOLT M8-1.25x25 HEX FLANGE. FLAT SEMS WA"
"P-01058795","INTERIM-- WASHER M5 FLAT FF-101-456_A_IN"
"P-01058903","INTERIM-- NUT M5x0.8 HEX FF-101-456_A_IN"
"P-01058904","INTERIM-- NUT M5x0.8 HEX FF-101-456_A_IN"
"P-01062385","BOLT M06x1.00x16.00 HEX FLANGE BOLT W/ M"
"P-01064419","SCREW M5x0.8x13.25 CLASS 8.8 HEX CAP W/F"
"P-01064738","OVHD CONSOLE - BRIDGE COVER"
"P-01064739","Front Primary Seal LH"
"P-01064740","FLOOR - FLOOR DUCT CARRIER LH DF91"
"P-01064741","FLOOR - FLOOR DUCT CARRIER RH DF91"
"P-01066120","PNL_QTR INR LWR LH"
"P-01074585","BOLT M06x1.00x24.00 HEX FLANGE SEMS BOLT"
"P-01074586","UHM Bracket Standoffs"
"P-01074587","CLINCH STUD M6x1.0x20 SEB FLUSH HEAD HRC"
"P-01074588","spirol_pn_179478"
"P-01074593","Foam Seal"
"P-01078576","PUSH RIVET M08x16.80 PUSH RIVET FF-101-1"
"P-01082532","AERO_ACCESS_PNL_FRONT_CHASSIS_RH"
"P-01083686","INTERIM-- WASHER M5 FLAT FF-101-456_A_IN"
"P-01086873","INTERIM-- NUT M5x0.8 HEX FF-101-456_A_IN"
"P-01087354","SCREW M5x0.8x13.25 CLASS 8.8 HEX CAP W/F"
"P-01089749","SCREW M5x-0.8x21.95 CLASS 8.8 HEX CAP, F"
"P-01129484","PLATE  BUMPER MOUNT  REAR LH"
"P-01130124","HEADLAMP WASHER CAP LH"
"P-01130125","PROD S11 Retainer"
"P-01132166","BELTLINE LIGHT, AMBIENT - FRONT DOOR, RH"
"P-01132167","Front Door Emergency Release Handle RH"
"P-01170251","COWL SIDE INR FWD_RH"
"P-01170252","BRKT_ROOF SHADE MID MOTOR/LED RH"
"P-01170258","PNL_TOP C-RING RH"
"P-01170259","PNL_RR WHEEL HOUSE MID RH"
"P-01170260","NUT, M6x1.00 PROJECTION WELD HEX PC9--FF"
"P-01170261","PNL_REAR WHEEL HOUSE RH OUTER"
"P-01174056","Front Outer Belt Sensor Assy RH"
"P-01174058","Front Outer Belt LH"
"P-01174059","Rear Outer Belt LH"
"P-01174060","Rear Outer Belt Sensor Assy RH"
"P-01174061","PCBA, DOOR CONTROL MODULE"
"P-01174062","HEADLAMP CLEANER ASSY RH"
"P-01174063","HEADLAMP CLEANER ASSY LH"
"P-01174329","SCREW 30x10 DELTA PT TORX PLUS PAN HEAD"
"P-01175523","NUT M6x1.00 CLASS 10 PROJECTION WELD HEX"
"P-01176166","NUT, FLANGED HEX, M6 x 14.2MM OD"
"P-01177052","PNL_RR CLOSURE INR LWR LH"
"P-01177053","PNL_RR CLOSURE INR LWR RH"
"P-01177142","POST  BRACE - SHOCKTOWER"
"P-01186354","NUT, FLANGED HEX, M6 x 14.2MM OD"
"P-01186387","NUT, FLANGED HEX, M8 x 17.9MM OD"
"P-01187509","Surround View Camera"
"P-01187512","AERO_PNL_DIFFUSER_RR"
"P-01187514","MIDFLOOR CRUSH CAN  3 - RH"
"P-01187519","CROSSMEMBER  REAR FLOOR  AFT"
"P-01188695","CAP_XMEMBER_HITCH"
"P-01191437","NUT M8x1.25 PROJECTION WELD HEX FLANGE P"
"P-01192583","TRUNK SIDE RH LWR EPP FOAM BLOCK DF91"
"P-01197727","15cm Rear Woofer"
"P-01199363","BOLT M10-1.50x28.00 TORX PLUS PAN FLANGE"
"P-01201800","HEADLAMP CLEANER ASSY LH"
"P-01201801","HEADLAMP CLEANER ASSY RH"
"P-01204317","INTERIM-- WASHER M5 FLAT FF-101-456_A_IN"
"P-01204331","PNL_REAR CLOSURE OTR CTR"
"P-01204519","INTERIM-- NUT M5x0.8 HEX FF-101-456_A_IN"
"P-01206889","PNL_TAIL LAMP MTG INR RH OUTBD"
"P-01207223","BOLT M08x1.25x25 CLASS 10.9 HEX FLANGE A"
"P-01207225","BOLT M08x1.25x25 CLASS 10.9 HEX FLANGE A"
"P-01207268","BATT_ENCL_PRESSURE_CHECK_VALVE_ADAPTER"
"P-01207375","Rear View Mirror Camera"
"P-01208796","BRACKET_HOOD HINGE_SUPPORT_RH"
"P-01208804","MID FLOOR BAFFLE"
"P-01209088","INTERIM-- WASHER M5 FLAT FF-101-456_A_IN"
"P-01209313","Groundstrap, Liftgate to Body"
"P-01209314","SCREW, M5-0.8x10 HEX CAP WITH FLAT SEMS"
"P-01209318","BUCKLE Assy - Front DF91"
"P-01209319","1R DRIVER LEATHER PERFORATED TRIM"
"P-01209323","40mm HEADREST SPEAKER LH"
"P-01209442","J-Fastener Collector Battery Enclosure"
"P-01209557","BOLT M06x1.00x16.00 HEX FLANGE BOLT W/ M"
"P-01209558","BOLT M06x1.00x16.00 HEX FLANGE BOLT W/ M"
"P-01211443","FRONT CONSOLE - MID SIDE PANEL, LH"
"P-01211444","DOOR TRIM FRT- NVH PAD RR LH DF91"
"P-01211445","REAR CONSOLE - MAIN ASSEMBLY"
"P-01211446","5.7"" LT Front Door Display"
"P-01211657","PROD S2 Retainer"
"P-01211658","INTERFACE BRACKET_CHIN SPOILER_LH"
"P-01211659","AIR_CURTAIN_TRIM_BROW_LH"
"P-01214701","Demo SAP To PLM 3DX"
"P-01214800","Demo SAP To PLM 3DX Update"
"P-01214801","Demo SAP To PLM 3DX"
"P-01214802","Demo SAP To PLM 3DX Update"
"P-01214803","Demo SAP To PLM 3DX"
"P-01214804","Demo SAP To PLM 3DX"
"P-01214805","Demo SAP To PLM 3DX"
"P-01214900","Demo SAP To PLM 3DX"
"P-01214901","Demo SAP To PLM 3DX"
"P-01214902","Demo SAP To PLM 3DX"
"P-01214903","Demo SAP To PLM 3DX Update"
"P-01214906","Demo SAP To PLM 3DX"
"P-01214907","Demo SAP To PLM 3DX"
"P-0121490710","material"
"P-01214908","Demo SAP To PLM 3DX"
"P-01214909","Demo SAP To PLM 3DX"
"P-01214910","Demo SAP To PLM 3DX Update"
"P-01214911","Demo SAP To PLM 3DX"
"P-01214950","Demo SAP To PLM 3DX Update on 13-02-2020"
"P-01214951","Demo SAP To PLM 3DX"
"P-01214952","Demo SAP To PLM 3DX"
"P-01214953","Demo SAP To PLM 3DX"
"P-01222699","PUSH RIVET M08x16.80 PUSH RIVET FF-101-1"
"P-01236533","PUSH RIVET M08x16.80 PUSH RIVET FF-101-1"
"P-01236534","PUSH RIVET M08x16.80 PUSH RIVET FF-101-1"
"P-01236535","PUSH RIVET M08x16.80 PUSH RIVET FF-101-1"
"P-01244010","SCREW M5x-0.8x21.95 CLASS 8.8 HEX CAP, F"
"P-01244498","PANEL SUB-ASSY, WHEEL CLOSURE, AFT, LH"
"P-01247404","PUSH RIVET M08x16.80 PUSH RIVET FF-101-1"
"P-01268936","DOOR TRIM FRT- NVH PAD FRT LH DF91"
"P-01268937","HARNESS ASSEMBLY, DOOR TRIM RL"
"P-01268940","REAR CONSOLE - ENDCAP, ASSEMBLY"
"P-01268941","HARNESS ASSEMBLY, DOOR TRIM FL"
"P-01268960","U-NUT, M5 FF-101-161_A"
"P-01270822","SCREW M06x1.00x32.00 HEX CAP SCREW WITH"
"P-01274848","Interior Camera Module-GAMMA RUNNER"
"P-01275081","Washer Reservoir"
"P-01275090","PUSH NUT ROUND FLAT TYPE FOR STUDS, ROD"
"P-01275091","PUSH NUT ROUND FLAT TYPE FOR STUDS, ROD"
"P-01275384","INSTRUMENT PANEL - PROPELLER BRKT UPR DF"
"P-01275386","INSTRUMENT PANEL - CVR PROPELLER BRKT LW"
"P-01275469","UHM Mounted HV Cable Management Brackets"
"P-01276412","PUSH RIVET M08x16.80 PUSH RIVET FF-101-1"
"P-01276496","Front Roof Glass Assembly"
"P-01276500","Rear Roof Glass Standard Assembly"
"P-01276506","DOOR TRIM ASSY, RR RH BASE"
"P-01276507","BOLT M06x1.00x16.00 HEX FLANGE BOLT W/ M"
"P-01276508","Front Roof Glass"
"P-01276509","Front Roof Carrier"
"P-01276511","Rear Roof Glass Standard"
"P-01276512","Rear Roof Carrier"
"P-01276613","BLADE ASSY  WS WIPER RH"
"P-01276644","ARM ASSY WS WIPER RH"
"P-01276645","BLADE WIPER"
"P-01276657","SPOILER"
"P-01276664","VERTEBRA"
"P-01276666","SEALING CAP IH"
"P-01276667","SEALING CAP OH"
"P-01276700","CONNECTOR"
"P-01276745","ARM HEAD"
"P-01276750","RETAINER"
"P-01276753","ROD"
"P-01276756","CONNECTOR"
"P-01276758","HOLDING SPRING"
"P-01276759","SPRING"
"P-01276780","C SPRING"
"P-01276809","RIVETS"
"P-01276912","ARM ASSY WS WIPER LH"
"P-01276954","BLADE ASSY WS WIPER LH"
"P-01276955","BLADE WIPER"
"P-01276956","SPOILER"
"P-01276957","VERTEBRA"
"P-01276958","SEALING CAP IH"
"P-01276959","SEALING CAP OH"
"P-01276961","CONNECTOR"
"P-01276984","ARM HEAD"
"P-01276985","RETAINER"
"P-01276986","ROD"
"P-01276987","CONNECTOR"
"P-01276998","HOLDING SPRING"
"P-01276999","SPRING"
"P-01277000","C SPRING"
"P-01277001","RIVETS"
"P-01277084","RR_SUPPORT_BRT"
"P-01277128","RAIL_SHOTGUN LOWER_RH"
"P-01277133","RAIL_SHOTGUN UPPER_RH"
"P-01278156","ASSY WINDSHIELD WASHER RESERVOIR"
"P-01278558","PUSH RIVET M08x16.80 PUSH RIVET FF-101-1"
"P-01278559","Exterior Mirror RH Convex GL N Amer"
"P-01278864","BRACKET_BUTTRESS_LOWER_SUPPORT_RH"
"P-01283330","PANEL CLIP 16.5 M03-0900-26 FF-101-120"
"P-01284829","RAIL, REAR, LH"
"P-01284833","PANEL CLIP 16.5 M03-0900-26 FF-101-120"
"P-01290333","DOOR TRIM FRT- NVH PAD FRT RH DF91"
"P-01290334","SCREW, FLANGED BUTTON HEAD, HEXALOBULAR"
"P-01296109","Rearview Mirror Display, Gentex"
"P-01298351","LSM, WITH WINGS"
"P-01305284","B-Pillar EOG Seal RH"
"P-01305364","REINF_ ASSY ROOF RAIL OUTER RH"
"P-01305859","REINF_ ASSY ROOF RAIL INNER RH"
"P-01305867","REINF_ ASSY ROOF RAIL OUTER LH"
"P-01305868","REINF_ ASSY ROOF RAIL INNER LH"
"P-01305869","REINF_ROOF RAIL OUTER FWD RH"
"P-01305871","REINF_ROOF RAIL OUTER FWD LH"
"P-01305953","REINF_ROOF RAIL OUTER MID RH"
"P-01306051","REINF_ROOF RAIL OUTER MID LH"
"P-01306198","REINF_ROOF RAIL INNER FWD RH"
"P-01306322","REINF_ROOF RAIL INNER FWD LH"
"P-01306353","REINF_ROOF RAIL INNER AFT RH"
"P-01306425","REINF_ROOF RAIL INNER AFT LH"
"P-01306426","REINF_ROOF RAIL INNER C_PLR CAP RH"
"P-01306427","REINF_ROOF RAIL INNER C_PLR CAP LH"
"P-01306456","SCREW M5x-0.8x21.95 CLASS 8.8 HEX CAP, F"
"P-01308402","REINF_CRUSH CAN FRT RH"
"P-01308413","REINF_CRUSH CAN FRT LH"
"P-01310155","EXTR  RAIL TO CHASSIS_RH"
"P-01310156","EXTR  RAIL TO CHASSIS_LH"
"P-01310433","BUMPER BEAM"
"P-01310435","PIPE NUT"
"P-01314630","SUPPORT_SHOTGUN VERTICAL AFT_LH"
"P-01314634","SCREW M5x-0.8x21.95 CLASS 8.8 HEX CAP, F"
"P-01314635","SUPPORT_SHOTGUN VERTICAL FORWARD_LH"
"P-01314638","SCREW, M6-1.0x20 BUTTON HEAD, HEXALOBULA"
"P-01314639","RAIL_SHOTGUN LOWER_LH"
"P-01314775","SUPPORT ANGLE  TORQUE BOX  FRONT RH"
"P-01314776","SUPPORT ANGLE  TORQUE BOX  FRONT LH"
"P-01315166","M04x12.00 PT ROUND WASHER HEAD SCREW FF-"
"P-01315175","SCREW M5x0.8x13.25 CLASS 8.8 HEX CAP W/F"
"P-01316126","INTERIM-- NUT M5x0.8 HEX FF-101-456_A_IN"
"P-01318475","REINF_ROOF RAIL INNER C_PLR CAP RH"
"P-01318761","PARK COVER ASSY"
"P-01318761 F.1","PARK COVER ASSY"
"P-01324827","SIDE RAIL_BAFFLE"
"P-01324828","SIDE RAIL_BAFFLE OPP"
"P-01325029","NVH_FRONT_DIFFUSER"
"P-01325031","AERO_ACCESS_PNL_ROCKER_LH"
"P-01325049","AERO_ACCESS_PNL_ROCKER_RH"
"P-01325054","CLIP, PANEL 16 FOR 2X9 OD HOLE FF-101-78"
"P-01325553","FASTENER COLLECTOR BSI_RH_LOAD_2"
"P-01330820","SHIM - BATTERY RAIL"
"P-01330931","AERO_ACCESS_PNL_FRONT_CHASSIS_LH"
"P-01331811","GUSSET  LH - SHOCK TOWER"
"P-01335641","REINFORCEMENT  FRONT CROSSMEMBER  RH"
"P-01335643","REINFORCEMEN  FRONT CROSSMEMBER  LH"
"P-01335649","REINFORCEMENT INNER, REAR CROSSMEMBER, R"
"P-01335650","REINFORCEMENT OUTER  REAR CROSSMEMBER  R"
"P-01335651","REINFORCEMENT INNER, REAR CROSSMEMBER, L"
"P-01335652","REINFORCEMENT OUTER  REAR CROSSMEMBER  L"
"P-01340303","S-BODY SHOP SEALER MASTIC"
"P-01341483","REINF_ASSY ROOF RAIL OUTER FWD LH"
"P-01341853","BRKT_FOG LAMP UPR_RH"
"P-01342537","REINF_C_PLR LH"
"P-01342538","SCREW, M6-1.0x20 BUTTON HEAD, HEXALOBULA"
"P-01345248","COMPRESSION BUSHING"
"P-01349165","SCREW, ADJUSTMENT, MODIFIED LONG"
"P-01351999","U-NUT, M5 FF-101-161_A"
"P-01352000","BOLT M06x1.00x24.00 HEX FLANGE SEMS BOLT"
"P-01352001","BOLT M06x1.00x24.00 HEX FLANGE SEMS BOLT"
"P-01352002","FRT END CARRIER OUTER ASSY"
"P-01352080","SCREW M06x1.00x32.00 HEX CAP SCREW WITH"
"P-01352771","UHM HV Cable Mgmt Bracket ASM_SIDE"
"P-01352771 C.1","UHM HV Cable Mgmt Bracket ASM_SIDE"
"P-01352772","Plastic Molding"
"P-01352972","--OBSOLETE-- USE REV A"
"P-01354245","FLOOR_SKI"
"P-01354246","BATT_ENCL_VENT_SCREEN"
"P-01357728","ADAPTER FRAME, FL/FR MID RANGE RADAR"
"P-01357729","Plastic Clip"
"P-01360935","_151-01306"
"P-01362756","AERO_RAMP_DIFFUSER_ASSY_LH"
"P-01369369","FRONT SEAT  MOUNTING BRACKET"
"P-01374122","BODY GAP SEAL_RH"
"P-01374471","REINF_ROOF RAIL OUTER AFT RH"
"P-01374472","REINF_ROOF RAIL OUTER AFT LH"
"P-01374513","REINF_B PILLAR W RH"
"P-01374514","REINF_B PILLAR W LH"
"P-01379440","WHEEL_LINER_FRT-RH"
"P-01379459","CIRCUIT CARD ASSEMBLY, GATE DRIVE"
"P-01379459 E.1","CIRCUIT CARD ASSEMBLY, GATE DRIVE"
"P-01379664","BATTERY STRING ASSEMBLY, USA"
"P-01381508","ADAPTER FRAME, RL MID RANGE RADAR"
"P-01381532","LH SIDE CLOSEOUT PANEL ASSY"
"P-01382058","BRACKET_HEAT EXCHANGER_RH"
"P-01382059","BRACKET_HEAT EXCHANGER_LH"
"P-01386246","U-NUT, M5 FF-101-161_A"
"P-01386247","INSTRUMENT PANEL - PROPELLER COVER ASY D"
"P-01386248","B-Pillar Jumper Cable-LH"
"P-01386249","SCREW, FLANGED BUTTON HEAD, HEXALOBULAR"
"P-01386533","T-NUT, M5-0.8, SEALING WASHER 18.0x2.0 E"
"P-01386534","Applique Camera Bracket"
"P-01387892","External Sounder Package Model"
"P-01387893","CLINCH NUT M8x1.25 LBM WITH PREVAILING T"
"P-01389624","CAP  FRONT SEAT  AFT  LH"
"P-01389951","HEAT EXCHANGER, PLATE - FRONT"
"P-01389951 D.1","HEAT EXCHANGER, PLATE - FRONT"
"P-01392006","REINF_ROOF RAIL OUTER AFT LH"
"P-01392027","REINF_ASSY ROOF RAIL OUTER MID RH"
"P-01392028","REINF_ASSY ROOF RAIL INNER FWD RH"
"P-01392029","REINF_ASSY ROOF RAIL INNER AFT RH"
"P-01392030","REINF_ASSY ROOF RAIL OUTER MID LH"
"P-01392032","REINF_ASSY ROOF RAIL INNER AFT LH"
"P-01392033","REINF_ASSY ROOF RAIL INNER FWD LH"
"P-01396133","FRONT CONSOLE - REAR SIDE PANEL, RH"
"P-01406225","PUSH RIVET M08x16.80 PUSH RIVET FF-101-1"
"P-01407600","BRAKET  RESERVOIR BATTERY COOLANT"
"P-01415490","BRKT_REAR ADAS MOUNT RH"
"P-01415491","BRKT_REAR ADAS MOUNT LH"
"P-01415551","ADAPTER FRAME, RR MID RANGE RADAR"
"P-01415552","MODULE, RR MID RANGE RADAR"
"P-01428967","NUT, FLANGED HEX, M6 x 14.2MM OD"
"P-01429020","SCREW M5x0.8x13.25 CLASS 8.8 HEX CAP W/F"
"P-01429021","SCREW M5x0.8x13.25 CLASS 8.8 HEX CAP W/F"
"P-01429392","REINF_B PILLAR INNER STAMPING_RH"
"P-01429397","REINF_B PILLAR INNER STAMPING_LH"
"P-01431469","SCREW, FLANGED BUTTON HEAD, HEXALOBULAR"
"P-01431471","SUPPORT ASSY_SHOTGUN VERTICAL_RH"
"P-01431472","RAIL_SHOTGUN UPPER_RH"
"P-01431473","RAIL_SHOTGUN LOWER_RH"
"P-01431474","SUPPORT_SHOTGUN VERTICAL FORWARD_RH"
"P-01431475","SUPPORT_SHOTGUN VERTICAL AFT_RH"
"P-01431476","RAIL_SHOTGUN UPPER_LH"
"P-01432888","PLATE  BUMPER MOUNT  REAR RH"
"P-01432889","BRACKET-LOWER RESERVOIR WEG"
"P-01434484","DOOR TRIM FRT - RH ASY DF91"
"P-01436658","NVH_WHEEL_LINER_FRT_LH"
"P-01439151","PUSH RIVET M08x16.80 PUSH RIVET FF-101-1"
"P-01439239","A PLR GUSSET  RH"
"P-01439240","ASSY REINF_B PILLAR W LH"
"P-01439241","CROSSMEMBER, KICKUP, LOWER"
"P-01443719","REINF_REAR_CHARGE_PORT_CASTING_FLOATING_"
"P-01443720","REINF_REAR CHARGE PORT LH"
"P-01445425","X-MEM_BATT_LATERAL FRT - TOP"
"P-01445426","X-MEM_BATT_LATERAL MID - TOP"
"P-01445428","BATT_ENCL_FLOOR-FRT"
"P-01445429","BATT_ENCL_FLOOR-MID"
"P-01445510","Foam Seal C"
"P-01445512","WHEEL_LINER_FRT-LH"
"P-01445513","WHEEL_LINER_RR-RH"
"P-01447004","GROMMET d24x30"
"P-01447005","COLLAR d6"
"P-01447007","GROMMET d29x15"
"P-01447008","COLLAR d11"
"P-01447635","NUT M06x1.00 NUT WASHER ASSLY FF-101-717"
"P-01447636","TOLERANCE COMPENSATOR, FLEXITOL BL L M6"
"P-01452189","CROSSMEMBER, FR SEAT RR"
"P-01452190","PANEL, FLOOR FWD"
"P-01452472","12-0429-011-DTL"
"P-01455299","Washer Reservoir"
"P-01455301","Washer Reservoir Cap"
"P-01455304","HLC pump"
"P-01458018","NVH, SINGLE FRONT, TOP"
"P-01458018 B.1","NVH, SINGLE FRONT, TOP"
"P-01458019","NVH, SINGLE FRONT, MOTOR HOUSING, BOTTOM"
"P-01458019 B.1","NVH, SINGLE FRONT, MOTOR HOUSING, BOTTOM"
"P-01458020","NVH, SINGLE FRONT, GEARBOX"
"P-01458020 B.1","NVH, SINGLE FRONT, GEARBOX"
"P-01458021 B.1","NVH, SINGLE FRONT, PARK COVER"
"P-01459064","PUSH RIVET M08x16.80 PUSH RIVET FF-101-1"
"P-01459065","PUSH RIVET M08x16.80 PUSH RIVET FF-101-1"
"P-01459150","Charge Port Door Mechanism RH"
"P-01459329","WIPER MOTOR BRKT RH"
"P-01459333","PUSH RIVET M08x16.80 PUSH RIVET FF-101-1"
"P-01459334","WIPER_MOTOR_RH"
"P-01459921","INTERIM-- NUT M5x0.8 HEX FF-101-456_A_IN"
"P-01460433","DOOR TRIM ASSY,FR RH BASE"
"P-01460436","DOOR TRIM ASSY,RR LH BASE"
"P-01460784","DASH PANEL SUBASSEMBLY - LEFT HAND DRIVE"
"P-01461643","RAIL ASSY  L-BRACKET  RH"
"P-01463092","PUSH RIVET M08x16.80 PUSH RIVET FF-101-1"
"P-01463445","2R 5050 RH SIDEBOX BRIDGE BRACKET ASSY"
"P-01463446","BOLT M06x1.00x16.00 HEX FLANGE BOLT W/ M"
"P-01464266","SWITCH, DOOR RELEASE, REAR RIGHT"
"P-01464267","SCREW 35X8 DELTA PT SIX LOBE ROUND WASHE"
"P-01465330","RAIL ASSY  L-BRACKET  LH"
"P-01466022","REINF_ASSY ROOF RAIL OUTER MID LH"
"P-01470746","PANEL  TRUNK  SIDE  LH"
"P-01470747","PANEL  TRUNK  SIDE  RH"
"P-01470748","PANEL, TRUNK, FLOOR"
"P-01471476","PNL_QTR INR LWR RH"
"P-01471505","PNL_QTR INR UPR RH"
"P-01473978","Riveted Ball Stud_Reinf Liftgate Power S"
"P-01477616","PUSH RIVET M08x16.80 PUSH RIVET FF-101-1"
"P-01477617","PUSH RIVET M08x16.80 PUSH RIVET FF-101-1"
"P-01477896","PLATE GANG CHANNEL_SILL OUTER_LOWER"
"P-01481328","PBOM_SYSTEM_BODY"
"P-01481328A","Lotus Car - Exige"
"P-01481328B","P-01481328B"
"P-01481328B_1","test material demo1"
"P-01481328B_2","testing for rem"
"P-01481330","PBOM_SYSTEM_INTERIOR"
"P-01481331","PBOM_SYSTEM_THERMAL"
"P-01481332","PBOM_SYSTEM_CHASISS"
"P-01481333","PBOM_SYSTEM_PROPULSION"
"P-01481334","PBOM_SYSTEM_ELECTRICS/ELECTRONICS"
"P-01481335","PBOM_SYSTEM_USER INTERFACE"
"P-01481336","PBOM_SYSTEM_SOFTWARE"
"P-01481337","PBOM_SUB-SYSTEM_BOLT-ON STRUCTURES"
"P-01481337A","P-01481337A"
"P-01481348","PBOM_SUB-SYSTEM_PAINT"
"P-01481348A","P-01481348A"
"P-01481349","PBOM_SUB-SYSTEM_BODY SYSTEMS"
"P-01481349A","P-01481349A"
"P-01481350","PBOM_SUB-SYSTEM_BODY NVH"
"P-01481350A","P-01481350A"
"P-01481351","PBOM_SYSTEM_EXTERIORS"
"P-01481351A","P-01481351A"
"P-01481352","CONFIG_SEATING_2R 5050 SIDEBOX LH"
"P-01481353","CONFIG_AIRBAGS"
"P-01481354","MODULE_B-PILLAR 25MM TWEETERS"
"P-01481355","VARIANT_SENSOR PERIPHERAL PRESSURE SENSO"
"P-01481356","CONFIG_RADAR, MID RANGE, CENTER"
"P-01481357","VARIANT_HARNESS ASSY, REAR SUBFRAME"
"P-01481358","P-01481358 - PBP"
"P-01481359","GET_TRAINING"
"P-01481360","CONFIG_FRONT PRIMARY SEAL"
"P-01481361","VARIANT_HARNESS ASSY, FRONT FASCIA."
"P-01481362","CONFIG_HARNESS ASSY, UNDERHOOD"
"P-01481363","VARIANT_CONTROL MODULE, FRONT BODY"
"P-01481364","CONFIG_EXTERIOR AESTHETIC LIGHTING - REA"
"P-01481365","VARIANT_EXTERIOR AESTHETICAL LIGHTING FR"
"P-01481366","CONFIG_WINDOWSWITCHES"
"P-01481367","CONFIG_EXTERIOR FUNCTIONAL LIGHTING LIFT"
"P-01481368","CONFIG_EXTERIOR FUNCTIONAL LIGHTING HEAD"
"P-01481369","VARIANT_EXTERIOR AESTHETIC LIGHTING - FR"
"P-01481370","VARIANT_BODY SYSTEMS DOOR REAR PAINT SHO"
"P-01481371","CONFIG_BODYSIDE OTR RH"
"P-01481373","CONFIG_REAR UPPER DOOR HINGES"
"P-01481374","CONFIG_BODY NVH"
"P-01481375","VARIANT_LIFTGATE ODS"
"P-01481376","DF91 SUBSYSTEM-BODY NVH"
"P-01481377","VARIANT_DOOR ASSY FRONT RH"
"P-01481378","VARIANT_FRONT OUTER BELT"
"P-01481379","DF91 SYSTEM-USER INTERFACE"
"P-01481380","VARIANT_RVM"
"P-01481381","VARIANT_EXTERIOR FUNCTIONAL LIGHTING TAI"
"P-01481382","VARIANT_RADAR, MID RANGE, FL"
"P-01481388","VARIANT_UNDERHOOD MODULE"
"P-01482996","QUARTER PANEL CARRIER FR-RH ASSEMBLY"
"P-01482997","PNL_ASSY_RR_QTR_RH"
"P-01482998","INTERIM-- NUT M5x0.8 HEX FF-101-456_A_IN"
"P-01482999","INTERIM-- NUT M5x0.8 HEX FF-101-456_A_IN"
"P-01483000","INTERIM-NUT M5x0.8 HEX FF-101-456_A_INTE"
"P-01483002","REAR_QTR_GLASS_TOUCHDOWN_RH"
"P-01483003","BUTTRESS_FOAM_SEAL_RH"
"P-01483050","VARIANT_REAR CONSOLE USA"
"P-01483052","VARIANT_PILLAR TRIM UPR"
"P-01483053","VARIANT_DOOR TRIM RR LH"
"P-01483054","VARIANT_INSTRUMENT PANEL"
"P-01483055","VARIANT_LIFTGATE"
"P-01485242","CONFIG_PILLAR TRIM LWR"
"P-01485243","CONFIG_DOOR TRIM_RR_RH"
"P-01485245","CONFIG_REAR_CONSOLE"
"P-01485247","CONFIG_PILLAR TRIM UPR"
"P-01485248","CONFIG_DOOR TRIM_RR_LH"
"P-01485249","CONFIG_INSTRUMENT PANEL"
"P-01485250","CONFIG_LIFTGATE"
"P-01488174","MAGNA-BULB .25"" SHANK --SPACE RESERVATIO"
"P-01491028","CROSSMEMBER  AFT FR SEAT RR"
"P-01491029","POST SEAT MOUNT"
"P-01491030","MIDFLOOR CRUSH CAN  FR - RH"
"P-01491031","MIDFLOOR CRUSH CAN  RR - RH"
"P-01491037","SCREW, M6-1.0x20 BUTTON HEAD, HEXALOBULA"
"P-01491827","SCREW M5x-0.8x21.95 CLASS 8.8 HEX CAP, F"
"P-01495666","PANEL CLIP 16.5 M03-0900-26 FF-101-120"
"P-01496261","NVH BAFFLE - ROOF QUARTER PL TAPE"
"P-01496926","BATT_ENCL_CLOSEOUT-RR-TOP"
"P-01497705","WCPM"
"P-01497706","FRONT CONSOLE - MAIN ASSEMBLY"
"P-01497707","FRONT CONSOLE - MID SIDE PANEL, RH"
"P-01497708","SOCKET, 12V POWER OUTLET"
"P-01497709","FRONT CONSOLE - FRONT SIDE PANEL, NVH, L"
"P-01497710","FRONT CONSOLE - FRONT SIDE PANEL, NVH, R"
"P-01497977","PUSH RIVET M08x16.80 PUSH RIVET FF-101-1"
"P-01498209","GRAB HANDLE BRACKET LH"
"P-01498317","M05x12.00 PT ROUND WASHER HEAD SCREW FF-"
"P-01498318","M05x12.00 PT ROUND WASHER HEAD SCREW FF-"
"P-01498554","NUT, FLANGED HEX, M6 x 14.2MM OD"
"P-01498555","17cm WOOFER - FRT RH DOOR"
"P-01501551","REAR 6040 Seat Belt retractor MOUNTING B"
"P-01501552","REAR 6040 Seat Belt retractor MOUNTING B"
"P-01502133","MIDFLOOR CRUSH CAN  5 - RH"
"P-01502134","MIDFLOOR CRUSH CAN  6 - RH"
"P-01502136","MIDFLOOR CRUSH CAN  3 - RH"
"P-01502137","MIDFLOOR CRUSH CAN  2 - RH"
"P-01502138","MIDFLOOR CRUSH CAN  1- RH"
"P-01502139","MIDFLOOR CRUSH CAN  4 - LH"
"P-01502140","MIDFLOOR CRUSH CAN  5 - LH"
"P-01502141","MIDFLOOR CRUSH CAN  3 - LH"
"P-01502142","MIDFLOOR CRUSH CAN  6 - LH"
"P-01502143","MIDFLOOR CRUSH CAN  2 - LH"
"P-01502145","MIDFLOOR CRUSH CAN  1 - LH"
"P-01502147","MIDFLOOR CRUSH CAN  FR - LH"
"P-01502148","MIDFLOOR CRUSH CAN  RR - LH"
"P-01502157","INTERIM-- NUT M5x0.8 HEX FF-101-456_A_IN"
"P-01503164","VARIANT_OVRHD_CONSOLE"
"P-01503166","CONFIG_FRONT BUMPER"
"P-01503167","CONFIG_REAR BUMPER"
"P-01503168","CONFIG_TOW HITCH"
"P-01503169","VARIANT_FRONT BUMPER"
"P-01503170","VARIANT_REAR BUMPER"
"P-01503171","VARIANT_TOW HITCH"
"P-01503846","PUSH RIVET M08x16.80 PUSH RIVET FF-101-1"
"P-01503847","BRKT_ROOF SHADE MID MOTOR/LED LH"
"P-01503848","PUSH RIVET M08x16.80 PUSH RIVET FF-101-1"
"P-01503849","GUSSET_COWL SIDE INR LH ASSY"
"P-01505853","SWITCH, LIFTGATE OPEN"
"P-01506069","CONFIG_FRONT_CONSOLE"
"P-01506070","VARIANT_FRONT CONSOLE"
"P-01506072","CONFIG_REAR TRUNK"
"P-01506073","VARIANT_REAR TRUNK"
"P-01506682","VARIANT_CONFIG_SEATING_2R 5050 SIDEBOX L"
"P-01506683","DF91 SUBSYSTEM-INTERIOR TRIM"
"P-01506685","CONFIG_DOOR TRIM_FR_LH"
"P-01506686","VARIANT_DOOR TRIM FR LH"
"P-01506846","DF91 SYSTEM-INTERIOR"
"P-01506847","DF91 SUBSYSTEM-RESTRAINTS"
"P-01506916","ALIGNMENT PIN FF-101-773"
"P-01506934","CONFIG_FRONT SEATBELTS"
"P-01506936","VARIANT_FRONT SEATBELTS, US"
"P-01507021","VARIANT_HARNESS ASSY, FRONT LEFT DOOR"
"P-01507022","VARIANT_FRONT PRIMARY SEAL"
"P-01507366","PUSH RIVET M08x16.80 PUSH RIVET FF-101-1"
"P-01508110","GANG CHANNEL STRIP"
"P-01508826","CONFIG_PARK PILOT SENSORS"
"P-01508827","VARIANT_PARK PILOT SENSORS, COLOR DEPEND"
"P-01508830","VARIANT_RADAR, MID RANGE, RL"
"P-01508831","CONFIG_RADAR, MID RANGE, RR"
"P-01508833","VARIANT_RADAR, MID RANGE, RR"
"P-01508834","CONFIG_RADAR, MID RANGE, FL"
"P-01508836","VARIANT_RADAR, MID RANGE, CENTER"
"P-01508837","CONFIG_RADAR, MID RANGE, RL"
"P-01508839","CONFIG_KEY FOB"
"P-01508840","VARIANT_KEY FOB"
"P-01508842","CONFIG_SENSOR ACCELERATION PERIPHERAL"
"P-01508843","VARIANT_SENSOR PERIPHERAL"
"P-01508845","CONFIG_ALL HARNESS ASSY, GAMMA CRASH"
"P-01510752","VARIANT_ALL HARNESS ASSY, GAMMA CRASH"
"P-01510754","VARIANT_EDPL HEADLINER SPEAKERS"
"P-01510755","VARIANT_POST, NEGATIVE REMOTE POWER ON"
"P-01510757","CONFIG_HARNESS ASSY, LEFT LIFTGATE"
"P-01510758","CONFIG_STEREO CAMERA"
"P-01510760","CONFIG_POST, NEGATIVE REMOTE POWER ON"
"P-01510761","VARIANT_SENSOR RAIN LIGHT"
"P-01510783","DF91 SUBSYSTEM-SENSORS AND ACTUATORS"
"P-01510806","CONFIG_HARNESS ASSY, BODY RIGHT"
"P-01510942","VARIANT_HORN, HI TONE USA"
"P-01510943","CONFIG_SENSOR ACCELERATION FRONT"
"P-01510965","VARIANT_HORN, LOW TONE USA"
"P-01510966","CONFIG_HORN,HI TONE"
"P-01510968","VARIANT_SENSOR ACCELERATION FRONT LHS"
"P-01510969","CONFIG_SENSOR PRESSURE PERIPHERAL"
"P-01510974","VARIANT_STEREO CAMERA"
"P-01510975","CONFIG_HORN,LOW TONE"
"P-01510977","CONFIG_BRACKET, INLINE CONNECTORS, REAR"
"P-01510978","VARIANT_ BRACKET, INLINE CONNECTORS, REA"
"P-01510980","VARIANT_HARNESS ASSY, BODY RIGHT"
"P-01512200","UGDO"
"P-01519019","VARIANT_EXTERIOR FUNCTIONAL LIGHTING REA"
"P-01519020","CONFIG_EXTERIOR FUNCTIONAL LIGHTING FRON"
"P-01519021","VARIANT_EXTERIOR AESTHETIC LIGHTING - RE"
"P-01519023","CONFIG_EXTERIOR FUNCTIONAL LIGHTING REAR"
"P-01519024","CONFIG_EXTERIOR AESTHETIC LIGHTING - REA"
"P-01519025","CONFIG_UNDERHOOD MODULE"
"P-01519033","DF91 SUBSYSTEM-SPOILER"
"P-01519034","CONFIG_OVHD_CONSOLE"
"P-01519035","VARIANT_JACK PADS"
"P-01519036","VARIANT_NVH EXTERIOR REAR"
"P-01519037","VARIANT_COW LEAF SCREEN"
"P-01519038","VARIANT_D-PILLAR APPLIQUE"
"P-01520001","BOLT M06x1.00x30 CLASS 10.9 HEX FLANGE A"
"P-01520522","DF91 SUBSYSTEM-FRONT END"
"P-01520523","DF91 SUBSYSTEM-BUTTRESSES"
"P-01520524","DF91 SUBSYSTEM-WHEEL LINERS"
"P-01520526","VARIANT_LIFTGATE APPLIQUE"
"P-01520527","CONFIG_UNDERHOOD CLOSEOUT PANEL"
"P-01520528","CONFIG_ANTENNA"
"P-01520529","DF91 SUBSYSTEM-UNDERBODY"
"P-01520530","CONFIG_BUTTRESS QUARTER PANEL"
"P-01520531","VARIANT_NVH EXTERIOR FENDER FRONT"
"P-01520532","CONFIG_SPOILER REAR UPPER"
"P-01520533","DF91 SUBSYSTEM-FASCIA"
"P-01520534","VARIANT_SPOILER REAR UPPER"
"P-01520535","CONFIG_REAR FASCIA"
"P-01520537","CONFIG_FRONT FASCIA"
"P-01530516","BODY GAP SEAL_LH"
"P-01530721","MID FLOOR BAFFLE"
"P-01530724","MID FLOOR BAFFLE SUPPORT"
"P-01530725","ASSY MID FLOOR BAFFLE"
"P-01530781","CONFIG_BODY SEALANT"
"P-01530782","VARIANT_BODY SEALANT"
"P-01530783","CONFIG_RADAR, MID RANGE, FR"
"P-01530784","VARIANT_RADAR, MID RANGE, FR"
"P-01530785","CONFIG_REAR PRIMARY SEAL"
"P-01530786","VARIANT_REAR PRIMARY SEAL"
"P-01530788","VARIANT_BODYSIDE OTR RH"
"P-01530789","CONFIG_D-RING_UPR"
"P-01535504","Seal_Reinf Liftgate Power Strut Body"
"P-01536021","CBS STRUCTURAL BAFFLE AFT"
"P-01536022","CBS STRUCTURAL BAFFLE MID"
"P-01536023","CBS STRUCTURAL BAFFLE FR"
"P-01537182","NUT, FLANGED HEX, M6 x 14.2MM OD"
"P-01537736","PNL_TAIL LAMP MTG INR LWR RH"
"P-01537986","PNL_TAIL LAMP MTG INR LWR LH"
"P-01540214","NVH EXPANSION TAPE"
"P-01540254","PNL ASSY_REAR CLOSURE INR CTR"
"P-01540501","BOLT M06x1.00x24.00 HEX FLANGE SEMS BOLT"
"P-01540886","CONFIG_DOOR ASSY FRONT RH"
"P-01540887","VARIANT_DOOR ASSY FRONT RH"
"P-01540888","CONFIG_DOOR ASSY FRONT LH"
"P-01540889","VARIANT_DOOR ASSY FRONT LH"
"P-01540890","CONFIG_DOOR ASSY REAR RH"
"P-01540891","VARIANT_DOOR ASSY REAR RH"
"P-01540892","CONFIG_DOOR ASSY REAR LH"
"P-01540893","VARIANT_DOOR ASSY REAR LH"
"P-01540894","VARIANT_HOOD ASSY"
"P-01540895","CONFIG_HOOD LATCH ASSY"
"P-01540896","VARIANT_HOOD LATCH ASSY"
"P-01541328","BRACKET  DOOR STRIKER"
"P-01541329","A PLR GUSSET  RH"
"P-01541331","NUT PLATE  DOOR STRIKER"
"P-01541332","DOOR STRIKER ASSY"
"P-01541469","REINF_D RING MID LWR RH"
"P-01541470","REINF_D RING MID LWR LH"
"P-01541553","ASSY WS WASHERS"
"P-01541554","ASSY WS WASHER NOZZLES"
"P-01541555","ASSY WS WASHER HOSE"
"P-01541666","ARM ASSY LH"
"P-01541670","BLADE ASSY"
"P-01541671","ARM ASSY"
"P-01543258","BOLT M06x1.00x16.00 HEX FLANGE BOLT W/ M"
"P-01543259","FF-101-402_E SCREW, M5-0.8x13.25 HEX CAP"
"P-01546960","REINFORCEMENT OUTER  REAR CROSSMEMBER  R"
"P-01549383","SCREW M5x-0.8x21.95 CLASS 8.8 HEX CAP, F"
"P-01549384","ASSY_BRACKET_HEAT EXCHANGER_LH"
"P-01550023","PNL ASSY_RR CLOSURE INR UPR RH"
"P-01550024","PNL ASSY_RR CLOSURE INR UPR LH"
"P-01550306","SHEAR PLATE  LH  FR CROSSMEMBER"
"P-01550375","BRACKET-SHOCK TOWER TO FOD-RH"
"P-01550376","BRACKET-SHOCK TOWER TO FOD-LH"
"P-01550515","RIVNUT M12x1.75 6H HALF HEX LOW CARBON S"
"P-01550777","BATT_ENCL_FLOOR-RR"
"P-01550915","BRKT ASSY_ROOF SHADE BEAM - RR MID"
"P-01550921","BRKT_ ROOF SHADE BEAM - RR MID"
"P-01550928","BRKT_ROOF SHADE MID MOTOR/LED LH"
"P-01550929","BRKT_ROOF SHADE MID MOTOR/LED RH"
"P-01550935","PANEL CLIP 16.5 M03-0900-26 FF-101-120"
"P-01550936","PANEL CLIP 16.5 M03-0900-26 FF-101-120"
"P-01550937","PANEL CLIP 16.5 M03-0900-26 FF-101-120"
"P-01550938","PUSH RIVET M08x16.80 PUSH RIVET FF-101-1"
"P-01550939","PUSH RIVET M08x16.80 PUSH RIVET FF-101-1"
"P-01553503","RAIL ASSY  L-BRACKET  RH"
"P-01553504","RAIL ASSY  L-BRACKET  LH"
"P-01553505","CROSSMEMBER ASSY, FR SEAT RR"
"P-01553509","CROSSMEMBER CAP ASSY  FRONT SEAT  AFT  R"
"P-01553673","BATT_ENCL_VENT_PROTECTOR-RH"
"P-01553693","PNL ASSY_RR CLOSURE INR LWR RH"
"P-01553694","PNL ASSY_RR CLOSURE INR LWR LH"
"P-01553834","SCREW, FLANGED BUTTON HEAD, HEXALOBULAR"
"P-01553922","A PLR GUSSET  LH"
"P-01557616","PUSH RIVET M08x16.80 PUSH RIVET FF-101-1"
"P-01559457","Reinf_Assy_Liftgate Striker"
"P-01559459","Reinf_Liftgate Striker Mount Plate"
"P-01560649","CONFIG_SEATING_2R 5050 LH"
"P-01560650","CONFIG_SEATING_1R LH"
"P-01560651","CONFIG_SEATING_1R RH"
"P-01560652","VARIANT_AIRBAGS"
"P-01560654","VARIANT_SEATING 2R 5050 LH USA"
"P-01560655","VARIANT_SEATING USA"
"P-01560656","VARIANT_SEATING 1R RH USA"
"P-01560657","DF91 SUBSYSTEM-SEATS"
"P-01560667","4.8x13.0 SIX LOBE SOCKET PAN HEAD TAPPIN"
"P-01560723","text P-01504419"
"P-01560724","Upper  Crossmember  Powertrain Front"
"P-01560725","Sleeve  crossmember  powertrain front"
"P-01560726","Lower  Crossmember  Powertrain Front"
"P-01560727","bracket R  motor mount L  crossmember  p"
"P-01560728","bracket L  motor mount L  crossmember  p"
"P-01560729","bracket R  motor mount R  crossmember  p"
"P-01560730","bracket L  motor mount R  crossmember  p"
"P-01560731","Bracket  Crossmember  Powertrain Front"
"P-01560796","DC Charge Port Bracket ASM_FRONT"
"P-01560797","Plastic Mold Bracket"
"P-01560876","PUSH RIVET M08x16.80 PUSH RIVET FF-101-1"
"P-01562599","BATT_ENCL_ATTACH_WASHER"
"P-01562698","SHEAR PLATE  RH  FR CROSSMEMBER"
"P-01564844","DF91 SUBSYSTEM-APPLIQUES"
"P-01564845","CONFIG_NVH EXTERIOR FRONT"
"P-01564846","CONFIG_LIFTGATE APPLIQUE"
"P-01564850","VARIANT_BUTTRESS QUARTER PANEL"
"P-01564851","CONFIG_FRONT END"
"P-01564852","VARIANT_FRONT END"
"P-01564853","VARIANT_UNDERBODY AERO MID"
"P-01564854","CONFIG_UNDERBODY AERO MID"
"P-01564855","CONFIG_UNDERBODY AERO FRONT"
"P-01564856","DF91 SUBSYSTEM-EXTERIOR NVH"
"P-01564857","CONFIG_NVH EXTERIOR FENDER FRONT"
"P-01564858","CONFIG_NVH EXTERIOR REAR"
"P-01564859","CONFIG_WHEEL LINERS"
"P-01564860","VARIANT_WHEEL LINERS"
"P-01564861","VARIANT_UNDERBODY AERO FRONT"
"P-01564863","CONFIG_UNDERBODY AERO REAR"
"P-01564864","VARIANT_UNDERHOOD CLOSEOUT PANEL"
"P-01564865","CONFIG_FRONT LICENSE PLATE MOUNTING"
"P-01564866","VARIANT_FRONT LICENSE PLATE MOUNTING USA"
"P-01564867","CONFIG_HOOD APPLIQUE"
"P-01564868","VARIANT_NVH EXTERIOR FRONT"
"P-01564869","VARIANT_ANTENNA"
"P-01565058","Charge Port Door Mechanism Non-Functiona"
"P-01565078","REINF_B PILLAR INNER STAMPING RH"
"P-01565081","REINF_ASSY_B PILLAR STAMPING LH"
"P-01565468","VARIANT_HARNESS ASSY, BATTERY POSITIVE C"
"P-01565469","CONFIG_HARNESS ASSY, REAR LEFT DOOR"
"P-01565470","CONFIG_CONTROL MODULE, TIRE PRESSURE MON"
"P-01565475","VARIANT_HARNESS ASSY, UNDERHOOD"
"P-01565476","CONFIG_HARNESS ASSY, BATTERY POSITIVE CA"
"P-01565889","NUT PLATE - ROOF BOW ASSY"
"P-01566170","HOOD LATCH BRACKET_STATIC"
"P-01566700","A PLR GUSSET ASSY  RH"
"P-01566701","SPEAKER IP BRACKET  RH"
"P-01566702","SPEAKER IP BRACKET  LH"
"P-01566703","A PLR GUSSET ASSY  LH"
"P-01567206","STRIP   GANG CHANNEL - REAR CROSS MEMBER"
"P-01567266","SIDE RAIL_BAFFLE OUTER"
"P-01568482","BRKT_HEADLAMP_UPR LH"
"P-01568483","GUSSET_COWL SIDE INR LH ASSY"
"P-01568891","SCREW M5x-0.8x21.95 CLASS 8.8 HEX CAP, F"
"P-01569274","FASTENER COLLECTOR | PLATFORM STATION UB"
"P-01571623","SCREW M5x-0.8x21.95 CLASS 8.8 HEX CAP, F"
"P-01572233","COWL SIDE  ASSEMBLY - LH  INNER - FORWAR"
"P-01572354","J-UB1"
"P-01572355","J-UB1 FASTENER COLLECTOR"
"P-01573392","VARIANT_EXTERIOR AESTHETIC LIGHTING FRON"
"P-01573393","CONFIG_EXTERIOR FUNCTIONAL LIGHTING FRON"
"P-01573397","VARIANT_EXTERIOR FUNCTIONAL LIGHTING FRO"
"P-01573398","CONFIG_EXTERIOR AESTHETIC LIGHTING FRONT"
"P-01573401","VARIANT_EXTERIOR FUNCTIONAL LIGHTING FRO"
"P-01573403","VARIANT_EXTERIOR FUNCTIONAL LIGHTING HEA"
"P-01573404","CONFIG_EXTERIOR AESTHETIC LIGHTING - FRO"
"P-01573405","VARIANT_EXTERIOR FUNCTIONAL LIGHTING LIF"
"P-01573406","CONFIG_EXTERIOR FUNCTIONAL LIGHTING REAR"
"P-01573409","CONFIG_EXTERIOR FUNCTIONAL LIGHTING TAIL"
"P-01573413","VARIANT_EXTERIOR FUNCTIONAL LIGHTING HEA"
"P-01573414","CONFIG_EXTERIOR AESTHETIC LIGHTING - FRO"
"P-01573415","VARIANT_EXTERIOR FUNCTIONAL LIGHTING REA"
"P-01573416","CONFIG_EXTERIOR FUNCTION LIGHTING HEADLA"
"P-01573417","CONFIG_HARNESS ASSY, RIGHT TAIL LAMP"
"P-01573418","VARIANT_HARNESS ASSY, RIGHT TAIL LAMP"
"P-01573419","CONFIG_HARNESS ASSY, BATTERY POSITIVE CA"
"P-01573420","VARIANT_HARNESS ASSY, BATTERY POSITIVE C"
"P-01573421","CONFIG_HARNESS ASSY, LEFT TAIL LAMP"
"P-01573422","VARIANT_HARNESS ASSY, LEFT TAIL LAMP"
"P-01573423","CONFIG_CONTROL MODULE, DOOR, FR"
"P-01573424","VARIANT_CONTROL MODULE, DOOR, FR"
"P-01573429","VARIANT_HARNESS ASSY, REAR LEFT DOOR"
"P-01573430","CONFIG_HARNESS ASSY, FRONT RIGHT ROOF"
"P-01573431","VARIANT_HARNESS ASSY, FRONT RIGHT ROOF"
"P-01573432","CONFIG_HARNESS ASSY, REAR SUBFRAME"
"P-01573433","VARIANT_CONTROL MODULE, SAFETY RESTRAINT"
"P-01573434","DF91 SUBSYSTEM-LV DISTRIBUTION"
"P-01573435","VARIANT_CONTROL MODULE, TIRE PRESSURE MO"
"P-01573436","CONFIG_CONTROL MODULE, SAFETY RESTRAINT"
"P-01573437","CONFIG_HARNESS ASSY, BODY LEFT"
"P-01573438","VARIANT_HARNESS ASSY, BODY LEFT"
"P-01573439","CONFIG_HARNESS ASSY, RIGHT LIFTGATE"
"P-01573444","CONFIG_HARNESS ASSY, MID RIGHT ROOF"
"P-01573445","VARIANT_HARNESS ASSY, MID RIGHT ROOF"
"P-01573446","MOUNTING BRACKET ASSEMBLY, iHUB - LH"
"P-01573447","SCREW, FLANGED BUTTON HEAD, HEXALOBULAR"
"P-01573450","IHUB"
"P-01573554","PANEL CLIP 16.5 M03-0900-26 FF-101-120"
"P-01573596","J-UB2"
"P-01573597","J-UB2 FASTENER COLLECTOR"
"P-01573598","J-UB3"
"P-01573599","J-UB3 FASTENER COLLECTOR"
"P-01573600","J-UB4"
"P-01573601","J-UB4 FASTENER COLLECTOR"
"P-01575111","SCREW, M6-1.0x20 BUTTON HEAD, HEXALOBULA"
"P-01575593","CONFIG_FRONT END MODULE ASSY"
"P-01575594","VARIANT_FRONT END MODULE ASSY"
"P-01575595","CONFIG_FRONT POWERTRAIN CROSSMEMBER"
"P-01575596","VARIANT_FRONT POWERTRAIN CROSSMEMBER"
"P-01575597","CONFIG_REAR SEAT BELT RETARCTOR MOUNTING"
"P-01575598","VARIANT_REAR SEAT BELT RETARCTOR MOUNTIN"
"P-01575600","CONFIG_LIFTGATE ASSY"
"P-01575601","VARIANT_LIFTGATE ASSY"
"P-01575602","CONFIG_FENDER ASSY,FRONT RH"
"P-01575603","VARIANT_FENDER ASSY, FRONT RH"
"P-01575604","CONFIG_FENDER ASSY,FRONT LH"
"P-01575605","VARIANT_FENDER ASSY, FRONT LH"
"P-01575610","CONFIG_LIFTGATE ODS"
"P-01575611","VARIANT_LIFTGATE ODS"
"P-01575772","SHEAR PLATE  FR RAIL_RH"
"P-01575852","WIPER MOTOR BRKT LH"
"P-01576256","ASSEMBLY, AC BRACKET"
"P-01577020","COWL SIDE  ASSEMBLY - RH  INNER - FORWAR"
"P-01577439","CONFIG_HINGES,HOOD"
"P-01577440","CONFIG_HINGES,LIFTGATE"
"P-01577441","VARIANT_HINGES, LIFTGATE"
"P-01577442","VARIANT_HINGES, HOOD"
"P-01577445","CONFIG_WINDSCREEN ASSY"
"P-01577446","VARIANT_WINDSCREEN ASSY"
"P-01577447","CONFIG_FRONT QTR GLASS"
"P-01577448","VARIANT_FRONT QTR GLASS"
"P-01577449","CONFIG_FRONT DOOR GLASS"
"P-01577450","VARIANT_FRONT DOOR GLASS"
"P-01577453","CONFIG_REAR DOOR GLASS"
"P-01577454","VARIANT_REAR DOOR GLASS"
"P-01577455","CONFIG_REAR QUARTER GLASS ASSY"
"P-01577456","VARIANT_REAR QUARTER GLASS ASSY NO TINT"
"P-01577457","CONFIG_BACKLITE"
"P-01577719","VARIANT_BACKLITE"
"P-01577722","CONFIG_EXTERIOR MIRRORS"
"P-01577723","VARIANT_EXTERIOR MIRRORS USA"
"P-01577727","CONFIG_LIFTGATE LATCH ASSY"
"P-01577730","CONFIG_LIFTGATE STRUT ASSY"
"P-01577731","CONFIG_HOOD STRUT ASSY"
"P-01577732","CONFIG_LIFTGATE BUMP STOPS"
"P-01577733","VARIANT_HOOD APPLIQUE LIDAR"
"P-01577734","CONFIG_HEADLAMP CLEANING SYSTEM"
"P-01577735","CONFIG_WINDSHIELD WIPER SYSTEM"
"P-01577736","CONFIG_CHARGE PORT DOOR MECHANISM"
"P-01577922","VARIANT_LIFTGATE LATCH ASSY"
"P-01577925","VARIANT_LIFTGATE STRUT ASSY"
"P-01577926","VARIANT_HOOD STRUT ASSY"
"P-01577927","VARIANT_LIFTGATE BUMP STOPS"
"P-01577928","CONFIG_D-PILLAR APPLIQUE"
"P-01577929","VARIANT_HEADLAMP CLEANING SYSTEM"
"P-01577930","VARIANT_WINSHIELD WIPER SYSTEM"
"P-01577931","VARIANT_CHARGE PORT DOOR MECHANISM"
"P-01577935","CONFIG_EOG GLASS RUN SEAL"
"P-01577936","VARIANT_EOG GLASS RUN SEAL"
"P-01577937","CONFIG_LIFTGATE SEAL"
"P-01577938","VARIANT_LIFTGATE SEAL"
"P-01577985","REINF_ASSY ROOF RAIL OUTER FWD RH"
"P-01577995","REINF_ASSY ROOF RAIL OUTER FWD LH"
"P-01578025","VARIANT_BSI_LH_LOAD_2"
"P-01578026","DF91 SUBSYSTEM-GLASS"
"P-01578900","TRIM_ROCKER_SILL_RR_CAP_RH"
"P-01582798","READING LIGHT, FUNCTIONAL - BRIDGE, RH"
"P-01585610","CONFIG_ROOFSHADE"
"P-01585611","VARIANT_ROOFSHADE"
"P-01585612","CONFIG_REAR 5050 SEATBELTS"
"P-01585613","VARIANT_REAR 5050 SEATBELTS, USA"
"P-01585618","VARIANT_DOOR LATCH ASSY FRONT LH"
"P-01585619","CONFIG_POWER STRUT DOOR REAR"
"P-01585620","VARIANT_POWER STRUT DOOR FRONT"
"P-01585621","CONFIG_DOOR LATCH ASSY FRONT LH"
"P-01586770","REINF ASSY-FOD MOUNTING BRACKET-RH"
"P-01586771","SCREW M5x-0.8x21.95 CLASS 8.8 HEX CAP, F"
"P-01586832","PUSH RIVET M08x16.80 PUSH RIVET FF-101-1"
"P-01586833","PUSH RIVET M08x16.80 PUSH RIVET FF-101-1"
"P-01588031","CONFIG_FRONT WINDOW REGULATORS"
"P-01588032","VARIANT_FRONT WINDOW REGULATORS"
"P-01588033","DF91 SUBSYSTEM-BATTERY ENCLOSURE"
"P-01588034","CONFIG_BATTERY ENCLOSURE"
"P-01588035","CONFIG_REAR DOOR GLASS"
"P-01588036","VARIANT_REAR DOOR GLASS DARK TINT"
"P-01588037","CONFIG_WINDSCREEN ASSY"
"P-01588038","VARIANT_WINDSCREEN ASSY"
"P-01588039","CONFIG_DOOR LATCH ASSY REAR RH"
"P-01588040","VARIANT_DOOR LATCH ASSY REAR RH"
"P-01588041","CONFIG_HINGES,LIFTGATE"
"P-01588042","VARIANT_HINGES, LIFTGATE"
"P-01588043","CONFIG_FRONT LOWER DOOR HINGES"
"P-01588044","VARIANT_FRONT LOWER DOOR HINGES"
"P-01588045","CONFIG_FRONT DOOR GLASS"
"P-01588046","VARIANT_FRONT DOOR GLASS"
"P-01588047","VARIANT_D-RING_LWR"
"P-01588048","CONFIG_ROOF_BOWS"
"P-01588069","VARIANT_D-RING_INNER FRAME"
"P-01588070","CONFIG_D-RING_LWR"
"P-01588071","VARIANT__D-RING_UPR"
"P-01588072","CONFIG_BSI_LH_LOAD_3"
"P-01588073","CONFIG_REAR QUARTER GLASS ASSY"
"P-01588074","VARIANT_REAR QUATER GLASS ASSY TINT"
"P-01588075","CONFIG_DOOR LATCH ASSY FRONT RH"
"P-01588076","VARIANT_DOOR LATCH ASSY FRONT RH"
"P-01588077","CONFIG_FRONT ROOF GLASS ASSY"
"P-01588078","VARIANT_FRONT ROOF GLASS"
"P-01588079","VARIANT_BODYSIDE OTR LH"
"P-01588080","CONFIG_D-RING_INNER FRAME"
"P-01588081","CONFIG_EXTERIOR MIRRORS"
"P-01588082","VARIANT_EXTERIOR MIRRORS USA"
"P-01588085","VARIANT_ROOF_BOWS"
"P-01588086","CONFIG_BSI_RH_LOAD_2"
"P-01588087","VARIANT_BSI_RH_LOAD_3"
"P-01588088","CONFIG_BSI_LH_LOAD_2"
"P-01588170","VARIANT_BATTERY ENCLOSURE"
"P-01588171","DF91 SUBSYSTEM-MECHANISMS"
"P-01588172","VARIANT_BSI_LH_LOAD_3"
"P-01588173","CONFIG_BODYSIDE OTR LH"
"P-01588174","VARIANT__BSI_RH_LOAD_2"
"P-01588175","CONFIG_BSI_RH_LOAD_3"
"P-01588176","CONFIG_BACKLITE"
"P-01588177","VARIANT_BACKLITE"
"P-01588178","CONFIG_WINDSHIELD WASHER SYSTEM"
"P-01588179","VARIANT_WINDSHIELD WASHER SYSTEM"
"P-01588184","CONFIG_REAR ROOF GLASS ASSY"
"P-01588185","VARIANT_REAR ROOF GLASS, STANDARD"
"P-01588186","CONFIG_CHARGE PORT DOOR MECHANISM"
"P-01588187","VARIANT_CHARGE PORT DOOR MECHANISM"
"P-01588188","VARIANT_BODY NVH"
"P-01588189","DF91 SUBSYSTEM-BOLT-ON STRUCTURES"
"P-01588274","BRACKET_ELECTRICAL-CONNECTOR"
"P-01588322","Finished product"
"P-01588349","2R 5050 RH SIDEBOX HARNESS FOR LIGHT"
"P-01588350","2R 5050 LH SIDEBOX ASSY"
"P-01588360","test"
"P-015883601","finished products"
"P-015883602","final products 02"
"P-0158836021","final products 021"
"P-015883603","BDC TEST Material"
"P-0158836031","final products 031"
"P-015883604","final products 04"
"P-0158836041","final products 041"
"P-015883605","BDC TEST Material 05"
"P-015883608","Final Product"
"P-015883609","ga"
"P-015883690","Product Material"
"P-015883691","product material1"
"P-01588380","material"
"P-01588436","CONFIG_UNDERHOOD MODULE"
"P-01588437","VARIANT_UNDERHOOD MODULE"
"P-01588438","DF91 SUBSYSTEM-PLATFORM"
"P-01588439","CONFIG_UB4"
"P-01588440","VARIANT_UB3"
"P-01588441","CONFIG_UB1"
"P-01588442","VARIANT_UB4"
"P-01588443","CONFIG_UB2"
"P-01588444","VARIANT_UB1"
"P-01588445","DF91 SUBSYSTEM-BODY SHELL"
"P-01588446","VARIANT_UB2"
"P-01588447","CONFIG_UB3"
"P-01588448","CONFIG_FRONT BUMPER"
"P-01588449","VARIANT_FRONT BUMPER"
"P-01588450","CONFIG_BSI_RH_LOAD_1"
"P-01588451","VARIANT_BSI_RH_LOAD_1"
"P-01588452","CONFIG_BSI_LH_LOAD_1"
"P-01588453","VARIANT__BSI_LH_LOAD_1"
"P-01588498","2R 5050 LH COMFORT CONVENIENCE ELEMENTS"
"P-01588536","PUSH RIVET M08x16.80 PUSH RIVET FF-101-1"
"P-01588576","CONFIG_REAR BUMPER"
"P-01588577","VARIANT_REAR BUMPER"
"P-01588578","SCREW, M2.5-0.45x6.0, BUTTON HEAD, HEXAL"
"P-01588579","Summit 4ch Booster"
"P-01588580","MOUNTING BRACKET, iHUB - RH"
"P-01588588","CONFIG_LIFTGATE BUMP STOPS"
"P-01588589","VARIANT_LIFTGATE BUMP STOPS"
"P-01588590","CONFIG_FRONT QTR GLASS"
"P-01588591","VARIANT_FRONT QTR GLASS"
"P-01588593","VARIANT_REAR UPPER DOOR HINGES"
"P-01588594","CONFIG_POWER STRUT DOOR FRONT"
"P-01589950","REINF  RR RAIL_RH"
"P-01589951","REINF  RR RAIL_LH"
"P-01590018","CLINCH STUD, M8 x 30MM DBB W/ MATPOINT"
"P-01590192","CONFIG_UGDO"
"P-01590193","VARIANT_ADAPTOR"
"P-01590194","CONFIG_HUD"
"P-01590195","VARIANT_AM/FM1 AMPLIFIER"
"P-01590196","CONFIG_IHUB"
"P-01590197","VARIANT_B-PILLAR INNER LSM"
"P-01590198","CONFIG_ADAPTOR"
"P-01590199","VARIANT_EXTERNAL SOUNDER, FRONT"
"P-01590200","CONFIG_MMU"
"P-01590201","VARIANT_HUD"
"P-01590202","DF91 SUBSYSTEM-INFOTAINMENT"
"P-01590203","VARIANT_LIFTGATE LSM"
"P-01590204","CONFIG_WAVETRAP PLUS"
"P-01590205","CONFIG_GROUNDSTRAPS"
"P-01590206","CONFIG_CELL 5&amp;amp;6"
"P-01590207","VARIANT_EXTERNAL SOUNDER, REAR"
"P-01590208","CONFIG_WAVETRAP MINUS"
"P-01590211","VARIANT_WAVETRAP MINUS"
"P-01590433","CONFIG_SUMMIT 12 CHANNEL AMP"
"P-01590434","VARIANT_LIFTGATE SUBWOOFER"
"P-01590435","CONFIG_MODULE SUMMIT 8 CHANNEL BOOSTER"
"P-01590436","VARIANT_ECPM"
"P-01590437","CONFIG_MODULE SUMMIT 4 CHANNEL BOOSTER"
"P-01590438","VARIANT_CELL 5&amp;amp;6"
"P-01590439","CONFIG_17CM WOOFER"
"P-01590440","VARIANT_SURROUND VIEW CAMERA"
"P-01590441","CONFIG_B-PILLAR 25MM TWEETERS"
"P-01590444","VARIANT_GROUNDSTRAPS"
"P-01590445","CONFIG_LIFTGATE SUBWOOFER"
"P-01590446","VARIANT_17CM WOOFER"
"P-01590447","CONFIG_EDPL HEADLINER SPEAKERS"
"P-01590448","VARIANT_MODULE SUMMIT 4 CHANNEL BOOSTER"
"P-01590449","CONFIG_DASH CAMERA"
"P-01590450","VARIANT_IHUB"
"P-01590451","CONFIG_ECPM"
"P-01590452","VARIANT_MMU"
"P-01590453","CONFIG_B-PILLAR INNER LSM"
"P-01590454","VARIANT_SUMMIT 12 CHANNEL AMP"
"P-01590455","CONFIG_LIFTGATE LSM"
"P-01590456","VARIANT_ MODULE SUMMIT 8 CHANNEL BOOSTER"
"P-01590457","CONFIG_AM/FM1 AMPLIFIER"
"P-01590458","VARIANT_15.4"" DISPLAY"
"P-01590459","CONFIG_RVM"
"P-01590460","VARIANT_DASH CAMERA"
"P-01590461","CONFIG_EXTERNAL SOUNDER, REAR"
"P-01590462","VARIANT_UGDO"
"P-01590463","CONFIG_EXTERNAL SOUNDER, FRONT"
"P-01590464","DF91 SUBSYSTEM-DISPLAYS"
"P-01590465","CONFIG_15.4"" DISPLAY"
"P-01590466","VARIANT_B-PILLAR APPLIQUE LH"
"P-01590467","CONFIG_PROPELLER_ASSY"
"P-01590468","VARIANT_WAVETRAP PLUS"
"P-01590469","CONFIG_PAINT-SEALING_REAR-HEADER"
"P-01590470","DF91 SUBSYSTEM-ROCKER SILLS"
"P-01590471","CONFIG_ROCKER SILLS"
"P-01590472","VARIANT_PROPELLER_ASSY"
"P-01590473","CONFIG_SHARKFIN ANTENNAS"
"P-01590474","VARIANT_SHARKFIN ANTENNAS"
"P-01590475","CONFIG_SURROUND VIEW CAMERA"
"P-01590501","BRKT_A-PLR PROPELLER"
"P-01590863","ASSY REINF_B PILLAR W LH"
"P-01591442","HEADLAMP WASHER CAP RH"
"P-01591443","HEADLAMP WASHER BRKT FRT LH"
"P-01595728","REINF ASSY_CRUSH CAN FRT RH"
"P-01595729","REINF ASSY_CRUSH CAN FRT LH"
"P-01595730","POST  SEAT MOUNT"
"P-01595893","UB1 FASTENER COLLECTOR"
"P-01596790","BRACKET-INSTRUMENT PANEL-LH"
"P-01596791","BRACKET-INSTRUMENT PANEL-RH"
"P-01596792","SCREW M5x-0.8x21.95 CLASS 8.8 HEX CAP, F"
"P-01596793","SCREW M5x-0.8x21.95 CLASS 8.8 HEX CAP, F"
"P-01598462","WIPER_MOTOR_LH"
"P-01598463","BLADE ASSY WIPER LH"
"P-01598988","PUSH RIVET M08x16.80 PUSH RIVET FF-101-1"
"P-01599710","BOLT M10-1.50x28.00 TORX PLUS PAN FLANGE"
"P-01600330","HOOD APPLIQUE WITH LIDAR"
"P-01600331","ANTENNA COVER"
"P-01600332","APPLIQUE - LIDAR SEAL"
"P-01600659","PUSH RIVET M08x16.80 PUSH RIVET FF-101-1"
"P-01601045","PCBA, FRONT BODY CONTROL MODULE"
"P-01601288","SCREW, M6-1.0x20 BUTTON HEAD, HEXALOBULA"
"P-01601289","SCREW M06x1.00x20.00 HEAVY HEX FLANGE SC"
"P-01601291","ASSY PANEL  TRUNK  SIDE  LH"
"P-01601292","ASSY PANEL  TRUNK  SIDE  RH"
"P-01601293","PANEL, TRUNK, FLOOR"
"P-01603020","SCREW M5x-0.8x21.95 CLASS 8.8 HEX CAP, F"
"P-01603465","AM/FM1 Amplifier"
"P-01603798","Physical Product01603798"
"P-01603799","BRACKET_SHOTGUN SUPPORT_RH"
"P-01603800","Physical Product01603800"
"P-01603801","BRACKET_SHOTGUN SUPPORT_LH"
"P-01603843","GUSSET  VERTICAL LH - SHOCK TOWER"
"P-01603844","TORQUE BOX  REAR UPPER AFT  LH"
"P-01603863","BRKT ASSY_ROOF SHADE MID MOTOR/LED LH"
"P-01603905","PUSH RIVET M08x16.80 PUSH RIVET FF-101-1"
"P-01604481","BRKT ASSY_ROOF SHADE MID MOTOR/LED RH"
"P-01604513","GUIDE BAR Assy - Front DF91"
"P-01604749","Summit 12 Channel Core Amp"
"P-01606036","CONFIG_INTERIOR NVH"
"P-01606037","VARIANT_INTERIOR NVH"
"P-01606038","CONFIG_DOOR TRIM_FR_RH"
"P-01606039","VARIANT_DOOR TRIM FR RH"
"P-01606273","SCREW M5x0.8x13.25 CLASS 8.8 HEX CAP W/F"
"P-01606333","BRKT ASSY_A-PLR PROPELLER"
"P-01609048","STRIP   GANG CHANNEL - REAR CROSS MEMBER"
"P-01609085","NUT, FLANGED HEX, M6 x 14.2MM OD"
"P-01609351","PUSH RIVET M08x16.80 PUSH RIVET FF-101-1"
"P-01609352","PUSH RIVET M08x16.80 PUSH RIVET FF-101-1"
"P-01609392","BOLT M06x1.00x16.00 HEX FLANGE BOLT W/ M"
"P-01609393","BOLT M06x1.00x16.00 HEX FLANGE BOLT W/ M"
"P-01609394","BOLT M06x1.00x16.00 HEX FLANGE BOLT W/ M"
"P-01609395","BOLT M06x1.00x16.00 HEX FLANGE BOLT W/ M"
"P-01609402","PROPELLER ASY"
"P-01609891","RAIL ASSY, REAR, LH"
"P-01610134","FF-101-402_E SCREW, M5-0.8x13.25 HEX CAP"
"P-01610177","PNL_BODYSIDE OTR END CAP RH"
"P-01610178","PNL_BODYSIDE OTR END CAP LH"
"P-01610469","BRACKET ASSY-SPEAKER IP-RH"
"P-01610470","BRACKET ASSY SPEAKER IP-LH"
"P-01611237","BOLT M06x1.00x16.00 HEX FLANGE BOLT W/ M"
"P-01611238","SCREW, M6-1.0x20 BUTTON HEAD, HEXALOBULA"
"P-01612697","PNL_REAR CLOSURE OTR EXT RH"
"P-01612698","CLINCH NUT M10-17x1.5 S-STM PC10--FF-101"
"P-01612701","PNL_RR WHEEL HOUSE MID LH"
"P-01612702","PNL_QTR INR UPR LH"
"P-01613055","BOLT M8-1.25x20 HEX FLANGE BOLT FF-101-7"
"P-01617672","ASSY GANG CHANNEL_SILL OUTER_LOWER"
"P-01618835","FASTENER COLLECTOR BODY SIDE INNER LH"
"P-01620423","SOLUTION_DOOR ASSEMBLY REAR LH"
"P-01620628","NUT, FLANGED HEX, M8 x 17.9MM OD"
"P-01620630","Summit 8ch Booster"
"P-01621713","SOLUTION_DOOR TRIM FR LH"
"P-01621714","SOLUTION_DOOR TRIM FR RH"
"P-01622036","Wave trap plus"
"P-01622037","4.8x13.0 SIX LOBE SOCKET PAN HEAD TAPPIN"
"P-01622727","SOLUTION_FRONT BUMPER"
"P-01622728","SOLUTION_REAR BUMPER"
"P-01622729","SOLUTION_TOW HITCH"
"P-01622730","SOLUTION_FRONT END"
"P-01622731","SOLUTION_FRONT POWERTRAIN CROSSMEMBER"
"P-01622732","SOLUTION_REAR SEAT BELT RETRACTOR"
"P-01622733","SOLUTION_SEALER"
"P-01622734","SOLUTION_HOOD ASSEMBLY"
"P-01622775","PROD PARK PILOT USS6-5_HM-AXIAL (COLOR D"
"P-01622777","Decoupling Ring"
"P-01623051","COMPRESSION LIMITER, M6 FF-101-823_A"
"P-01623273","SOLUTION_DOOR ASSY FRONT RH"
"P-01623274","SOLUTION_DOOR ASSY FRONT LH"
"P-01623275","SOLUTION_DOOR ASSY REAR RH"
"P-01623276","SOLUTION_HOOD LATCH ASSY"
"P-01623278","SOLUTION_LIFTGATE ASSY"
"P-01623279","SOLUTION_FENDER ASSY FRONT RH"
"P-01623280","SOLUTION_FENDER ASSY FRONT LH"
"P-01623281","SOLUTION_DOOR TOP MOLDING ASSY RH"
"P-01623282","SOLUTION_DOOR TOP MOLDING ASSY LH"
"P-01623284","SOLUTION_LIFTGATE ODS"
"P-01623286","SOLUTION_HINGES HOOD"
"P-01623287","SOLUTION_HINGES LIFTGATE"
"P-01623288","SOLUTION_WINDSCREEN ASSY"
"P-01623289","SOLUTION_FRONT QTR GLASS"
"P-01623471","SOLUTION_FRONT DOOR GLASS"
"P-01626125","SOLUTION_SAFETY RESTRAINT SYSTEM CONTROL"
"P-01626226","PCBA, THERMAL CONTROL MODULE"
"P-01626411","TOP HOUSING, FRONT BODY CONTROL MODULE"
"P-01626611","SOLUTION_REAR DOOR GLASS"
"P-01626631","SOLUTION_REAR DOOR GLASS DARK TINT"
"P-01626632","SOLUTION_REAR QUARTER GLASS ASSY NO TINT"
"P-01626633","SOLUTION_REAR QUARTER GLASS ASSY TINT"
"P-01626634","SOLUTION_BACKLITE"
"P-01626635","SOLUTION_EXTERIOR MIRRORS"
"P-01626640","SOLUTION_STATIC HOOD LATCH BRACKET ASSY"
"P-01626644","SOLUTION_LIFTGATE LATCH ASSY"
"P-01626647","SOLUTION_LIFTGATE STRUT ASSY"
"P-01626648","SOLUTION_HOOD STRUT ASSY"
"P-01626649","SOLUTION_LIFTGATE BUMP STOPS"
"P-01626650","SOLUTION_ANTENNA ASSY"
"P-01626651","SOLUTION_HEADLAMP CLEANING SYSTEM"
"P-01626652","SOLUTION_WINDSHIELD WIPER SYSTEM"
"P-01626653","SOLUTION_CHARGE PORT DOOR MECHANISM USA"
"P-01626654","SOLUTION_CHARGE PORT DOOR MECHANISM CHIN"
"P-01626656","SOLUTION_EOG GLASS RUN SEAL"
"P-01626657","SOLUTION_LIFTGATE SEAL"
"P-01626658","SOLUTION_FRONT CONSOLE"
"P-01626659","SOLUTION_REAR CONSOLE USA"
"P-01626660","SOLUTION_DOOR TRIM RR LH"
"P-01626661","SOLUTION_DOOR TRIM RR RH"
"P-01626662","SOLUTION_PILLAR TRIM UPR"
"P-01626663","SOLUTION_TRIM - PILLAR 50/50 LWR ASSY"
"P-01626665","SOLUTION_ROOFSHADE"
"P-01626666","SOLUTION_FLOOR"
"P-01626667","SOLUTION_REAR TRUNK"
"P-01626668","SOLUTION_LIFTGATE"
"P-01626669","SOLUTION_INTERIOR NVH"
"P-01626670","SOLUTION_INSTRUMENT PANEL"
"P-01626671","SOLUTION_SEATING 1R LH USA"
"P-01626672","SOLUTION_SEATING 1R RH USA"
"P-01626673","SOLUTION_SEATING 2R 50/50 RH USA"
"P-01626674","SOLUTION_SEATING 2R 50/50 LH USA"
"P-01626675","SOLUTION_FRONT SEATBELTS USA"
"P-01626677","SOLUTION_REAR 50/50 SEATBELTS USA"
"P-01626679","SOLUTION_AIRBAGS"
"P-01626680","SOLUTION_SENSOR ACCELERATION PERIPHERAL"
"P-01626681","SOLUTION_SENSOR ACCELERATION FRONT"
"P-01626682","SOLUTION_HORN HI TONE USA"
"P-01626683","SOLUTION_SENSOR,PERIPHERAL PRESSURE SENS"
"P-01626684","SOLUTION_PARK PILOT SENSORS, COLOR DEPEN"
"P-01626685","SOLUTION_SENSOR RAIN LIGHT"
"P-01626686","SOLUTION_KEY FOB"
"P-01626689","SOLUTION_HARNESS ASSY, LIFTGATE LT"
"P-01626690","SOLUTION_STEREO CAMERA"
"P-01626711","SOLUTION_HARNESS ASSY RIGHT TAIL LAMP"
"P-01626712","SOLUTION_POST NEGATIVE REMOTE POWER ON"
"P-01626713","SOLUTION_HARNESS ASSY REAR LEFT DOOR"
"P-01626714","SOLUTION_HARNESS ASSY BODY RIGHT"
"P-01626715","SOLUTION_HORN LOW TONE USA"
"P-01626717","SOLUTION_BRACKET INLINE CONNECTORS REAR"
"P-01626718","SOLUTION_HARNESS ASSY FRONT RIGHT ROOF"
"P-01626719","SOLUTION_RADAR, MID RANGE, FC"
"P-01626731","SOLUTION_HARNESS ASSY FRONT END"
"P-01626732","SOLUTION_REAR PRIMARY SEAL"
"P-01626733","SOLUTION_HARNESS ASSY FRONT FASCIA"
"P-01626734","SOLUTION_LV INVERTER, USA"
"P-01626735","SOLUTION_BRACKET INLINE CONNECTORS REAR"
"P-01626738","SOLUTION_HARNESS ASSY UNDERHOOD"
"P-01626741","SOLUTION_CONTROL MODULE DOOR FR"
"P-01626742","SOLUTION_HARNESS ASSY BATTERY POSITIVE C"
"P-01626743","SOLUTION_HARNESS ASSY, TAIL LAMP LT"
"P-01626746","SOLUTION_TIRE PRESSURE MONITOR SYSTEM CO"
"P-01626747","SOLUTION_HARNESS ASSY BODY LEFT"
"P-01626752","SOLUTION_HARNESS ASSY BATTERY POSITIVE C"
"P-01626753","SOLUTION_FRONT DOOR CLADDING LAMP LH"
"P-01626755","SOLUTION_HEADLAMP RH FMVSS"
"P-01626757","SOLUTION_TAIL LAMP LH FMVSS"
"P-01626758","SOLUITION_REAR DOOR CLADDING LAMP LH"
"P-01626762","SOLUTION_REAR SIDE REFLEX LH FMVSS"
"P-01626812","SOLUTION_ACCESSORY LAMP"
"P-01626814","SOLUTION_UNDERHOOD MODULE"
"P-01626815","SOLUTION_RADAR, MID RANGE, FL"
"P-01626817","SOLUTION_WINDOWSWITCHES"
"P-01626819","SOLUTION_RADAR, MID RANGE, FR"
"P-01626821","SOLUTION_LIFT GATE LAMP"
"P-01626823","SOLUTION_REAR FASCIA"
"P-01626824","SOLUTION_FRONT FASCIA"
"P-01626827","SOLUTION_FRONT LICENSE PLATE MOUNTING US"
"P-01626831","SOLUTION_ROCKER SILLS"
"P-01626832","SOLUTION_FRONT END"
"P-01626837","SOLUTION_D-PILLAR APPLIQUE"
"P-01626839","SOLUTION_HOOD APPLIQUE LIDAR"
"P-01626840","SOLUTION_LIFTGATE APPLIQUE"
"P-01626841","SOLUTION_BUTTRESS QUARTER PANEL"
"P-01626842","SOLUTION_SPOILER REAR UPPER"
"P-01626843","SOLUTION_UNDERBODY AERO FRONT"
"P-01626844","SOLUTION_UNDERBODY AERO MID"
"P-01626845","SOLUTION_UNDERBODY AERO REAR"
"P-01626846","SOLUTION_JACK PADS"
"P-01626847","SOLUTION_WHEEL LINERS"
"P-01626848","SOLUTION_NVH EXTERIOR FRONT"
"P-01626849","SOLUTION_NVH EXTERIOR REAR"
"P-01626850","SOLUTION_NVH EXTERIOR FENDER FRONT"
"P-01626851","SOLUTION_RVM"
"P-01626852","SOLUTION_UGDO"
"P-01626853","SOLUTION_HUD"
"P-01626854","SOLUTION_IHUB"
"P-01626855","SOLUTION_ADAPTOR"
"P-01626856","SOLUTION_MMU"
"P-01626857","SOLUTION_GROUNDSTRAPS"
"P-01626858","SOLUTION_CELL 5 &amp;amp; 6"
"P-01626859","SOLUTION_WAVETRAP MINUS"
"P-01626861","SOLUTION_SUMMIT 12 CHANNEL"
"P-01626862","SOLUTION_SUMMIT 8 CHANNEL BOOSTER"
"P-01626863","SOLUTION_WAVETRAP PLUS"
"P-01626864","SOLUTION_SUMMIT 4 CHANNEL"
"P-01626865","SOLUTION_17CM WOOFER"
"P-01626868","SOLUTION_LIFTGATE SUBWOOFER"
"P-01626869","SOLUTION_EDPL HEADLINER SPEAKER"
"P-01626870","SOLUTION_DASH CAMERA"
"P-01626871","SOLUTION_ECPM"
"P-01626872","SOLUTION_B-PILLAR INNER LSM"
"P-01626873","SOLUTION_LIFTGATE LSM"
"P-01626874","SOLUTION_AM/FM1 AMPLIFIER"
"P-01626875","SOLUTION_EXTERNAL SOUNDER REAR"
"P-01626876","SOLUTION_EXTERNAL SOUNDER FRONT"
"P-01626877","CONFIG_PAINT-SEALING_FASTENERS"
"P-01626878","VARIANT_PAINT-SEALING_FASTENERS"
"P-01626879","SOLUTION_DOOR REAR PAINT SHOP SEALER"
"P-01626882","SOLUTION_LIFTGATE BUMP STOPS"
"P-01626883","SOLUTION_BATTERY ENCLOSURE"
"P-01626884","SOLUTION_BSI_LH_LOAD_2"
"P-01626886","SOLUTION_WINDSCREEN ASSY"
"P-01626887","SOLUTION_WINDSHIELD WASHER SYSTEM"
"P-01626888","SOLUTION_STATIC HOOD LATCH BRACKET ASSY"
"P-01626889","SOLUTION_EXTERIOR MIRRORS"
"P-01626890","SOLUTION_REAR DOOR GLASS DARK TINT"
"P-01626891","SOLUTION_FRONT DOOR GLASS"
"P-01626892","SOLUTION_D-RING_LWR"
"P-01626893","SOLUTION-RING_INNER FRAME"
"P-01626894","SOLUTION_D-RING_UPR"
"P-01626895","SOLUTION_REAR QUARTER GLASS ASSY TINT"
"P-01626896","SOLUTION_DOOR LATCH ASSY REAR RH"
"P-01626897","SOLUTION_FRONT ROOF GLASS"
"P-01626898","SOLUTION_BODYSIDE OTR LH"
"P-01626899","SOLUTION_DOOR LATCH ASSY FRONT RH"
"P-01626900","SOLUTION_ROOF_BOWS"
"P-01626901","SOLUTION_BSI_RH_LOAD_3"
"P-01626902","SOLUTION_FRONT LOWER DOOR HINGES"
"P-01626903","SOLUTION_BSI_LH_LOAD_3"
"P-01626904","SOLUTION_BSI_RH_LOAD_2"
"P-01626905","SOLUTION_BACKLITE"
"P-01626906","SOLUTION_FRONT WINDOW REGULATORS"
"P-01626909","SOLUTION_REAR ROOF GLASS, STANDARD"
"P-01626910","SOLUTION_HINGES LIFTGATE"
"P-01626932","SOLUTION_CHARGE PORT DOOR MECHANISM USA"
"P-01626933","SOLUTION_FRONT QTR GLASS"
"P-01626940","SOLUTION_DOOR LATCH ASSY FRONT LH"
"P-01626941","SOLUTION_POWER STRUT DOOR FRONT"
"P-01626942","SOLUTION_REAR UPPER DOOR HINGES"
"P-01626949","SOLUTION_FRONT OUTER BELT"
"P-01626972","SOLUTION_BODY MASTIC SEALER"
"P-01626973","SOLUTION_REAR BUMPER"
"P-01626974","SOLUTION_UNDERHOOD MODULE"
"P-01626975","SOLUTION_UB3"
"P-01626976","SOLUTION_UB4"
"P-01626977","SOLUTION_UB1"
"P-01626978","SOLUTION_UB2"
"P-01626979","SOLUTION_BODY NVH"
"P-01626980","SOLUTION_BSI_RH_LOAD_1"
"P-01626981","SOLUTION_BSI_LH_LOAD_1"
"P-01626983","SOLUTION_FRONT BUMPER"
"P-01627421","BAFFLE  TOWBOARD FR"
"P-01627422","BAFFLE  TOWBOARD MID"
"P-01627423","BAFFLE  TOWBOARD RR"
"P-01627425","BAFFLE  FR RAIL RH"
"P-01627426","BAFFLE  FR RAIL LH"
"P-01627598","CONFIG_HARNESS ASSY, MID LEFT ROOF"
"P-01627599","VARIANT_HARNESS ASSY, MID LEFT ROOF"
"P-01627600","SOLUTION_HARNESS ASSY RIGHT LIFTGATE"
"P-01627685","VARIANT_EXTERIOR FUNCTIONAL LIGHTING TAI"
"P-01627687","CONFIG_HARNESS ASSY, BATTERY NEGATIVE CA"
"P-01627688","CONFIG_HARNESS ASSY, UNDERHOOD BATTERY C"
"P-01627689","CONFIG_HARNESS ASSY, FRONT END MODULE"
"P-01627690","VARIANT_HARNESS ASSY, FRONT END"
"P-01627691","SOLUTION_HARNESS ASSY MID LEFT ROOF"
"P-01627692","VARIANT_UNDERHOOD POWER DISTRIBUTION"
"P-01627696","SOLUTION_HARNESS ASSY MID RIGHT ROOF"
"P-01627699","VARIANT_HARNESS ASSY, BATTERY NEGATIVE C"
"P-01628045","SOLUTION_HARNESS ASSY UNDERHOOD BATTERY"
"P-01628051","VARIANT_HARNESS ASSY, RIGHT LIFTGATE"
"P-01628147","FOAM SEAL"
"P-01629469","SOLUTION_15.4"" DISPLAY"
"P-01631433","VARIANT_EXTERIOR AESTHETIC LIGHTING - RE"
"P-01631434","DOOR ASSY_FRONT LH"
"P-01631877","REINF ASSY_B PLR OTR RH"
"P-01633178","VARIANT_POWER STRUT DOOR REAR"
"P-01633179","VARIANT_LIFTGATE LATCH ASSY"
"P-01633180","VARIANT_HINGES, HOOD"
"P-01633181","CONFIG_HINGES,HOOD"
"P-01633462","PNL ASSY_RR WHEEL HOUSE FRT LH"
"P-01633463","SCREW, M6-1.0x20 BUTTON HEAD, HEXALOBULA"
"P-01633464","PNL ASSY_RR WHEEL HOUSE RR LH"
"P-01633584","OCCUPANT CLASSIFICATION SENSOR, Front Pa"
"P-01633764","SCREW M5x0.8x13.25 CLASS 8.8 HEX CAP W/F"
"P-01633849","SOLUTION_POWER STRUT DOOR REAR"
"P-01633987","CONFIG_DOOR LATCH ASSY REAR LH"
"P-01633988","SOLUTION_LIFTGATE LATCH ASSY"
"P-01633992","CONFIG_LIFTGATE LATCH ASSY"
"P-01633993","SOLUTION_HINGES HOOD"
"P-01633995","VARIANT_DOOR LATCH ASSY REAR LH"
"P-01633997","CONFIG_REAR LOWER DOOR HINGES"
"P-01633999","SOLUTION_DOOR LATCH ASSY REAR LH"
"P-01634028","PNL ASSY_REAR WHEEL HOUSE LH OUTER"
"P-01634048","REINF ASSY_B PLR OTR LH"
"P-01634382","REINF ASSY_B PLR INR LH"
"P-01634623","VARIANT_REAR LOWER DOOR HINGES"
"P-01634624","CONFIG_ROOFSHADE"
"P-01634626","SOLUTION_REAR LOWER DOOR HINGES"
"P-01635351","CONFIG_FENDER ASSY,FRONT LH"
"P-01635356","VARIANT_FENDER ASSY, FRONT LH"
"P-01635371","SOLUTION_DOOR ASSY FRONT RH"
"P-01635554","BRACKET  ASSY RESERVOIR"
"P-01635675","CONFIG_GROMMETS AND PATCHES"
"P-01635676","CONFIG_BODY MASTIC SEALER"
"P-01635679","VARIANT_GROMMETS AND PATCHES"
"P-01635680","VARIANT_BODY MASTIC SEALER"
"P-01635681","SOLUTION_PAINT-SEALING_FASTENERS"
"P-01635682","SOLUTION_GROMMETS AND PATCHES"
"P-01638617","SOLUTION_BODYSIDE OTR RH"
"P-01638905","VARIANT_HARNESS ASSY, LEFT LIFTGATE"
"P-01638906","SOLUTION_HARNESS ASSY REAR SUBFRAME"
"P-01638966","NUT, CLINCH M6x1.00x14 OD DBM PC10 FF-10"
"P-01638987","Surround View Camera"
"P-01638988","NVH_WHEEL_LINER_RR_LH"
"P-01639295","VARIANT_UNDERBODY AERO REAR"
"P-01639296","CONFIG_JACK PADS"
"P-01639297","SOLUTION_ADL"
"P-01639302","VARIANT_REAR FASCIA"
"P-01639304","CONFIG_HARNESS ASSY, FRONT SUBFRAME"
"P-01639305","SOLUTION_HARNESS ASSY BATTERY NEGATIVE C"
"P-01639306","VARIANT_WINDOWSWITCHES USA"
"P-01639307","DF91 SUBSYSTEM-EXTERIOR LIGHTING"
"P-01639470","SOLUTION_RADAR, MID RANGE, RL"
"P-01639472","CONFIG_HARNESS ASSY, FRONT FASCIA"
"P-01639473","SOLUTION_HARNESS ASSY MID CENTER ROOF"
"P-01639474","CONFIG_HARNESS ASSY, FRONT RIGHT DOOR"
"P-01639475","SOLUTION_HARNESS ASSY REAR RIGHT DOOR"
"P-01639477","VARIANT_HARNESS ASSY, REAR RIGHT DOOR"
"P-01639479","VARIANT_BRACKET, INLINE CONNECTORS, REAR"
"P-01639481","VARIANT_HARNESS ASSY, REAR FASCIA"
"P-01639482","VARIANT_LV INVERTER USA"
"P-01639483","VARIANT_HARNESS ASSY, FRONT SUBFRAME"
"P-01639484","VARIANT_HARNESS ASSY, FRONT LEFT ROOF"
"P-01639485","VARIANT_HARNESS ASSY, MID CENTER ROOF"
"P-01639486","VARIANT_HARNESS ASSY, FRONT RIGHT DOOR"
"P-01639487","CONFIG_BRACKET, INLINE CONNECTORS, REAR"
"P-01639488","CONFIG_HARNESS ASSY, REAR FASCIA"
"P-01639489","CONFIG_HARNESS ASSY, MID CENTER ROOF"
"P-01639533","CONFIG_LV INVERTER"
"P-01639534","CONFIG_HARNESS ASSY, FRONT LEFT ROOF"
"P-01639535","SOLUTION_HARNESS ASSY FRONT LEFT ROOF"
"P-01639536","SOLUTION_HARNESS ASSY FRONT LEFT DOOR"
"P-01639537","SOLUTION_HARNESS ASSY REAR FASCIA"
"P-01639538","SOLUTION_HARNESS ASSY FRONT RIGHT DOOR"
"P-01639539","SOLUTION_HARNESS ASSY FRONT SUBFRAME"
"P-01639540","CONFIG_CONTROL MODULE, DOOR, RL"
"P-01639541","CONFIG_CONTROL MODULE, BODY GATEWAY"
"P-01639542","CONFIG_CONTROL MODULE, SELF DRIVING"
"P-01639544","VARIANT_CONTROL MODULE, DOOR, RL"
"P-01639545","VARIANT_CONTROL MODULE, BODY GATEWAY AND"
"P-01639546","VARIANT_CONTROL MODULE, SELF DRIVING"
"P-01639547","SOLUTION_CONTROL MODULE DOOR RL"
"P-01639548","SOLUTION_CONTROL MODULE, BODY GATEWAY"
"P-01639549","SOLUTION_CONTROL MODULE SELF DRIVING"
"P-01639759","CONFIG_DOOR ASSY REAR RH"
"P-01639822","VARIANT_DOOR ASSY REAR RH"
"P-01639823","SOLUTION_FENDER ASSY FRONT LH"
"P-01639954","CONFIG_EXTERIOR FUNCTIONAL LIGHTING ACCE"
"P-01639955","VARIANT_EXTERIOR FUNCTIONAL LIGHTING ACC"
"P-01639957","SOLUTION_RADAR, MID RANGE, RR"
"P-01640367","CONFIG_HOOD SEALS"
"P-01640368","CONFIG_FENDER SEALS"
"P-01640369","VARIANT_HOOD SEALS"
"P-01640370","VARIANT_FENDER SEALS"
"P-01640371","SOLUTION_HOOD SEALS"
"P-01640372","SOLUTION_FENDER SEALS"
"P-01640591","DF91 SUBSYSTEM-ACCESSORIES"
"P-01640595","CONFIG_SEATING_2R 5050 RH"
"P-01640596","CONFIG_SEATING_2R 5050 SIDEBOX RH"
"P-01640597","VARIANT_SEATING 2R 5050 RH USA"
"P-01640598","VARIANT_CONFIG_SEATING_2R 5050 SIDEBOX R"
"P-01640599","SOLUTION_SEATING 2R 5050 SIDEBOX RH"
"P-01640600","SOLUTION_SEATING 2R 5050 SIDEBOX LH"
"P-01640670","ASSY WS WASHER HOSE"
"P-01641868","Washer pump"
"P-01642575","CONFIG_GROMMET_FRONT DOOR"
"P-01642576","CONFIG_GROMMET_REAR DOOR"
"P-01642577","CONFIG_TAPE_FRONT DOOR"
"P-01642578","CONFIG_TAPE_REAR DOOR"
"P-01642579","VARIANT_GROMMET_FRONT DOOR"
"P-01642580","VARIANT_GROMMET_REAR DOOR"
"P-01642581","VARIANT_TAPE_FRONT DOOR"
"P-01642582","VARIANT_TAPE_REAR DOOR"
"P-01642583","SOLUTION_GROMMET_FRONT DOOR"
"P-01642584","SOLUTION_GROMMET_REAR DOOR"
"P-01642585","SOLUTION_TAPE_FRONT DOOR"
"P-01642586","SOLUTION_TAPE_REAR DOOR"
"P-01642587","VARIANT_CONTROL MODULE, THERMAL"
"P-01642588","DF91 SUBSYSTEM-LV ENERGY STORAGE"
"P-01642589","VARIANT_HOOD SEALS"
"P-01642590","VARIANT_EOG GLASS RUN SEAL"
"P-01642591","CONFIG_INTERIOR AMBIENT LIGHTING"
"P-01642592","VARIANT_CONTROL MODULE, DOOR, FL"
"P-01642593","VARIANT_SEAL DOOR TOP MOLDING ASSY RH"
"P-01642594","VARIANT_LOW VOLTAGE ENERGY STORAGE"
"P-01642615","CONFIG_INTERIOR FUNCTIONAL LIGHTING"
"P-01642616","VARIANT_FRONT INNER BELT"
"P-01642617","DF91 SUBSYSTEM-CONTROL MODULES"
"P-01642618","CONFIG_CONTROL MODULE, FRONT BODY"
"P-01642619","CONFIG_LOW VOLTAGE ENERGY STORAGE"
"P-01642620","CONFIG_EOG GLASS RUN SEAL"
"P-01642621","CONFIG_FRONT INNER BELT"
"P-01642622","VARIANT_INTERIOR AMBIENT LIGHTING 50/50"
"P-01642623","CONFIG_CONTROL MODULE, THERMAL"
"P-01642624","CONFIG_HOOD SEALS"
"P-01642625","DF91 SUBSYSTEM-INTERIOR LIGHTING"
"P-01642626","VARIANT_INTERIOR FUNCTIONAL LIGHTING 50/"
"P-01642627","DF91 SYSTEM-ELECTRICS AND ELECTRONICS"
"P-01642628","CONFIG_CONTROL MODULE, DOOR, FL"
"P-01642629","SOLUTION_FRONT BODY CONTROL MODULE"
"P-01642630","SOLUTION_FRONT INNER BELT"
"P-01642631","SOLUTION_DOOR TOP MOLDING ASSY RH"
"P-01642632","SOLUTION_HOOD SEALS"
"P-01642633","SOLUTION_INTERIOR AMBIENT LIGHTING"
"P-01642634","SOLUTION_THERMAL CONTROL MODULE"
"P-01642695","SOLUTION_FRONT PRIMARY SEAL"
"P-01642696","SOLUTION_LOW VOLTAGE ENERGY STORAGE"
"P-01642697","SOLUTION_INTERIOR FUNCTIONAL LIGHTING"
"P-01642698","SOLUTION_EOG GLASS RUN SEAL"
"P-01642699","SOLUTION_CONTROL MODULE DOOR FL"
"P-01642939","FRT END CARRIER_INNER"
"P-01642940","AERO_RAMP_DIFFUSER_CARRIER_RH"
"P-01643807","VARIANT_FRONT FASCIA"
"P-01645690","QUARTER PANEL CARRIER FR-LH ASSEMBLY"
"P-01646375","CONFIG_ADL"
"P-01646376","VARIANT_ADL"
"P-01646377","SOLUTION_COW LEAF SCREEN"
"P-01647278","PNL_RR WHEEL HOUSE FRT LH"
"P-01647280","PNL_REAR WHEEL HOUSE LH OUTER"
"P-01649251","CONFIG_DOOR WATER SHIELD FRONT RH"
"P-01649252","CONFIG_DOOR WATER SHIELD FRONT LH"
"P-01649253","CONFIG_DOOR WATER SHIELD REAR"
"P-01649254","VARIANT_DOOR WATER SHIELD FRONT RH"
"P-01649255","VARIANT_DOOR WATER SHIELD FRONT LH"
"P-01649256","VARIANT_DOOR WATER SHIELD REAR"
"P-01649257","SOLUTION_DOOR WATER SHIELD FRONT RH"
"P-01649258","SOLUTION_DOOR WATER SHIELD FRONT LH"
"P-01649259","SOLUTION_DOOR WATER SHIELD REAR"
"P-01649260","CONFIG_FRONT ROOF GLASS ASSY"
"P-01649261","CONFIG_REAR ROOF GLASS ASSY"
"P-01649262","VARIANT_FRONT ROOF GLASS"
"P-01649263","SOLUTION_FRONT ROOF GLASS"
"P-01649264","VARIANT_REAR ROOF GLASS, STANDARD"
"P-01649265","SOLUTION_REAR ROOF GLASS, STANDARD"
"P-01649775","Strut_Liftgate Power_RH (AltRep)"
"P-01649776","Strut_Liftgate Power_As Installed_RH (As"
"P-01649778","Strut_Liftgate Power_LH (AltRep)"
"P-01649796","NVH BAFFLE-ROOF QUARTER PNL"
"P-01649797","NVH BAFFLE - ROOF QUARTER PL TAPE"
"P-01649798","NVH TAPE ROOF BODY SIDE OUTER"
"P-01649804","NVH TAPE B-PILLAR INNER FRT &amp;amp; RE"
"P-01649807","NVH TAPE B-PILLAR INNER SILL"
"P-01654884","BRACKET_FENDER_SUPPORT_AFT_LH"
"P-01654885","BRACKET_SHOTGUN SUPPORT_LH"
"P-01654887","PNL_BODYSIDE OTR LH"
"P-01654888","BRACKET_FENDER_SUPPORT_FWD_LH"
"P-01654889","PNL_TAIL LAMP MTG INR UPR LH"
"P-01658157","MOUNTING BRACKET, HUD - REAR, LH"
"P-01658157 E.1","B-PILLAR APPLIQUE ASY - LH"
"P-016581571","BIW Assembly"
"P-016581571001","BIW Assembly Item1"
"P-016581571002","BIW Assembly Item2"
"P-016581571003","BIW Assembly Item3"
"P-01658158","NUT, FLANGED HEX, M8 x 17.9MM OD"
"P-01658158 E.1","B-PILLAR APPLIQUE ASY - RH"
"P-016581581","Non Coloe Paint Body"
"P-016581581001","Non Color Paint Body Item 1"
"P-016581581001IWM","Ice White Metallic Painted Body Item 1"
"P-016581581001OBM","Onyx Black Metallic Painted Body Item1"
"P-016581581002","Non Color Paint Body Item 2"
"P-016581581002IWM","Ice White Metallic Painted Body Item 2"
"P-016581581002OBM","Onyx Black Metallic Painted Body Item2"
"P-016581581IWM","Ice White Metallic Painted Body Assy"
"P-016581581OBM","Onyx Black Metallic Painted Body Assy"
"P-01658159","BOLT M06x1.00x16.00 HEX FLANGE BOLT W/ M"
"P-016581591","Body In White"
"P-016581591IWM","Ice White Metallic Painted Body Assy"
"P-01658160","BOLT M06x1.00x16.00 HEX FLANGE BOLT W/ M"
"P-01658162","BOLT M10-1.50x28.00 TORX PLUS PAN FLANGE"
"P-01660718","CONFIG_FRONT UPPER DOOR HINGES"
"P-01660719","CONFIG_FRONT LOWER DOOR HINGES"
"P-01660720","CONFIG_REAR UPPER DOOR HINGES"
"P-01660721","CONFIG_REAR LOWER DOOR HINGES"
"P-01660723","VARIANT_FRONT UPPER DOOR HINGES"
"P-01660724","VARIANT_FRONT LOWER DOOR HINGES"
"P-01660725","VARIANT_REAR UPPER DOOR HINGES"
"P-01660726","VARIANT_REAR LOWER DOOR HINGES"
"P-01660727","SOLUTION_FRONT UPPER DOOR HINGES"
"P-01660728","SOLUTION_FRONT LOWER DOOR HINGES"
"P-01660729","SOLUTION_REAR UPPER DOOR HINGES"
"P-01660730","SOLUTION_REAR LOWER DOOR HINGES"
"P-01660858","VARIANT_EXTERIOR MIRRORS CHINA AND EUROP"
"P-01660859","SOLUTION_EXTERIOR MIRRIORS CHINA AND EUR"
"P-01660860","VARIANT_CHARGE PORT DOOR MECHANISM CHINA"
"P-01660861","VARIANT_REAR DOOR GLASS DARK TINT"
"P-01660862","CONFIG_DOOR LATCH ASSY FRONT RH"
"P-01660863","CONFIG_DOOR LATCH ASSY FRONT LH"
"P-01660864","CONFIG_DOOR LATCH ASSY REAR RH"
"P-01660865","CONFIG_DOOR LATCH ASSY REAR LH"
"P-01660866","VARIANT_DOOR LATCH ASSY FRONT RH"
"P-01660867","VARIANT_DOOR LATCH ASSY FRONT LH"
"P-01660868","VARIANT_DOOR LATCH ASSY REAR RH"
"P-01660869","VARIANT_DOOR LATCH ASSY REAR LH"
"P-01660870","SOLUTION_DOOR LATCH ASSY FRONT RH"
"P-01660871","SOLUTION_DOOR LATCH ASSY FRONT LH"
"P-01660872","SOLUTION_DOOR LATCH ASSY REAR RH"
"P-0166087222333457","cdscd"
"P-01660873","SOLUTION_DOOR LATCH ASSY REAR LH"
"P-01660874","CONFIG_HOOD LATCH BRACKET ASSY"
"P-01660875","VARIANT_HOOD LATCH BRACKET ASSY"
"P-01660876","CONFIG_WINDSHIELD WASHER SYSTEM"
"P-01660877","VARIANT_WINDSHIELD WASHER SYSTEM"
"P-01661118","SOLUTION_WINDSHIELD WASHER SYSTEM"
"P-01662846","CONFIG_CONTROL MODULE, DOOR, RR"
"P-01662847","CONFIG_CONTROL MODULE, PARK PILOT"
"P-01662850","VARIANT_CONTROL MODULE, DOOR, RR"
"P-01662851","VARIANT_CONTROL MODULE, PARK PILOT"
"P-01662852","SOLUTION_CONTROL MODULE DOOR RR"
"P-01662853","SOLUTION_CONTROL MODULE PARK PILOT"
"P-01663219","Charge Port Door Mechanism LH"
"P-01663220","Charge Port Door Mechanism RH"
"P-01663461","MOTOR-GEARBOX ASSEMBLY, FRONT"
"P-01663520","CONFIG_FRONT WINDOW REGULATORS"
"P-01663521","CONFIG_REAR WINDOW REGULATORS"
"P-01663522","VARIANT_FRONT WINDOW REGULATORS"
"P-01663523","VARIANT_REAR WINDOW REGULATORS"
"P-01663524","SOLUTION_FRONT WINDOW REGULATORS"
"P-01663525","SOLUTION_REAR WINDOW REGULATORS"
"P-01663682","Lidar Brkt"
"P-01663683","DOUBLE SIDED TAPE"
"P-01664759","NVH_SOUNDPROOF_PAD_600mm X 50mm - FRONT,"
"P-01664760","NVH_SOUNDPROOF_PAD_600mm X 50mm - AS INS"
"P-01664761","NVH_STIFFENER_PATCH_550mm X 100mm - FRON"
"P-01664762","NVH_STIFFENER_PATCH_550mm X 100mm - AS I"
"P-01664763","NVH_STIFFENER_PATCH_150mm X 130mm - FRON"
"P-01664764","NVH_STIFFENER_PATCH_150mm X 130mm - AS I"
"P-01664765","NVH_SOUNDPROOF_PAD_600mm X 50mm - FRONT,"
"P-01664766","NVH_STIFFENER_PATCH_550mm X 100mm - FRON"
"P-01664767","NVH_STIFFENER_PATCH_150mm X 130mm - FRON"
"P-01664768","NVH_SOUNDPROOF_PAD_600mm X 50mm - AS INS"
"P-01664769","NVH_STIFFENER_PATCH_550mm X 100mm - AS I"
"P-01664770","NVH_STIFFENER_PATCH_150mm X 130mm - AS I"
"P-01664771","NVH_SOUNDPROOF_PAD_600mm X 50mm - REAR,"
"P-01664772","NVH_STIFFENER_PATCH_550mm X 100mm - REAR"
"P-01664773","NVH_SOUNDPROOF_PAD_600mm X 50mm - AS INS"
"P-01664774","NVH_STIFFENER_PATCH_550mm X 100mm - AS I"
"P-01664791","NVH_SOUNDPROOF_PAD_600mm X 50mm - REAR,"
"P-01664792","NVH_STIFFENER_PATCH_550mm X 100mm - REAR"
"P-01664793","NVH_SOUNDPROOF_PAD_600mm X 50mm - AS INS"
"P-01664794","NVH_STIFFENER_PATCH_550mm X 100mm - AS I"
"P-01664978","LSM - MIRROR, LH"
"P-01666035","PUSH RIVET M08x16.80 PUSH RIVET FF-101-1"
"P-01666036","PUSH RIVET M08x16.80 PUSH RIVET FF-101-1"
"P-01666037","PUSH RIVET M08x16.80 PUSH RIVET FF-101-1"
"P-01666621","SOLUTION_PROPELLER_ASSY"
"P-01667728","LSM - MIRROR, RH"
"P-01669892","DF91 SUBSYSTEM-CLOSURES IN WHITE"
"P-01669893","CONFIG_DOOR ASSY FRONT RH"
"P-01669894","SOLUTION_LIFTGATE ODS"
"P-01670315","INNER SILL BAFFLE A"
"P-01670316","INNER SILL BAFFLE B"
"P-01672499","BAFFLE  FR RAIL RH"
"P-01673407","SCREW, ADJUSTMENT, SMALL"
"P-01674455","SOLUTION_PAINT-SEALING_REAR-HEADER"
"P-01674456","SOLUTION_SEALER"
"P-01675953","7151807802"
"P-01676098","PCBA, BODY GATEWAY CONTROL MODULE"
"P-01677721","BOLT M8x1.25x100 HEX FLANGE BOLT FF-101-"
"P-01677722","GRILLE HOOD APPLIQUE"
"P-01677723","LIFTGATE APPLIQUE WIRING HARNESS"
"P-01679517","VARIANT_ROOFSHADE"
"P-01679518","CONFIG_REAR WINDOW REGULATORS"
"P-01679519","SOLUTION_ROOFSHADE"
"P-01680022","CONFIG_FRONT QUARTER OUTER BELT"
"P-01680023","CONFIG_FRONT OUTER BELT"
"P-01680024","CONFIG_REAR OUTER BELT"
"P-01680025","CONFIG_REAR QUARTER OUTER BELT"
"P-01680026","CONFIG_FRONT INNER BELT"
"P-01680027","CONFIG_REAR INNER BELT"
"P-01680028","CONFIG_FRONT DOOR MARGIN SEA"
"P-01680029","CONFIG_REAR DOOR MARGIN SEAL"
"P-01680030","CONFIG_FRONT PRIMARY SEAL"
"P-01680031","CONFIG_REAR PRIMARY SEAL"
"P-01680032","CONFIG_FRONT SECONDARY SEAL"
"P-01680033","CONFIG_REAR SECONDARY SEAL"
"P-01680034","VARIANT_REAR QUATER GLASS ASSY TINT"
"P-01680035","VARIANT_FRONT QUARTER OUTER BELT"
"P-01680036","VARIANT_FRONT OUTER BELT"
"P-01680037","VARIANT_REAR OUTER BELT"
"P-01680038","VARIANT_REAR QUARTER OUTER BELT"
"P-01680039","VARIANT_FRONT INNER BELT"
"P-01680040","VARIANT_REAR INNER BELT"
"P-01680041","VARIANT_FRONT DOOR MARGIN SEAL"
"P-01680042","VARIANT_REAR DOOR MARGIN SEAL"
"P-01680043","VARIANT_FRONT PRIMARY SEAL"
"P-01680044","VARIANT_REAR PRIMARY SEAL"
"P-01680045","VARIANT_FRONT SECONDARY SEAL"
"P-01680046","VARIANT_REAR SECONDARY SEAL"
"P-01680047","SOLUTION_VARIANT FRONT QUARTER OUTER BEL"
"P-01680048","SOLUTION_FRONT OUTER BELT"
"P-01680049","SOLUTION_REAR OUTER BELT"
"P-01680050","SOLUTION_REAR QUARTER OUTER BELT"
"P-01680051","SOLUTION_FRONT INNER BELT"
"P-01680052","SOLUTION_REAR INNER BELT"
"P-01680053","SOLUTION_FRONT DOOR MARGIN SEAL"
"P-01680054","SOLUTION_REAR DOOR MARGIN SEAL"
"P-01680055","SOLUTION_FRONT PRIMARY SEAL"
"P-01680056","SOLUTION_REAR PRIMARY SEAL"
"P-01680057","SOLUTION_FRONT SECONDARY SEAL"
"P-01680058","SOLUTION_REAR SECONDARY SEAL"
"P-01680059","VARIANT_PAINT-SEALING_REAR-HEADER"
"P-01680060","VARIANT_B-PILLAR APPLIQUE RH"
"P-01680061","CONFIG_B-PILLAR APPLIQUE RH"
"P-01680183","CONFIG_B-PILLAR APPLIQUE LH"
"P-01680184","SOLUTION_B-PILLAR APPLIQUE RH"
"P-01680185","SOLUTION_B-PILLAR APPLIQUE LH"
"P-01680349","BRKT_B-PLR TRIM"
"P-01680350","ASSY_BRKT_B-PLR SPKR CARRIER"
"P-01680351","BRKT_B-PLR SPKR CARRIER"
"P-01680352","BRKT_B-PLR HARNESS"
"P-01680509","M06x1.00x20.00 BLIND THREADED STUD AES90"
"P-01681031","SCREW M5x0.8x13.25 CLASS 8.8 HEX CAP W/F"
"P-01681378","OCCUPANT PRESENCE SWITCH, DF91"
"P-01681382","IPC ASSEMBLY, WITH BLOWER-GAMMA RUNNER-B"
"P-01681383","2R 5050 LH PLASTICS ELEMENTS"
"P-01682770","INTERNAL"
"P-01682771","BODY ATTACH"
"P-01682772","COVER ATTACH"
"P-01684265","GRAB HANDLE BRACKET RH"
"P-01686075","PUSH RIVET M08x16.80 PUSH RIVET FF-101-1"
"P-01686665","110V POWER OUTLET"
"P-01686666","BELTLINE LIGHT, AMBIENT - FRONT DOOR, LH"
"P-01686704","VARIANT_REAR SECONDARY SEAL"
"P-01686705","CONFIG_DOOR ASSY REAR LH"
"P-01686706","VARIANT_DOOR ASSY REAR LH"
"P-01686707","CONFIG_FENDER SEALS"
"P-01686708","SOLUTION_REAR SECONDARY SEAL"
"P-01686709","SOLUTION_HOOD ASSEMBLY"
"P-01686721","CONFIG_FENDER ASSY,FRONT RH"
"P-01686722","VARIANT_FRONT DOOR MARGIN SEAL"
"P-01686785","VARIANT_FENDER ASSY, FRONT RH"
"P-01686786","CONFIG_FRONT QUARTER OUTER BELT"
"P-01686789","SOLUTION_LIFTGATE ASSY"
"P-01686790","SOLUTION_FRONT DOOR MARGIN SEAL"
"P-01686798","CONFIG_HOOD ASSY"
"P-01686799","DF91 SUBSYSTEM-WEATHER STRIPS"
"P-01686802","CONFIG_DOOR ASSY FRONT LH"
"P-01686803","VARIANT_FENDER SEALS"
"P-01686804","CONFIG_LIFTGATE ASSY"
"P-01686805","VARIANT_FRONT QUARTER OUTER BELT"
"P-01686925","1R PASSENGER PLASTICS ELEMENTS"
"P-01687153","OCCUPANT CLASSIFICATION MODULE"
"P-01687796","VARIANT_HOOD ASSY"
"P-01687797","CONFIG_REAR SECONDARY SEAL"
"P-01687800","SOLUTION_DOOR ASSY REAR RH"
"P-01687801","SOLUTION_FENDER ASSY FRONT RH"
"P-01687808","CONFIG_REAR OUTER BELT"
"P-01687809","VARIANT_LIFTGATE ASSY"
"P-01687810","CONFIG_FRONT DOOR MARGIN SEAL"
"P-01687811","VARIANT_DOOR ASSY FRONT LH"
"P-01687812","SOLUTION_DOOR ASSY REAR LH"
"P-01687813","SOLUTION_FENDER SEALS"
"P-01687814","SOLUTION_DOOR ASSY FRONT LH"
"P-01687875","SOLUTION_VARIANT FRONT QUARTER OUTER BEL"
"P-01688116","CONFIG_BODY SYSTEMS HOOD PAINT SHOP SEAL"
"P-01688117","VARIANT_BODY SYSTEMS HOOD PAINT SHOP SEA"
"P-01688118","SOLUTION_HOOD PAINT SHOP SEALER"
"P-01688119","CONFIG_POWER STRUT DOOR FRONT"
"P-01688120","CONFIG_POWER STRUT DOOR REAR"
"P-01688121","VARIANT_POWER STRUT DOOR FRONT"
"P-01688122","VARIANT_POWER STRUT DOOR REAR"
"P-01688123","SOLUTION_POWER STRUT DOOR FRONT"
"P-01688124","SOLUTION_POWER STRUT DOOR REAR"
"P-01688126","CONFIG_SEAL DOOR TOP MOLDING ASSY LH"
"P-01688127","CONFIG_SEAL DOOR TOP MOLDING ASSY RH"
"P-01688128","VARIANT_SEAL DOOR TOP MOLDING ASSY LH"
"P-01688129","VARIANT_SEAL DOOR TOP MOLDING ASSY RH"
"P-01688767","CONFIG_BODY SYSTEMS LIFTGATE PAINT SHOP"
"P-01688768","CONFIG_BODY SYSTEMS DOOR FRONT PAINT SHO"
"P-01688769","CONFIG_BODY SYSTEMS DOOR REAR PAINT SHOP"
"P-01688770","VARIANT_BODY SYSTEMS LIFTGATE PAINT SHOP"
"P-01688771","VARIANT_BODY SYSTEMS DOOR FRONT PAIN SHO"
"P-01688772","VARIANT_BODY SYSTEMS DOOR REAR PAINT SHO"
"P-01688773","SOLUTION_LIFTGATE PAINT SHOP SEALER"
"P-01688774","SOLUTION_DOOR FRONT PAINT SHOP SEALER"
"P-01688775","SOLUTION_DOOR REAR PAINT SHOP SEALER"
"P-01688927","1R DRIVER FRAME ELEMENTS"
"P-01689050","Strut_Door Power_Front_RH (AltRep)"
"P-01689051","Strut_Door Power_Front_LH (AltRep)"
"P-01689052","Strut_Door Power_Front_RH (As Installed)"
"P-01689053","Strut_Door Power_Rear_RH (AltRep)"
"P-01689054","Strut_Door Power_Rear_LH (AltRep)"
"P-01689055","Strut_Door Power_Rear_RH (As Installed)"
"P-01689831","DOOR_REAR_PAINT_SHOP_SEALER"
"P-01689935","SEAT BELT Retractor Assy - 5050, Rear RH"
"P-01689936","BOLT M10-1.5x20.2 HEXALOBULAR SOCKET BUT"
"P-01690038","SOLUTION_UNDERHOOD CLOSEOUT PANEL"
"P-01690999","CONFIG_COW LEAF SCREEN"
"P-01691419","DF91 SUBSYSTEM-HOOD AND UNDERHOOD"
"P-01691641","GUSSET  VERTICAL RH - SHOCK TOWER  AFT"
"P-01691642","SCREW M5x-0.8x21.95 CLASS 8.8 HEX CAP, F"
"P-01691643","GUSSET  VERTICAL LH - SHOCK TOWER"
"P-01691644","SCREW M5x-0.8x21.95 CLASS 8.8 HEX CAP, F"
"P-01693159","BRACKET, PARK PILOT MODULE, REAR FLOOR R"
"P-01693163","BRACKET, SELF DRIVING CONTROL MODULE"
"P-01693253","CLINCH NUT, M6 x 5 x 14MM OD STM"
"P-01693254","REINF_LIFTGATE POWER STRUT DOUBLER RH"
"P-01693255","PNL_TAIL LAMP MTG INR LWR RH"
"P-01693256","REINF_RR HEADER UPR"
"P-01693731","MODULE, FC MID RANGE RADAR"
"P-01695019","RAIL, REAR, RH"
"P-01695020","TORQUE BOX, FRONT LOWER AFT LH"
"P-01698704","MIDFLOOR CRUSH CAN  4 - LH"
"P-01703809","CLIP_BATT FWD - LH"
"P-01704610","PBOM_SUB-SYSTEM_PLATFORM"
"P-01704611","CONFIG_UB1"
"P-01704612","VARIANT_UB1"
"P-01704613","SOLUTION_UB1"
"P-01704614","CONFIG_UB2"
"P-01704615","VARIANT_UB2"
"P-01704616","SOLUTION_UB2"
"P-01704617","CONFIG_UB3"
"P-01704618","VARIANT_UB3"
"P-01704619","SOLUTION_UB3"
"P-01704620","CONFIG_UB4"
"P-01704621","VARIANT_UB4"
"P-01704622","SOLUTION_UB4"
"P-01705338","REINF_LIFTGATE POWER STRUT DOUBLER LH"
"P-01706691","Rear Quarter Encapsulation LH"
"P-01707151","GRAB HANDLE BRACKET RH LWR"
"P-01707272","GRAB HANDLE BRACKET LH LWR"
"P-01708998","BRKT_HEADLAMP_UPR RH"
"P-01708999","FASCIA_FRT"
"P-01709018","BOLT M06x1.00x16.00 HEX FLANGE BOLT W/ M"
"P-01714118","NUT, FLANGED HEX, M6 x 14.2MM OD,  PREVA"
"P-01714119","RR_SUPPORT_BRT"
"P-01714120","RR_SUPPORT_BRT_HAT"
"P-01718565","RADAR_ADJUST_ACCESS_PANEL_RR_RH"
"P-01719715","SCREW 30X10 DELTA PT SIX LOBE ROUND WASH"
"P-01719716","PROPELLER ASY-GAMMA RUNNER-B"
"P-01720346","Washer Reservoir Cap"
"P-01720648","2R 5050 RH SIDEBOX BRACKET"
"P-01722653","PBOM_SUB-SYSTEM_BODY SHELL"
"P-01722653-A","Tes P-01722653-A"
"P-01722653-B","Tes P-01722653-B"
"P-01722653A","P-01722653A"
"P-01722654A","P-01722654A"
"P-01724636","TORQUE BOX, FRONT LOWER AFT RH"
"P-01725324","B-Pillar Substrate LH"
"P-01726252","NUT, FLANGED HEX, M8 x 17.9MM OD"
"P-01726255","RH SIDE CLOSEOUT PANEL ASSY"
"P-01726256","2R 5050 RH COMFORT CONVENIENCE ELEMENTS"
"P-01726581","INTERIM-- WASHER M5 FLAT FF-101-456_A_IN"
"P-01726765","SCREW, FLANGED BUTTON HEAD, HEXALOBULAR"
"P-01726767","BRACKET-FRONT LH  AERO DIFUSER-TRUNK"
"P-01726768","BRACKET ASSEMBLY-FRONT MID  AERO DIFUSER"
"P-01726769","BRACKET-FRONT MID  AERO DIFUSER-TRUNK"
"P-01727165","ASSY GANG CHANNEL_SILL OUTER_UPPER_RHS"
"P-01727166","GANG CHANNEL_SILL OUTER_UPPER_RHS"
"P-01727167","ASSY GANG CHANNEL_SILL OUTER_UPPER_LHS"
"P-01727168","GANG CHANNEL_SILL OUTER_UPPER_LHS"
"P-01727212","Double Face Tape A"
"P-01729850","SCREW M06x1.00x16.00 SIX LOBE SOCKET FLA"
"P-01729855","2R 5050 RH SIDEBOX ASSY"
"P-01729860","PIN M07x15.00 PUSH NYLON PIN FF-101-092"
"P-01729861","2R 5050 RH FRAME ELEMENTS"
"P-01729862","2R 5050 RH LEATHER PERFORATED"
"P-01729863","2R 5050 RH PLASTICS ELEMENTS"
"P-01729868","PIN M07x15.00 PUSH NYLON PIN FF-101-092"
"P-01731218","1R PASSENGER FRAME ELEMENTS"
"P-01732030","Physical Product01603798"
"P-01733396","CLINCH NUT, M5 x 6MM X 14MM OD STM"
"P-01737278","NVH_WHEEL_LINER_RR_RH"
"P-01739216","INTERIM M04x0.70x10.00 BUTTON HEAD SOCKE"
"P-01739218","SCREW, FLANGED BUTTON HEAD, HEXALOBULAR"
"P-01739219","BOLT M10-1.5x20.2 HEXALOBULAR SOCKET BUT"
"P-01739220","SCREW M16x1.50x44.60 COUNTERSUNK SCREW W"
"P-01739221","BOLT M10-1.5x20.2 HEXALOBULAR SOCKET BUT"
"P-01739258","REAR_STRAP_RH"
"P-01739679","REINF_B PLR OTR RH"
"P-01739680","REINF-HINGE PLR RH"
"P-01739684","REINF ASSY_B PLR INR RH"
"P-01740789","PANEL CLIP 16.5 M03-0900-26 FF-101-120"
"P-01741973","Liftgate Hinge Cutout Seal LH"
"P-01741980","AERO_BRKT_CLAMP_RR_CHASIS"
"P-01741982","AERO_BRKT_CLAMP_RR_BATTERY_RH"
"P-01744472","CONFIG_FLOOR"
"P-01744473","VARIANT_FLOOR"
"P-01744474","SOLUTION_OVHD_CONSOLE"
"P-01745631","PUSH RIVET M08x16.80 PUSH RIVET FF-101-1"
"P-01746116","ASSY GANG CHANNEL SILL OUTER RR"
"P-01746117","GANG CHANNEL SILL OUTER RR"
"P-01746118","ASSY GANG CHANNEL SILL OUTER FR"
"P-01746119","GANG CHANNEL SILL OUTER FR"
"P-01746341","SOLUTION_SHARKFIN ANTENNAS"
"P-01746444","BOLT M06x1.00x16.00 HEX FLANGE BOLT W/ M"
"P-01746446","BOLT M06x1.00x16.00 HEX FLANGE BOLT W/ M"
"P-01747198","PNL_BOTTOM C-RING LH"
"P-01747199","PANEL  TRUNK  SIDE  RH"
"P-01747200","WHEELHOUSING STRUCTURAL BAFFLE LH"
"P-01747850","VARIANT_REAR OUTER BELT"
"P-01747851","VARIANT_LIFTGATE SEAL"
"P-01747852","CONFIG_FRONT SECONDARY SEAL"
"P-01747853","CONFIG_REAR INNER BELT"
"P-01747854","SOLUTION_REAR OUTER BELT"
"P-01747855","SOLUTION_LIFTGATE SEAL"
"P-01747860","VARIANT_REAR DOOR MARGIN SEAL"
"P-01747861","VARIANT_FRONT SECONDARY SEAL"
"P-01747862","CONFIG_FRONT OUTER BELT"
"P-01747863","CONFIG_REAR QUARTER OUTER BELT"
"P-01747864","SOLUTION_REAR DOOR MARGIN SEAL"
"P-01747867","SOLUTION_FRONT SECONDARY SEAL"
"P-01749035","VARIANT_REAR INNER BELT"
"P-01749036","VARIANT_SEAL DOOR TOP MOLDING ASSY LH"
"P-01749037","VARIANT_REAR QUARTER OUTER BELT"
"P-01749038","CONFIG_REAR DOOR MARGIN SEAL"
"P-01749039","CONFIG_LIFTGATE SEAL"
"P-01749043","CONFIG_SEAL DOOR TOP MOLDING ASSY LH"
"P-01749044","SOLUTION_REAR INNER BELT"
"P-01749048","SOLUTION_DOOR TOP MOLDING ASSY LH"
"P-01749053","SOLUTION_REAR QUARTER OUTER BELT"
"P-01749056","VARIANT_REAR WINDOW REGULATORS"
"P-01749057","VARIANT_HOOD STRUT ASSY"
"P-01749058","VARIANT_HEADLAMP CLEANING SYSTEM"
"P-01749059","VARIANT_WINSHIELD WIPER SYSTEM"
"P-01749060","VARIANT_FRONT UPPER DOOR HINGES"
"P-01749061","CONFIG_WINDSHIELD WIPER SYSTEM"
"P-01749062","CONFIG_HEADLAMP CLEANING SYSTEM"
"P-01749063","CONFIG_LIFTGATE ODS"
"P-01749064","CONFIG_FRONT UPPER DOOR HINGES"
"P-01749065","CONFIG_HOOD STRUT ASSY"
"P-01749066","SOLUTION_REAR WINDOW REGULATORS"
"P-01749067","SOLUTION_HOOD STRUT ASSY"
"P-01749068","SOLUTION_HEADLAMP CLEANING SYSTEM"
"P-01749069","SOLUTION_WINDSHIELD WIPER SYSTEM"
"P-01749070","SOLUTION_FRONT UPPER DOOR HINGES"
"P-01753323","SOLUTION_SURROUND VIEW CAMERA"
"P-01753978","CONFIG_BSI_RH_LOAD_1"
"P-01753979","CONFIG_BSI_RH_LOAD_2"
"P-01753980","CONFIG_BSI_RH_LOAD_3"
"P-01753981","CONFIG_BSI_LH_LOAD_1"
"P-01753982","CONFIG_BSI_LH_LOAD_2"
"P-01753983","CONFIG_BSI_LH_LOAD_3"
"P-01753984","CONFIG_D-RING_INNER FRAME"
"P-01753985","CONFIG_D-RING_LWR"
"P-01753989","CONFIG_D-RING_UPR"
"P-01753990","CONFIG_ROOF_BOWS"
"P-01753991","CONFIG_BODYSIDE OTR RH"
"P-01753992","CONFIG_BODYSIDE OTR LH"
"P-01753993","VARIANT_BSI_RH_LOAD_1"
"P-01753994","VARIANT__BSI_RH_LOAD_2"
"P-01753995","VARIANT_BSI_RH_LOAD_3"
"P-01753996","VARIANT__BSI_LH_LOAD_1"
"P-01753997","VARIANT_BSI_LH_LOAD_2"
"P-01753998","VARIANT_BSI_LH_LOAD_3"
"P-01753999","VARIANT_D-RING_INNER FRAME"
"P-01754000","VARIANT_D-RING_LWR"
"P-01754004","VARIANT__D-RING_UPR"
"P-01754005","VARIANT_ROOF_BOWS"
"P-01754006","VARIANT_BODYSIDE OTR RH"
"P-01754007","VARIANT_BODYSIDE OTR LH"
"P-01754008","SOLUTION_BSI_RH_LOAD_1"
"P-01754009","SOLUTION_BSI_RH_LOAD_2"
"P-01754010","SOLUTION_BSI_RH_LOAD_3"
"P-01754011","SOLUTION_BSI_LH_LOAD_1"
"P-01754099","SOLUTION_BSI_LH_LOAD_2"
"P-01754100","SOLUTION_BSI_LH_LOAD_3"
"P-01754101","SOLUTION-RING_INNER FRAME"
"P-01754102","SOLUTION_D-RING_LWR"
"P-01754106","SOLUTION_D-RING_UPR"
"P-01754107","SOLUTION_ROOF_BOWS"
"P-01754108","SOLUTION_BODYSIDE OTR RH"
"P-01754109","SOLUTION_BODYSIDE OTR LH"
"P-01754793","SCREW, FLANGED BUTTON HEAD, HEXALOBULAR"
"P-01754896","BRACKET_HOOD STRUT_SUPPORT_LH"
"P-01755642","REINF_ ASSY ROOF RAIL INNER LH"
"P-01755724","BRKT_A-PLR PROPELLER"
"P-01756273","WHEELHOUSING STRUCTURAL BAFFLE LH"
"P-01756274","WHEELHOUSING CBS BAFFLE RH"
"P-01757398","Physical Product01603800"
"P-01757762","ASSY GANG CHANNEL SILL OUTER RR LH"
"P-01759150","DOUBLER"
"P-01760824","REINF ASSY_RR HEADER LWR"
"P-01761951","INT_BRKT_FRT_FASCIA_LH"
"P-01767162","TOP HOUSING, BODY GATEWAY CONTROL MODULE"
"P-01768000","REAR_QTR_GLASS_TOUCHDOWN_LH"
"P-01768001","QUARTER PANEL CARRIER RR-LH ASSEMBLY"
"P-01768819","12V BATTERY SYSTEM ASSEMBLY"
"P-01768859","J-Platform Stud Farm"
"P-01769059","ASSY_REINF  RR RAIL_RH"
"P-01771127","POST  SEAT MOUNT"
"P-01773104","SCREW M5x0.8x13.25 CLASS 8.8 HEX CAP W/F"
"P-01774426","SCREW M5x0.8x13.25 CLASS 8.8 HEX CAP W/F"
"P-01774704","ASSY REINF_B PILLAR W RH"
"P-01774707","PNL_DRAIN TROUGH LH"
"P-01774708","PNL_DRAIN TROUGH RH"
"P-01774709","BRACKET-INSTRUMENT PANEL-RH"
"P-01774893","BRACKET ASSY_LOWER RESERVOIR WEG"
"P-01775121","PNL_REAR CLOSURE OTR EXT LH"
"P-01775132","PNL_TAIL LAMP MTG INR UPR RH"
"P-01775555","BRACKET_FENDER_SUPPORT_SIDE"
"P-01775740","NUT M10x1.25 CLASS 10 PROJECTION WELD HE"
"P-01775741","PNL_TAIL LAMP MTG INR LH OUTBD"
"P-01775750","BRACKET_HOOD HINGE_SUPPORT_LH"
"P-01775753","BRACKET_FENDER_SUPPORT_MID_LH"
"P-01775754","A PLR GUSSET  LH"
"P-01776122","BRACKET-INSTRUMENT PANEL-LH"
"P-01776282","PNL_BODYSIDE OTR END CAP LH"
"P-01776284","PNL_BODYSIDE OTR RH"
"P-01776285","PNL_BODYSIDE OTR END CAP RH"
"P-01776286","CLINCH NUT M05x0.80 CLASS 10 LBM R294200"
"P-01776294","BRACKET_HOOD STRUT_SUPPORT_RH"
"P-01776295","MID FLOOR BAFFLE SUPPORT"
"P-01776296","PNL_RR WH CLOSEOUT AFT-RH"
"P-01777813","SCREW, 30x8 HEXALOBULAR SOCKET, ROUND WA"
"P-01777856","J-BSI_RH_LOAD_1"
"P-01777857","J-UB3 ADHESIVE"
"P-01777858","J-UB4 ADHESIVE"
"P-01778228","BRACKET_FENDER_SUPPORT_MID_RH"
"P-01778229","BRACKET_SHOTGUN SUPPORT_RH"
"P-01778230","COWL SIDE INR FWD_LH"
"P-01778233","TORQUE BOX, REAR LOWER AFT, LH"
"P-01778236","DOOR STRIKER ASSY"
"P-01778241","CAP  FRONT SEAT  AFT  LH"
"P-01779069","POST  BRACE - SHOCKTOWER"
"P-01779250","TAPE SEALS NVH BAFFLES BODY SIDE INNER-L"
"P-01779251","TAPE SEALS NVH BAFFLES BODY SIDE INNER-R"
"P-01780052","NVH TAPE D-RING INNER"
"P-01780053","NVH TAPE-UPPER HEADER"
"P-01780460","ADAPTER FRAME, FC MID RANGE RADAR"
"P-01780749","PROD PARK PILOT N-113"
"P-01781008","BRACKET_FENDER_SUPPORT_FWD_RH"
"P-01781523","BRACKET_HEAT EXCHANGER_RH"
"P-01781524","SCREW M5x0.8x13.25 CLASS 8.8 HEX CAP W/F"
"P-01781525","BRACKET-SHOCK TOWER TO FOD-LH"
"P-01781526","CLINCH NUT M8-13x1.23 STM, SELF-PIERCING"
"P-01782087","CONFIG_TAPE_LIFTGATE"
"P-01782088","VARIANT_TAPE_LIFTGATE"
"P-01782089","SOLUTION_TAPE_LIFTGATE"
"P-01782328","POST  BRACE - SHOCKTOWER  FRONT"
"P-01783105","RAIL_SHOTGUN LOWER_LH"
"P-01783413","RR_SUPPORT_BRT_HAT"
"P-01784015","PNL_TOP C-RING LH"
"P-01784757","FF-101-402_E SCREW, M5-0.8x13.25 HEX CAP"
"P-01784758","D_PILLAR_FASTENERS"
"P-01784851","J-BSI_RH_LOAD_1 FASTENER COLLECTOR"
"P-01784852","J-BSI_RH_LOAD_1 ADHESIVE"
"P-01784998","J-BSI_RH_LOAD_2 ADHESIVE"
"P-01784999","J-BSI_RH_LOAD_2"
"P-01785021","J-BSI_RH_LOAD_2 FASTENER COLLECTOR"
"P-01785142","J-BSI_RH_LOAD_3 FASTENER COLLECTOR"
"P-01785143","J-BSI_RH_LOAD_3 ADHESIVE"
"P-01785144","J-BSI_RH_LOAD_3"
"P-01785674","J-D-RING"
"P-01785675","J-D-RING ADHESIVE"
"P-01785676","J-D-RING FASTENER COLLECTOR"
"P-01788757","J-BODYSIDE OTR RH"
"P-01788778","J-BODYSIDE OTR RH ADHESIVE"
"P-01788819","J-BODYSIDE OTR RH FASTENER COLLECTOR"
"P-01789618","GUSSET ASSEMBLY  VERTICAL RH - SHOCK TOW"
"P-01789619","GUSSET  VERTICAL RH - SHOCK TOWER  FORWA"
"P-01789620","GUSSET ASSEMBLY  VERTICAL RH - SHOCK TOW"
"P-01789621","GUSSET  VERTICAL LH - SHOCK TOWER  FORWA"
"P-01789955","Front Quarter Encapsulation RH"
"P-01790605","BRACKET ASSEMBLY  RH - GUSSET  SHOCKTOWE"
"P-01790606","BRACKET ASSEMBLY  LH - GUSSET  SHOCKTOWE"
"P-01790607","BRACKET  RH - GUSSET  SHOCKTOWER"
"P-01790608","BRACKET  LH - GUSSET  SHOCKTOWER"
"P-01790646","Rear Quarter Encapsulation RH"
"P-01790767","BATT_ENCL_MISC_ASSY"
"P-01790848","Front Quarter Encapsulation LH"
"P-01791056","S-BATTERY ENCLOSURE SEALER"
"P-01791157","BATT_ENCL_STRUCTURAL_ASSY"
"P-01791688","Exterior Mirror LH Flat GL"
"P-01791692","J-BSI_LH_LOAD_2 FASTENER COLLECTOR"
"P-01791693","J-BSI_LH_LOAD_2 ADHESIVE"
"P-01791694","J-BSI_LH_LOAD_2"
"P-01791695","J-ROOF BOWS FASTENER COLLECTOR"
"P-01791697","J-ROOF BOWS"
"P-01791698","J-BODYSIDE OTR LH"
"P-01791699","J-BODYSIDE OTR LH ADHESIVE"
"P-01791700","J-BODYSIDE OTR LH FASTENER COLLECTOR"
"P-01791700A","P-01791700A"
"P-01791701","FASTENER COLLECTOR ROOF BOWS"
"P-01791702","FASTENER COLLECTOR BODYSIDE OTR RH"
"P-01791703","FASTENER COLLECTOR BODYSIDE OTR LH"
"P-01795223","NUT, TWIST LOCK"
"P-01796388","BRACKET_FENDER_SUPPORT_AFT_RH"
"P-01798231","J-Body Shell"
"P-01798234","NUT PLATE - ROOF BOW"
"P-01798235","NUT PLATE - ROOF BOW ASSY"
"P-017_KMAT","Test KMAt"
"P-01800334","MAGNA-BULB .1875"" SHANK --SPACE RESERVAT"
"P-01801159","NUT PLATE - ROOF BOW ASSY"
"P-01801160","NUT PLATE - ROOF BOW"
"P-01802942","Rear Quarter Glass RH (Tint)"
"P-01807548","Roof Shade Assembly"
"P-01808203","BATT_ENCL_VENT_PROTECTOR-LH"
"P-01810143","NUT PLATE - ROOF BOW ASSY"
"P-01812572","BOLT M06x1.00x24.00 HEX FLANGE SEMS BOLT"
"P-01813177","AERO_PNL_FRT_CHASSIS_ASSY"
"P-01815166","FWD_SKID_PLATE_ASSY-RH"
"P-01815167","FWD_SKID_PLATE_ASSY-LH"
"P-01817543","BATT_ENCL_VENT_SPACER"
"P-01819534","BATT_ENCL_VENT_PROTECTOR_ASSY-RH"
"P-01819535","BATT_ENCL_VENT_PROTECTOR_ASSY-LH"
"P-01820221","BATT_ENCL_SKID_PLATE_CLIP_RR_ASSY-LH"
"P-01820222","BATT_ENCL_SKID_PLATE_CLIP_RR_ASSY-RH"
"P-01828378","SIDE RAIL_BAFFLE RR"
"P-01828379","SIDE RAIL_BAFFLE RR - OPP"
"P-01829310","NUT, FLANGED HEX, M8 x 17.9MM OD"
"P-01829311","NUT, FLANGED HEX, M6 x 14.2MM OD"
"P-01829312","SCREW M06x1.00x32.00 HEX CAP SCREW WITH"
"P-01829313","NUT, FLANGED HEX, M6 x 14.2MM OD"
"P-01829314","NUT, FLANGED HEX, M6 x 14.2MM OD"
"P-01829315","NUT, FLANGED HEX, M6 x 14.2MM OD"
"P-01832245","PNL_TAIL LAMP MTG INR LWR LH"
"P-01832246","RAIL_SHOTGUN UPPER_LH"
"P-01833359","REINF_B PLR OTR LH"
"P-01835212","Front Roof Rack Closeout RH"
"P-01835213","Front Roof Rack Closeout LH"
"P-01835214","Rear Roof Rack Closeout RH"
"P-01835215","Rear Roof Rack Closeout LH"
"P-01835637","MODULE, RL MID RANGE RADAR"
"P-01837998","PANEL CLIP 10.8 M03-0900-16 FF-101-160"
"P-01840199","REINF_ROOF RAIL INNER C_PLR CAP LH"
"P-01840648","SCREW M5x0.8x13.25 CLASS 8.8 HEX CAP W/F"
"P-01840790","SCREW M5x0.8x13.25 CLASS 8.8 HEX CAP W/F"
"P-01841524","BRACKET, LH - COWL PANEL, LH"
"P-01841659","SCREW M5x0.8x13.25 CLASS 8.8 HEX CAP W/F"
"P-01841775","SCREW, ADJUSTABLE, PIVOT RETAINER"
"P-01842129","REINF_REAR_CHARGE_PORT_CASTING_FLOATING_"
"P-01846806","SCREW M5x0.8x13.25 CLASS 8.8 HEX CAP W/F"
"P-01850374","BOLT M10-1.50x28.00 TORX PLUS PAN FLANGE"
"P-01850375","BOLT M10-1.50x28.00 TORX PLUS PAN FLANGE"
"P-01850376","BOLT M10-1.50x28.00 TORX PLUS PAN FLANGE"
"P-01850377","ASSY_SEAT_2R LH_V1"
"P-01858683","SHAFT, LINEAR, 90x8 OD, ENDS TAPPED 4x2."
"P-01858684","BOLT M08x1.25x25 CLASS 10.9 HEX FLANGE A"
"P-01866608","Foam Seal B"
"P-01868195","4.8x13.0 SIX LOBE SOCKET PAN HEAD TAPPIN"
"P-01868215","FRONT SUBFRAME BRACE LH"
"P-01868216","FRONT SUBFRAME BRACE RH"
"P-01868255","INSTRUMENT PANEL - SPEAKER CARRIER ASY"
"P-01868255 B.1","INSTRUMENT PANEL - SPEAKER CARRIER ASY"
"P-01868260","INSTRUMENT PANEL - SPEAKER CARRIER ASY"
"P-01869759","DOOR TRIM FRT- NVH PAD RR RH DF91"
"P-01869760","REAR CONSOLE - MOUNTING BRACKET"
"P-01872169","INSTRUMENT PANEL - CVR PROPELLER BRKT LH"
"P-01872514","NUT, FLANGED HEX, M6 x 14.2MM OD"
"P-01875033","Interior Camera Module"
"P-01885200","REINF_UMH EXTRUSION RH"
"P-01885201","AERO_DIFFUSER_PNL_FRT_ASSY"
"P-01886284","CONFIG_BATTERY ENCLOSURE"
"P-01886285","VARIANT_BATTERY ENCLOSURE"
"P-01886286","SOLUTION_BATTERY ENCLOSURE"
"P-01887082","INTERIM-- NUT M5x0.8 HEX FF-101-456_A_IN"
"P-01887083","NVH BAFFLE-ROOF QUARTER PNL"
"P-01887084","GUSSET_COWL SIDE INR RH ASSY"
"P-01889004","INTERIM-- WASHER M5 FLAT FF-101-456_A_IN"
"P-01889005","INTERIM-- NUT M5x0.8 HEX FF-101-456_A_IN"
"P-01897354","VARIANT_BODY SEALANT"
"P-01897355","CONFIG_BODY SYSTEMS HOOD PAINT SHOP SEAL"
"P-01897356","SOLUTION_LIFTGATE PAINT SHOP SEALER"
"P-01897357","VARIANT_ROCKER SILLS"
"P-01897358","DF91 SYSTEM-BODY"
"P-01897359","SOLUTION_HOOD PAINT SHOP SEALER"
"P-01897360","SOLUTION_DOOR FRONT PAINT SHOP SEALER"
"P-01897361","CONFIG_BODY SEALANT"
"P-01897362","DF91 SUBSYSTEM-PAINT SEALER"
"P-01912368","DOOR TRIM FRT- NVH PAD FRT LH DF91"
"P-01924963","SCREW, FLANGED BUTTON HEAD, HEXALOBULAR"
"P-01940738","INSTRUMENT PANEL - PROPELLER BRKT LH DF9"
"P-01940740","AR Film, IPC"
"P-01940741","IPC ASSEMBLY, WITH BLOWER"
"P-01940742","INSTRUMENT PANEL - PROPELLER TRIM PNL DF"
"P-01943766","SOLUTION_PROPELLER_ASSY-GAMMA RUNNER-B"
"P-01943767","BOLT M8-1.25x20 HEX FLANGE BOLT FF-101-7"
"P-01943768","SCREW, M6-1x8 HEXALOBULAR SOCKET, FLANGE"
"P-01950202","CONFIG_HOOD LATCH BRACKET ASSY"
"P-01950203","VARIANT_HOOD LATCH BRACKET ASSY"
"P-01956226","1R DRIVER PLASTICS ELEMENTS"
"P-01956228","1R PASSENGER LEATHER PERFORATED TRIM"
"P-01957076","CONFIG_BODY SYSTEMS DOOR FRONT PAINT SHO"
"P-01957077","CONFIG_BODY SYSTEMS LIFTGATE PAINT SHOP"
"P-01957078","VARIANT_BODY SYSTEMS DOOR FRONT PAIN SHO"
"P-01957079","VARIANT_BODY SYSTEMS HOOD PAINT SHOP SEA"
"P-01957080","CONFIG_BODY SYSTEMS DOOR REAR PAINT SHOP"
"P-01957081","DF91 SUBSYSTEM-SWITCHES AND CONTROLS"
"P-01957082","VARIANT_EXTERIOR FUNCTIONAL LIGHTING REA"
"P-01957083","CONFIG_EXTERIOR FUNCTIONAL LIGHTING REAR"
"P-01957084","CONFIG_EXTERIOR FUNCTIONAL LIGHTING TAIL"
"P-01962397","SCREW M4.2x19.00 HEX HEAD TAPPING SCREW"
"P-01965167","BOLT M08x1.25x25 CLASS 10.9 HEX FLANGE A"
"P-01965168","SCREW M4.2x19.00 HEX HEAD TAPPING SCREW"
"P-01965169","SCREW M4.2x19.00 HEX HEAD TAPPING SCREW"
"P-01965171","SHAFT, LINEAR, 90x8 OD, ENDS TAPPED 4x2."
"P-01965175","NUT, FLANGED HEX, M8 x 17.9MM OD"
"P-01965176","SCREW M4.2x19.00 HEX HEAD TAPPING SCREW"
"P-01969876","COWL LEAF SCREEN"
"P-01969877","FOAM PAD"
"P-01969879","PANEL CLIP 16.7 71021-00C FF-101-162"
"P-01969880","QUARTER PANEL CARRIER FR-LH"
"P-02115685","SUBFRAME BRACE ASSY RH"
"P-02115685 A.1","SUBFRAME BRACE ASSY RH"
"P-02115686","SUBFRAME BRACE ASSY LH"
"P-02115686 A.1","SUBFRAME BRACE ASSY LH"
"P-02200458","Manufacturing Assembly - FF 91 MBOM MAST"
"P-02200458 A.1","Manufacturing Assembly - FF 91 MBOM MAST"
"P-0321321","P-0321321_Rev B Vamsi"
"P-0321322","P-0321322_Rev A"
"P-0321323","P-0321323_Rev B"
"P-0324321","test material"
"P-0324321_A","P-0324321_A Rev B Vamsi Krishna"
"P-0324321_B","test material"
"P-0324321_M","P-0324321_M VK"
"P-0324321_S","P-0324321_S VK"
"P-0324321_V","P-0324321_V Rev B Vamsi"
"P-09867910","ABC12345679"
"P-09867919","ABC12345679"
"P-10021989","Rectangle box with Initial Revision"
"P-10021990","B Revision Assembly for DEMO-Drum,Rectan"
"P-10021991","Drum in Initial Revision"
"P-10021992","Rectangle Added in Initial revision of A"
"P-10021993","Added new Geometry to B revision"
"P-12093","Dummy Material Creation"
"P-12178910","P-12178910"
"P-12178911","P-12178911"
"P-12178912","P-12178912"
"P-12178913","P-12178913"
"P-123","TEST"
"P-1290","DUMMY"
"P-1291","Testing Material"
"P-12AB","Non-Valuated FERT"
"P-156278","Front Axle _ Rev A"
"P-156279","Thrust Washer_Rev A"
"P-156280","Front Axle_Rev B"
"P-156281","Oil Pressure Pump_Rev B"
"P-16892865","CONFIG_WINDSHIELD SAP ABAP LAB"
"P-5432100","P-5432100 Rev B"
"P-5432101","P-5432101 Rev C"
"P-787778","Front Axle Assembly"
"P-798251","Thrust Fan_Rev B"
"P-TEST01","Configurable Header"
"P-TEST02","Level 1 Phantom"
"P-TEST03","LEVEL 2 PHANTOM"
"P-TEST04","LEVEL 3 CONFIGURABLE MATERIAL"
"P-TEST05","LEVEL 4 BUY MATERIAL"
"P-TEST06","LEVEL 5 MAKE MATERIAL"
"P-TEST07","LEVEL 6 BUY MATERIAL"
"P-TEST11","Test-001"
"P-V100","Main Car- Hector"
"P-V101","Green Paint"
"P-V102","Red Colour Paint"
"P-V103","Black Colour Paint"
"P-V104","1.2 Lt Engine"
"P-V105","1.5 Lt Engine"
"P-V106","2.0 Lt Engine"
"P-V107","MRF Tyre"
"P-V108","CEAT Tyre"
"P-V109","Bridgestone Tyre"
"P-V110","JBL Speakers Set"
"P-V111","Harman Speakers Set"
"P-V112","Speaker"
"P-V113","JBL Speakers"
"P-V114","Harman Speakers"
"P-V115","Harman Speakers"
"P-V116","Harman Speakers Set"
"P-VV896155","P-VV896155"
"P0000121","System-1"
"P01","KMAT"
"P011","Halb1 VC"
"P012","Halb2 VC"
"P012-A","Halb 3 VC"
"P012-A-1","Test KMAt 3"
"P012-A-1-P","Test HALB AT 4TH LEVEL"
"P012-A-1-Q","Test HALB AT 4TH LEVEL"
"P012-A-1-R","Test HALB AT 4TH LEVEL"
"P012-A-1-S","Test HALB AT 4TH LEVEL"
"P012-B","Halb 4 VC"
"P1","Door Component 1"
"P1001","Pharmacy Materials"
"P1002","Test Material"
"P123456","TEST VP"
"P123456789","John Wayne (jwayne)"
"P1234589","AIR PROTECTOR-RAD UPR"
"P1N11","Door Component 1 with Color"
"P2","Door Component 2"
"P2MATERIAL","Testing Material"
"P2MATERIAL_932071","Test material 2"
"P2X11","Door Component 2 with Color"
"P3","Door Component 3"
"P3N11","Door Component 3 with color"
"P4","P4"
"P4N11","Door Component 4 with color"
"P5","Door Component 5"
"P5X11","Door Component 5 with Color"
"P6","Door Component 6"
"P6X11","Door Component 6 with color"
"P800101","Metalized Polypropylene film"
"P800102","Plastic"
"P800105","Aluminium"
"PA-01","raw mat"
"PA-02","raw mat"
"PA0150086S01","77267AIA PLC & SCADA System- L3P3"
"PA0150086S02","77267AIA PLC & SCADA System- L3P3"
"PACK_1","Packaging_2"
"PACK_1W","Packaging_2"
"PADY_KMAT","pady KMAT"
"PADY_MATVAR","PADY_MATVAR"
"PAINT","PULSAR PAINT"
"PAINT      BLK","PULSAR BLACK COLOR"
"PAINT      RED","PULSAR RED COLOR"
"PAINT      SLR","PULSAR SILVER COLOR"
"PAINTCAR","PAINT FOR CAR"
"PAINTCAR   BLU","BLUE COLOR FOR CAR"
"PAINTCAR   RED","RED COLOR FOR CAR"
"PAINTCAR   WHT","WHITE COLOR FOR CAR"
"PAINTEDBODY_VAR02","Painted Body Variant02"
"PAINTED_BODY_001","Paint_Body"
"PAINTED_BODY_002","Paint_Body"
"PAINTED_BODY_01","Paint_Body"
"PAINTED_BODY_VAR01","Painted Body Variant01"
"PAINT_BODY","Paint Body"
"PAINT_BODY  BLU","Blue Painted Body Assy"
"PAINT_BODY  GRN","Green Painted Body Assy"
"PAINT_BODY  SLR","Blue Painted Body Assy"
"PAINT_BODY -AA0NER","Fuji White Color Car Body"
"PAINT_BODY -AA0PEC","Narvik Black Car Body"
"PAINT_BODY -AA8CAH","Firenze Red Car Body"
"PAINT_BODY -AA8PAB","Santorini Black Car Body"
"PAINT_BODY BLU","Blue Painted Body Assy"
"PAINT_BODY GRN","Green Painted Body Assy"
"PAINT_BODY SLR","Silver Painted Body Assy"
"PART A","Finished Assembly A"
"PART B","Sem product B"
"PART C","Sem product C"
"PART D","Sem product D"
"PART E","Sem product E"
"PART F","Sem product F"
"PARTTEST","PartTestPartTestPartTest"
"PART_1001","test part update"
"PART_1002","update description"
"PART_1003","test Part update 2"
"PART_1004","test part create"
"PART_1005","test part update 1"
"PART_1006","test create"
"PART_1010","test part updated"
"PART_1011","Part_1011 created"
"PART_1234","test"
"PCB ASSEMBLY","DOSING PUMP PCB ASSMBLY"
"PEDAL_1","Pedals for Bike"
"PEN","pen"
"PEN CAP","pen cap"
"PEN REFILL","pen refill"
"PEN1","PEN"
"PEN2","PEN 2"
"PEN3","pen 3"
"PEN4","ABC DATA"
"PEN5","PEN 5"
"PEN6","PEN 6"
"PETROL_ENGINE","PETROL ENGINE"
"PHANTOM 1","phantom"
"PHANTOM 2","phantom"
"PIPPIPE00006967","REINF_ROOF RAIL OUTER AFT RH"
"PIPPIPE00006973","REINF_ ASSY ROOF RAIL INNER RH"
"PIPSPO00000017","REINF_BOW B PLR"
"PIPSPO00000020","REINF_RR HEADER LWR"
"PIPSPO00000022","MAGNA-BULB .1875"" SHANK --SPACE RESERVAT"
"PIPSPO00000024","PNL_QTR INR AFT LH"
"PIPSPO00000025","PNL_RR CLOSURE INR UPR LH"
"PIPSPO00000026","NUT PLATE - ROOF BOW ASSY"
"PIPSPO00000028","PNL_RR CLOSURE INR UPR RH"
"PIPSPO00000032","PNL RR CLOSURE INR CTR"
"PIPSPO00000033","REINF_ASSY ROOF RAIL OUTER FWD RH"
"PIPSPO00000034","REINF_FRT HDR UPR"
"PIPSPO00000315","REINF_ASSY ROOF RAIL OUTER MID RH"
"PIPSPO00000317","PNL_RR CLOSURE INR LWR RH"
"PIPSPO00000369","RAIL ASSY  L-BRACKET  LH"
"PIPSPO00000370","SCREW, M8-1.25x23.0, LOW PROFILE EXTERNA"
"PIPSPO00000371","CROSSMEMBER, FR SEAT RR"
"PIPSPO00000373","POST SEAT MOUNT"
"PIPSPO00000374","CAP FRONT SEAT AFT"
"PIPSPO00000375","CROSSMEMBER  AFT FR SEAT RR"
"PIPSPO00000376","TORQUE BOX, REAR LOWER AFT, RH"
"PISTON ASSEMBLY","Car Piston Assembly"
"PISTON ASSEMBLY 2","Car_HS Piston Assembly"
"PISTON ASSEMBLY 4","Car_HS Piston Assembly"
"PISTON ASSEMBLY 6","Car_HS Piston Assembly"
"PISTON ASSEMBLY_P","Car Piston Assembly"
"PISTON HEAD","CAR Engine Piston Head"
"PISTON HEAD 2","CAR_HS Engine Piston Head"
"PISTON HEAD 4","CAR_HS Engine Piston Head"
"PISTON HEAD 6","CAR_HS Engine Piston Head"
"PISTON HEAD_P","CAR Engine Piston Head"
"PISTON PIN","CAR Engine Piston PIN"
"PISTON PIN 2","CAR_HS Engine Piston PIN"
"PISTON PIN 4","CAR_HS Engine Piston PIN"
"PISTON PIN 6","CAR_HS Engine Piston PIN"
"PISTON PIN_P","CAR Engine Piston PIN"
"PISTON ROD","CAR Engine Piston Rod"
"PISTON ROD 2","CAR_HS Engine Piston Rod"
"PISTON ROD 4","CAR_HS Engine Piston Rod"
"PISTON ROD 6","CAR_HS Engine Piston Rod"
"PISTON ROD_P","CAR Engine Piston Rod"
"PISTON_ASSY_150","PISTON ASSEMBLY FOR 150CC"
"PISTON_ASSY_220","PISTON ASSEMBLY FOR 220CC"
"PISTON_HEAD_150","PISTON HEAD FOR 150CC"
"PISTON_HEAD_220","PISTON HEAD FOR 220CC"
"PISTON_PIN_150","PISTON PIN FOR 150CC"
"PISTON_PIN_220","PISTON PIN FOR 220CC"
"PISTON_ROD_150","PISTON ROD FOR 150CC"
"PISTON_ROD_220","PISTON ROD FOR 220CC"
"PLM000120","test"
"PLM001001","Test Top Assembly"
"PLM001002","Child1"
"PLM001003","Child2"
"PLM001004","Asm"
"PLM001005","Child1"
"PLM001006","Child2"
"PLM001007","Asm"
"PLM001008","Child1"
"PLM001009","Child2"
"PLM001231","Part1"
"PLM001232","Part2"
"PLM001233","test"
"PLM001234","Part1"
"PLM0012345","test"
"PLM001235","testA"
"PLM001236","TeestB"
"PLM001237","Test1237"
"PLM001238","Test1238"
"PLM001239","test"
"PLM001240","change diameter"
"PLM001241","Comp1"
"PLM001242","Comp2"
"PLM001243","Comp3"
"PLM001244","Comp4"
"PLM001245","Comp5"
"PLM0012452","Paredxt2"
"PLM001301","TPOP BOMline"
"PLM001303","Child2"
"PLM001304","child3"
"PLM001305","Top assembly"
"PLM001306","Child1"
"PLM001307","CHild2"
"PLM001308","TOP Assembly"
"PLM001309","Child 1"
"PLM001310","Child 2"
"PLM001311","Aseembly"
"PLM001312","Test child 1"
"PLM001313","Child 2 test"
"PLM_01","Test PLM"
"PLM_02","PLM 02 Test"
"PLM_MAT01","Testing Mat01"
"PLM_MAT02","Testing Mat01"
"PLM_MAT03","Testing Mat01"
"PLM_MAT04","Testing Mat01"
"PLM_MAT_0001","PLM MATERIAL TESTING CUSTOM FM"
"PLM_MAT_S25","Testing"
"PMAT","Test Material"
"PMAT-123","MATERIAL FOR PROJECT"
"PMAT-126","MATERIAL FOR PROJECT"
"PMAT-130","MATERIAL FOR PROJECT"
"PMAT-132","MATERIAL FOR PROJECT"
"PMAT-135","MATERIAL FOR PROJECT"
"PMAT-138","MATERIAL FOR PROJECT"
"PMAT-139","PROJECT MATERIAL"
"PMAT-140","MATERIAL FOR PROJECT"
"PMAT-141","PROJECT MATERIAL"
"PMAT-142","MATERIAL FOR PROJECT"
"PMAT-143","PROJECT MATERIAL"
"PMAT0","Material5"
"PMAT1","Material1"
"PMAT10","MATERIAL1"
"PMAT11","MATERIAL1"
"PMAT12","MATERIAL1"
"PMAT13","MATERIAL1"
"PMAT14","MATERIAL1"
"PMAT15","MATERIAL1"
"PMAT16","MATERIAL1"
"PMAT17","MATERIAL1"
"PMAT18","MATERIAL1"
"PMAT19","MATERIAL1"
"PMAT2","MATERIAL1"
"PMAT22","MATERIAL1"
"PMAT23","MATERIAL1"
"PMAT24","MATERIAL1"
"PMAT25","MATERIAL1"
"PMAT26","MATERIAL1"
"PMAT3","MATERIAL1"
"PMAT31","MATERIAL1"
"PMAT32","MATERIAL1"
"PMAT33","MATERIAL1"
"PMAT34","MATERIAL1"
"PMAT35","MATERIAL1"
"PMAT4","MATERIAL1"
"PMAT41","MATERIAL1"
"PMAT42","MATERIAL1"
"PMAT43","MATERIAL1"
"PMAT44","MATERIAL1"
"PMAT45","MATERIAL1"
"PMAT5","MATERIAL1"
"PMAT6","Material1"
"PMAT7","Material2"
"PMAT8","Material3"
"PMAT9","Material4"
"PMATERIAL","TEST MATERIAL"
"PMATERIAL2","TEST MATERIAL"
"PMATERIAL5","Test Material"
"PMATERIAL_932071","Test material"
"PMAT_54","Material4"
"PMAT_55","Material5"
"PMRPP_RAW_2","RAW Material PMRP TEST"
"PMRP_FINISH","Finished Material pMRP TEST"
"PMRP_RAW_1","RAW Material PMRP TEST"
"POLAR_WHITE","POLAR WHITE"
"PPDS_FERT","PPDS Finish material"
"PPDS_FERT_2","PPDS Finish material"
"PPDS_FERT_3","PPDS Finish material"
"PPDS_FERT_4","PPDS Finish material"
"PPDS_FERT_5","PPDS Finish material"
"PPDS_FERT_6","PPDS Finish material"
"PPDS_H3_ROH","PPDS HALB Raw material"
"PPDS_H3_ROH_2","PPDS HALB Raw material"
"PPDS_H4_ROH1","PPDS HALB Raw material"
"PPDS_H5_ROH1","PPDS HALB Raw material"
"PPDS_HALB","PPDS Semi-Finish material"
"PPDS_HALB_2","PPDS Semi-Finish material"
"PPDS_HALB_3","PPDS Semi-Finish material"
"PPDS_HALB_4","PPDS Semi-Finish material"
"PPDS_HALB_5","PPDS Semi-Finish material"
"PPDS_HALB_6","PPDS Semi-Finish material"
"PPDS_H_ROH1","PPDS HALB Raw material"
"PPDS_H_ROH2","PPDS HALB Raw material"
"PPDS_H_ROH3","PPDS HALB Raw material"
"PPDS_H_ROH4","PPDS HALB Raw material"
"PPDS_ROH","PPDS Raw material"
"PPDS_ROH_2","PPDS Raw material"
"PPDS_ROH_3","PPDS Raw material"
"PPDS_ROH_4","PPDS Raw material"
"PPDS_ROH_5","PPDS Raw material"
"PPDS_ROH_6","PPDS Raw material"
"PPE_ADV_MAT","adventure material"
"PPE_BIKE_ECONOMY","BIKE ECONOMY"
"PPE_CAR ECONOMY","Economy Model Car"
"PPE_CAR ECONOMY3","Economy Model Car3"
"PPE_CAR LUXURY","Luxury Model Car"
"PPE_CAR LUXURY3","Luxury Model Car 3"
"PPE_CAR STANDARD","Standard Model Car"
"PPE_CHASSIS SPCL","Chassis Special"
"PPE_CHASSIS STD","Chassis Standard"
"PPE_CHASSISBLKCL","Black Colored Chassis_SPCL"
"PPE_CHASSISBLKD","Black Colored Chassis_STND"
"PPE_CHASSISBLUCL","Blue Colored Chassis_SPCL"
"PPE_CHASSISBLUD","Blue Colored Chassis_STND"
"PPE_CHASSISREDCL","Red Colored Chassis_SPCL"
"PPE_CHASSISREDD","Red Colored Chassis_STND"
"PPE_CHASSISWHTCL","White Colored Chassis_SPCL"
"PPE_CHASSISWHTD","White Colored Chassis_STND"
"PPE_ENG","Bike Engine"
"PPE_ENG_150","Bike Engine 150"
"PPE_ENG_200","Bike Engine 200"
"PPE_MAT 6_3 RED","Matress 6*3 Red"
"PPE_MAT 6_5 GREEN","Matress 6*5 Green"
"PPE_MATRESS","Matress"
"PPE_SPRT_MAT","sports material"
"PPE_WHEELS ALU","Wheels Aluminum"
"PPE_WHEELS ALU2","CAR_HS Aluminium Wheels"
"PPE_WHEELS STL","Wheels Steel"
"PRD-11500102-1_A.1","test"
"PRODUCT_FERT_KMAT","Finished Product"
"PRODUCT_VAR01_FERT","Material Variant 01 for PRODUCT_FERT_KMA"
"PRTC_150_RAW01","Raw Material 01 for PRTC_ENGINE_150cc"
"PRTC_150_RAW02","Raw Material 02 for PRTC_ENGINE_150cc"
"PRTC_BENCH_SEAT","Bench Seat Type for PRTC_FERT_KMAT"
"PRTC_BLUE_COLOR","Blue color for PRTC_FERT_KMAT"
"PRTC_BUCKET_SEAT","Bucket Seat Type for PRTC_FERT_KMAT"
"PRTC_DELUXE_MODEL","Deluxe Model for PRTC_FERT_KMAT"
"PRTC_ENGINE_150CC","150 cc Engine for PRTC_FERT_KMAT"
"PRTC_ENGINE_200CC","200 cc Engine for PRTC_FERT_KMAT"
"PRTC_FERT_KMAT","Finished Product"
"PRTC_GREEN_COLOR","Green color for PRTC_FERT_KMAT"
"PRTC_SILVER_COLOR","Silver color for PRTC_FERT_KMAT"
"PRTC_STNRD_MODEL","Standard Model for PRTC_FERT_KMAT"
"PT00000222","Test Material Adv Intercompany Sales"
"PT00000222-A","Test Material Adv Intercompany Sales"
"PT00000222-AA","Test Material Adv Intercompany Sales"
"PT00000222-B","Test Material Adv Intercompany Sales"
"PT00000222-C","Test Material Adv Intercompany Sales"
"PT00000222-D","Test Material Adv Intercompany Sales"
"PT00000222-E","Test Material Adv Intercompany Sales"
"PT00000222-F","Test Material Adv Intercompany Sales"
"PT00000222-G","Test Material Adv Intercompany Sales"
"PT00000222-H","Test Material Adv Intercompany Sales"
"PT00000222-J","eSPP Material check in TTL HANA server"
"PT00000222-J1","Janhavi's laptop"
"PT00000222-J2","JS Spare Parts"
"PT00000222-K","eSPP Material check in TTL HANA server_2"
"PT00000222-L","eSPP Material check in TTL HANA server_2"
"PT00000222-M","eSPP Material check"
"PT00000222-N","eSPP Material"
"PT00000222-N1","CEAT Tyre"
"PT00000222-V","DMS++"
"PT00000222-VKS","Sameera Laptop"
"PT00000222-Z","Jainik Smartphone"
"PT00000222-Z1","Jainik Laptop"
"PT00000222-Z2","Computer applications"
"PT00000222-Z8","Computer applications"
"PT00000223-Z","RKS1 1 PRO"
"PT00PLM001","PLM MAterial"
"PT00PLM56","PLM MAterial"
"PULSAR","PULSAR"
"PULSAR_150","PULSAR 150"
"PULSAR_150_BLK","PULSAR 150 BLACK COLOR"
"PULSAR_150_ENG","PULSAR 150 CC ENGINE"
"PULSAR_150_RED","PULSAR 150CC RED COLOR"
"PULSAR_150_SILVER","PULSAR 150CC SILVER COLOR"
"PULSAR_150_WHT","PULSAR 150 SILVER COLOR"
"PULSAR_220","PULSAR 220"
"PULSAR_220_BLACK","PULSAR 220CC BLACK COLOR"
"PULSAR_220_BLK","PULSAR 220 BLACK COLOR"
"PULSAR_220_ENG","PULSAR 220 CC ENGINE"
"PULSAR_220_RED","PULSAR 220 RED COLOR"
"PULSAR_220_WHT","PULSAR 220 SILVER COLOR"
"PULSAR_BATTERY","BATTERY FOR PULSAR"
"PUMP PCB ASSEMBLY","PUMP PCB ASSEMBLY"
"PUNE_723","TEST MATERIAL 723"
"PUNE_724","TEST MATERIAL 724"
"PUNE_725","TEST MATERIAL 725"
"PUNE_726","TEST MATERIAL 726"
"PUNE_727","TEST MATERIAL"
"PUNE_728","TEST MATERIAL 728"
"PV-00","semifin Mat."
"PV0","Finished MAT"
"P_01588380","MMO1 BDC1"
"P_01588385","Demo MM01 BDC11"
"P_01588386","Demo MM01 BDC16"
"P_01588387","Demo MM01 BDC17"
"P_10101","P_test"
"P_10102","ASFDNKAHUWEIUFHIASAESFKASBDKF"
"P_10103","Test : P_10103"
"P_250_EVQ","P250 AUTOMATIC MHEV - JLR EVOQUE"
"P_KMAT","Finished Product"
"P_KMAT_VAR","Material Variant for P_KMAT"
"P_KMAT_VAR01","Material Variant for P_KMAT"
"QAZWSX","qwerty"
"QAZWSXEDC","dsfdfsdfsd dfgdfgdfggfgfd"
"QM-001","QM-001-TEST"
"QM-002","QM-002-TEST"
"QM_TEST","QM testing material"
"QWERTY12345","cvvxdzv fdgfdgdfg"
"R-123986","TESTING MATERIAL FOR RIVIAN"
"R-123987","TESTING MATERIAL FOR RIVIAN"
"R123451010","John Wayne (jwayne)"
"R123451020","John Wayne (jwayne)"
"R123451030","John Wayne (jwayne)"
"R14_STEEL","STEEL WHEELS"
"R14_WHEELS","R14 Wheels"
"R19","Car AC"
"R1S DROP SHIPMENT","R1S Third Party Materials"
"R1S SUV","R1S PV SUV"
"R1S_EV","R1S EV"
"R1S_EV_KMAT","MATERIAL DETAILS FOR R1S EV"
"R1S_EV_VARIANT","R1S EV"
"R1S_LRG_PACK","LARGE BATTERY PACK"
"R1S_MDN_PAINT","MIDNIGHT PAINT"
"R1S_PAINT_GRN","LAUNCH GREEN PAINT"
"R1S_STD_PACK","STANDARD BATTERY PACK"
"R1T","FIN126,MTS-DI,PD,Batch-Fifo,SerialNo"
"R1T MTO","R1T MTO"
"R1T MTO NEW","R1T MTO"
"R1T MTS","R1T MTS"
"R1T MTS NEW","R1T MTS NEW"
"R1T TRUCK","Rivian Truck"
"R1T TRUCKS","Rivian Trucks"
"R1_TSAL","Row Mtl"
"R1_TSAL_1","Row Mtl"
"R20","Car Tier"
"R2_TSAL","Row Mtl"
"R2_TSAL_1","Row Mtl"
"RADIATOR","Radiator Assembly"
"RAW PACK","raw mat."
"RAW001","Raw Product 001"
"RAW002","Raw Product 002"
"RAW003","Raw Product 003"
"RAW01","Raw Product 01"
"RAW02","Raw Product 02"
"RAW301","Raw Product For FIN300"
"RAW_A","TEST material"
"RAW_B","TEST material B"
"RAW_BLADE","RAW FAN BLADE"
"RAW_C","TEST material C"
"RAW_IP01","Raw Product IP 01"
"RAW_MOTOR","RAW FAN MOTOR"
"RAW_SWITCH","RAW FAN SWITCH"
"RD_CLR","RED COlor"
"RE-020","For revision level"
"REAR_MIRROR","Rear View Mirror"
"RED","ford red"
"RED COLOR PAINT","RAW MATERIAL RED COLOR PAINT"
"REDC","RED COLOR FOR CAR"
"REDP","RED COLOR FOR PULSAR"
"RELAY","Protection Relays"
"REM-HALB","HALB"
"REM-HALB01","REM"
"REM-ROH 01","REM"
"REM-ROH 02","REM"
"REM-ROH 1","REM ROH"
"REM-ROH 2","REM ROH"
"REV-010","For revision level"
"REVTEST","REVTEST"
"RIMFIN01","TEST FIN MATERIAL FOR RIM CYCLE"
"RIMROH01","TEST ROH MATERIAL FOR RIM CYCLE"
"RIMROH02","TEST ROH MATERIAL FOR RIM CYCLE"
"RIMROH03","TEST ROH MATERIAL FOR RIM CYCLE"
"RIV-SP-001","Brake Calipers"
"RIV-SP-002","Shock Absorbers"
"RIV-SP-003","Control Arms"
"RIV-SP-004","Control Arms"
"RIVIAN_1","Rivian_Test_1"
"RM0222","raw material for 0222"
"RM09","RAW09,PD,Batch-Fifo"
"RM1000","DOOR SET BLUE"
"RM1001","Engine 1000 cc"
"RM1002","BODY BLUE"
"RM12","RAW12,PD,RepetitiveManuf."
"RM120","RAW120,PD,QualityManaged"
"RM122","RAW122,PD,Batch-Fifo,ProcureImport"
"RM124","RAW124,VB,Consumption,FixedBin"
"RM128","RAW128,PD,Consignment"
"RM13","RAW13,PD,Subcontracting"
"RM14","RAW14,PD,Subcontracting"
"RM15","RAW15,PD"
"RM16","RAW16,PD"
"RM17","RAW17,PD"
"RM18","RAW18,PD"
"RM19","RAW19,PD,Batch-Fifo,LeanQM"
"RM20","RAW20,PD"
"RM2000","DOOR SET GREEN"
"RM2001","Engine 1200 cc"
"RM2002","BODY GREEN"
"RM27","RAW27,PD,PackagingBox"
"RM28","RAW28,PD,PackagingFoil"
"RM30","RAW30,VB,Batch-Fifo"
"RM3000","DOOR SET Black"
"RM3001","Engine 1500 cc"
"RM3002","BODY BLACK"
"RM4000","DOOR SET Black"
"RM4002","BODY WHITE"
"ROH300","RAW MATERIAL 300"
"ROH301","RAW MATERIAL 301"
"ROH302","RAW MATERIAL 302"
"ROHMAT01","RAW MATERIAL 01"
"ROHMAT02","RAW MATERIAL 02"
"ROHMAT03","RAW MATERIAL 03"
"ROH_0001","Material for ROH testing"
"ROOF","RAW MATERIAL AS ROOF"
"RP001","Empties,ND"
"RW1","RW1"
"RW11","RW11"
"RW12","RW12"
"RW13","RW13"
"RW14","RW14"
"RW2","RW2"
"RW3","RW3"
"RW4","RW2"
"R_PPE_C1","R_PPE_C1"
"R_PPE_C2","R_PPE_C2"
"R_PPE_E1","R_PPE_E1"
"R_PPE_E2","R_PPE_E2"
"R_PPE_T1","R_PPE_T1"
"R_PPE_T2","R_PPE_T2"
"R_PPE_VEH","R_PPE_VEH"
"SAFARI_COLOUR_BLK","safari black colur paint"
"SAFARI_COLOUR_BLU","safari blue colour paint"
"SAFARI_COLOUR_GOLD","Safari gold color paint"
"SAFARI_ENGINE 1","SAFARI 1800CC ENGINE"
"SAFARI_ENGINE 1800","TATA SAFARI EGINE 1800CC"
"SAFARI_ENGINE 2","SAFARI 1600CC ENGINE"
"SAFARI_ENGINE 3","SAFARI 1500 CC ENGINE"
"SAFARTI_COLOUR_GRN","safari green colour paint"
"SALT","QM testing material"
"SAM","Samir OData test"
"SAM-001-GET","GET Demo"
"SAM-01","sam"
"SAM-SERVICE","Service Material -Labour"
"SAM-SW-S4HANA","SAP S4HANA Implementation Service"
"SAM-SW-SAP","SAP Implementation"
"SAM-TRAINING","Service for Training"
"SAMIR_TEST_OData","Samir Test Material Semifinished"
"SAM_2026_1","Demo -1"
"SAM_CRM-1","Test CRM-SAP Integration"
"SAM_DEL","SAM Test Material"
"SAM_DEMO_HAZ_1234","Demo for Hazardous Material"
"SAM_GET_2025","Demp Material for Project"
"SAM_GET_2027","sam test"
"SAPDEMOTEST1","Test SAP Demo Updated"
"SAPNMATERIAL","Test Material"
"SAPNMATERIAL1","test material"
"SAPNMATERIAL2","test material2"
"SAPNMATERIALS","SAPMATERIAL"
"SCATOLA","Pallet Packaging Material"
"SCRAP","check"
"SCRAP 1","check"
"SCRAP 2","check"
"SDFVDCX","sdcv"
"SDG010","Stationary Generator | 10kW | Diesel | 2"
"SDG015","Stationary Generator | 15kW |Diesel 2.2L"
"SDG2500","Stationary Generator | 2500kW | Diesel |"
"SE.0000402","John Wayne (jwayne)"
"SEAT_1","Seat for Bike"
"SEAT_BELT","seat belt color"
"SEA_BLUE","BLUE COLOUR"
"SEDANC","SEDAN MODEL FOR CAR"
"SEM-2007","Materials for Semi furnished product."
"SERVICE","Service Item"
"SFG1","Exterior Color - BLUE"
"SFG10","ENGINE 4.0 L"
"SFG11","18"" Tyre"
"SFG12","19"" Tyre"
"SFG13","17"" Tyre"
"SFG14","Projector Head Lights"
"SFG15","GPS Navigator"
"SFG16","Smoking Kit"
"SFG17","Leather Seats"
"SFG2","Exterior Color - RED"
"SFG3","Exterior Color - GREEN"
"SFG4","Exterior Color - WHITE"
"SFG5","ABC Battery"
"SFG6","XYZ Battery"
"SFG7","ENGINE 2.0 L"
"SFG8","ENGINE 2.5 L"
"SFG9","ENGINE 3.0 L"
"SG","SG"
"SG124","SEMI124,PD,Subassembly"
"SG21","SEMI21,PD,RepetitiveManuf."
"SG22","SEMI22,PD,Phantom"
"SG224","SEMI224,MTO,PD,Subassembly"
"SG24","SEMI24,PD,Batch-Fifo"
"SG25","SEMI25,PD,ExternalProcurement"
"SG325A","SEMI325A,PLM,PD,ExternalProcurement"
"SG325B","SEMI325B,ECM,PD,ExternalProcurement"
"SGC","consignment"
"SH.0000501","John Wayne (jwayne)"
"SH03","Demo material shr 3"
"SHAMPOO_WELLA_200","Wella shampoo 200 ml"
"SHIRT","Formal shirt"
"SIDEWALL","BIW SIDEWALL"
"SILVER","silver ford"
"SILVERP","SILVER COLOR FOR PULSAR"
"SILVER_COLOR","Silver color for Product_FERT_KMAT"
"SIMPLEC","SIMPLE SEAT FOR CAR"
"SJT-T100","Slug for Sprial Casing"
"SM.0000601","John Wayne (jwayne)"
"SOLAR INV","SOLAR_10KW ABB_"
"SOLAR INVERTER","SOLAR_10KW ABB_SAMEERA"
"SOLENOID ASSEMBLY","SOLENOID ASSEMBLY DOSING PUMP"
"SOLENOID BODY","Solenoid Body"
"SOLENOID COIL","Solenoid Coil"
"SORUCE_MAT","Source_Mat"
"SP-00395793","WELD STUD T06x1.60x14.00 SWB600.27 FF-10"
"SP-00395803","WELD STUD M08x1.25 - 6G MATHREAD GROUND"
"SP-00400305","RIVNUT M12x1.75 6H HALF HEX LOW CARBON S"
"SP-00405826","BOLT M10-1.50x28.00 TORX PLUS PAN FLANGE"
"SP-00413532","NUT, FLANGED HEX, M6 x 14.2MM OD"
"SP-00427864","NUT, CLINCH M4x2x7.87 OD FF-101-318_A"
"SP-00440501","RIVNUT M06x1.00 THIN HEAD KNURLED BODY C"
"SP-00440682","RIVNUT M05x0.80 THIN HEAD KNURLED BODY C"
"SP-00446067","PANEL CLIP 16.5 M03-0900-26 FF-101-120"
"SP-00450935","BOLT M6-1x12 HEX FLANGE FF-101-342_C"
"SP-00457820","NUT, FLANGED HEX, M6 x 14.2MM OD"
"SP-00457820 A.1","NUT, FLANGED HEX, M6 x 14.2MM OD"
"SP-00458376","CLINCH STUD, M8 x 30MM DBB W/ MATPOINT"
"SP-00458573","M05x12.00 PT ROUND WASHER HEAD SCREW FF-"
"SP-00458584","CLINCH STUD, M8 x 25MM DBB W/PC POINT"
"SP-00458631","SCREW GROMMET, 11.5 DIA, FF-101-157_A"
"SP-00458658","SCREW GROMMET, 11.5 DIA, FF-101-157_A"
"SP-00458681","SCREW, FLANGED BUTTON HEAD, HEXALOBULUR,"
"SP-00458681 A.1","BOLT M08x1.25x25 CLASS 10.9 HEX FLANGE A"
"SP-00458837","BOLT, M10x1.5x34.75 EX HEXALOBULAR WITH"
"SP-00459482","PUSH NUT ROUND FLAT TYPE FOR STUDS, ROD"
"SP-00471122","CLINCH NUT M6-13x1.0 STM, SELF-PIERCING"
"SP-00473119","CLINCH NUT, M6 x 5 x 14MM OD STM"
"SP-00473151","CLINCH NUT, M8 x 8MM x 16.5MM OD STM"
"SP-00473164","CLINCH NUT M05-20X0.80 CLASS 10 STM RQ29"
"SP-00473165","CLINCH NUT, M6 x 5MM x 10.2MM OD LBM, PR"
"SP-00473166","CLINCH NUT M8x1.25 LBM WITH PREVAILING T"
"SP-00473246","NUT, CLINCH M6x1.00x14 OD DBM PC10 FF-10"
"SP-00473250","CLINCH NUT, M8 x 6.5 x 16.5MM OD DBM"
"SP-00473254","CLINCH NUT, M8 x 6.5MM x 21MM OD DBM"
"SP-00473284","CLINCH NUT, M10 x 8.1MM x 28MM OD DBM"
"SP-00473305","SCREW, HEX HD, FLAT WASHER SEMS, M5 x 21"
"SP-00473306","BOLT M06x1.00x24.00 HEX FLANGE SEMS BOLT"
"SP-00473307","BOLT M06x1.00x16.00 HEX FLANGE BOLT W/ M"
"SP-00473308","SCREW M4.2x19.00 HEX HEAD TAPPING SCREW"
"SP-00473309","RIV-FLOAT M5x0.8 LARGE FLANGE FF-101-115"
"SP-00473312","RIVNUT M08x1.25 MEDIUM CARBON STEEL STAN"
"SP-00473314","RIVNUT M06x1.00 MEDIUM CARBON STEEL STAN"
"SP-00473315","RIVNUT M08x1.25 MEDIUM CARBON STEEL THIN"
"SP-00473324","SCREW M10x1.0x35 CLASS 10 HEX CAP W/FLAT"
"SP-00473671","SCREW, FLANGED BUTTON HEAD, HEXALOBULAR"
"SP-00497663","CLINCH STUD, M8 x 22MM EPB W/ DOGPOINT"
"SP-00498008","NUT, KEPS, FLAT WASHER, M10 x 30MM OD"
"SP-00500578","BOLT M06x1.00x16.00 HEX FLANGE BOLT W/ M"
"SP-00503534","PUSH NUT ROUND FLAT TYPE FOR STUDS, ROD"
"SP-00523849","SCREW, FLANGED BUTTON HEAD, HEXALOBULAR,"
"SP-00523852","PIN M07x15.00 PUSH NYLON PIN FF-101-092"
"SP-00524722","FLOOR - FRONT DUCT FOOTWELL ASY DF91"
"SP-00524747","BOLT M06x1.00x16.00 HEX FLANGE BOLT W/ M"
"SP-00524841","NUT, FLANGED HEX, M6 x 14.2MM OD"
"SP-00525460","BOLT M06x1.00x16.00 HEX FLANGE BOLT W/ M"
"SP-00525862","B-PILLAR APPLIQUE ASY - RH"
"SP-00526157","NUT, FLANGED HEX, M6 x 14.2MM OD"
"SP-00529176","RIVNUT M04x0.70 COUNTERSUNK RIVNUT FF-10"
"SP-00529315","RIVNUT M6x1.0 Countersunk Rivnut FF-101-"
"SP-00531878","NUT, FLANGED HEX, M6 x 14.2MM OD"
"SP-00532305","BOLT M8-1.25x20 HEX FLANGE BOLT FF-101-7"
"SP-00532390","SCREW 35X8 DELTA PT SIX LOBE ROUND WASHE"
"SP-00532390 A.1","SCREW 35X8 DELTA PT SIX LOBE ROUND WASHE"
"SP-00532713","M05x12.00 PT ROUND WASHER HEAD SCREW FF-"
"SP-00532781","SCREW M06x1.00x32.00 HEX CAP SCREW WITH"
"SP-00532784","SCREW, M4-0.7x8 BUTTON HEAD, HEXALOBULAR"
"SP-00532830","M05x12.00 PT ROUND WASHER HEAD SCREW FF-"
"SP-00532830 A.1","BOLT M06x1.00x16.00 HEX FLANGE BOLT W/ M"
"SP-00532991","PUSH RIVET M08x16.80 PUSH RIVET FF-101-1"
"SP-00533018","NUT, FLANGED HEX, M8 x 17.9MM OD"
"SP-00533018 A.1","NUT, FLANGED HEX, M8 x 17.9MM OD"
"SP-00533424","SCREW, M5-0.8x12 BUTTON HEAD, HEXALOBULA"
"SP-00533702","SCREW, FLANGED BUTTON HEAD, HEXALOBULAR"
"SP-00533772","PUSH RIVET M08x16.80 PUSH RIVET FF-101-1"
"SP-00534586","INTERIM-- NUT M5x0.8 HEX FF-101-456_A_IN"
"SP-00534592","SCREW M06x1.00x16.00 SIX LOBE SOCKET FLA"
"SP-00534616","CLINCH STUD, M8 x 25MM SEB"
"SP-00541759","FLOWPUSH, EXTERNAL TORX PLUS"
"SP-00546276","CLINCH STUD, M6 x 20MM EPB W/ DOGPOINT"
"SP-00547919","BOLT M06x1.00x20.00 HEX FLANGE BOLT FF-1"
"SP-00548606","BOLT M8x1.25x22.95 HEX FLANGE BOLT WITH"
"SP-00557344","PROD SMR Camera ECU"
"SP-00557480","PUSH RIVET M08x16.80 PUSH RIVET FF-101-1"
"SP-00558006","PIN M07x15.00 PUSH NYLON PIN FF-101-092"
"SP-00572353","SCREW, M5-0.8x10 HEX CAP WITH FLAT SEMS"
"SP-00572409","SCREW, M5-0.8x10 HEX CAP WITH FLAT SEMS"
"SP-00572434","Groundstrap, Liftgate to Body"
"SP-00572445","BOLT M06x1.00x16.00 HEX FLANGE BOLT W/ M"
"SP-00606075","CLINCH STUD M8x1.25x20 SEB FLUSH HEAD FF"
"SP-00606077","CLINCH STUD, FLUSH HEAD M5 x 15MM, SEB"
"SP-00608309","SCREW, FLANGED BUTTON HEAD, HEXALOBULAR"
"SP-00608310","SCREW, M4-0.7x6.0 BUTTON HEAD CAP, MCMAS"
"SP-00613633","NUT M08 HEX FLAT WASHER KEPS NUT FF-101-"
"SP-00623130","PIN M07x15.00 PUSH NYLON PIN FF-101-092"
"SP-00623616","FLOOR FRT - PASSENGER SIDE TOE BOARD"
"SP-00633463","RIVNUT M08x1.25 6H HALF HEX LOW CARBON S"
"SP-00635613","PANEL CLIP 16.5 M03-0900-26 FF-101-120"
"SP-00635651","CLINCH STUD M06x1.00x25.00 EPB BOLT 6985"
"SP-00641136","SCREW M06x1.00x16.00 SIX LOBE SOCKET FLA"
"SP-00645231","SCREW, FLANGED BUTTON HEAD, SOCKET,  M6"
"SP-00668091","RIVNUT M6x1-6H HALF HEX LOW CARBON STEEL"
"SP-00669442","TOLERANCE COMPENSATOR, FLEXITOL BL L M6"
"SP-00669632","BOLT M06x1.00x16.00 HEX FLANGE BOLT W/ M"
"SP-00669958","NUT, FLANGED HEX, M6 x 14.2MM OD"
"SP-00670339","BOLT M06x1.00x24.00 HEX FLANGE SEMS BOLT"
"SP-00670408","SCREW M06x1.00x16.00 SIX LOBE SOCKET FLA"
"SP-00670409","SEAT BELT Retractor Assy - Non Motorized"
"SP-00670597","BOLT M06x1.00x24.00 HEX FLANGE SEMS BOLT"
"SP-00670598","SCREW 22x10.00 DELTA PT SIX LOBE ROUND W"
"SP-00670608","NUT M05x0.8 HEX FLANGE NYLON INSERT LOCK"
"SP-00672182","BOLT M06x1.00x16.00 HEX FLANGE BOLT W/ M"
"SP-00672223","SCREW, FLANGED BUTTON HEAD, HEXALOBULAR"
"SP-00672342","BOLT M06x1.00x16.00 HEX FLANGE BOLT W/ M"
"SP-00674337","SCREW M5x0.8x13.25 CLASS 8.8 HEX CAP W/F"
"SP-00674492","PUSH RIVET M08x16.80 PUSH RIVET FF-101-1"
"SP-00675489","MOUNTING BRACKET, UGDO"
"SP-00676507","PUSH RIVET M08x16.80 PUSH RIVET FF-101-1"
"SP-00676753","NUT, FLANGED HEX, M8 x 17.9MM OD"
"SP-00682865","SCREW, FLANGED BUTTON HEAD, HEXALOBULAR"
"SP-00682865 A.1","SCREW, FLANGED BUTTON HEAD, HEXALOBULAR"
"SP-00684992","SCREW M5x0.8x13.25 CLASS 8.8 HEX CAP W/F"
"SP-00685004","SCREW, FLANGED BUTTON HEAD, HEXALOBULAR"
"SP-00685589","CLINCH STUD, M6 x20MM DBB W/ MATPOINT"
"SP-00687956","CLINCH STUD, M10 x 20MM EPB"
"SP-00687992","CLINCH STUD, M10 x 20MM DBB W/ MATPOINT"
"SP-00690846","RW_65mm Square Tape(V36X BODY TAPES) BK2"
"SP-00690847","RW_40mm Square Tape(54657-00099-00) 7S71"
"SP-00693191","NUT, FLANGED HEX, M8 x 17.9MM OD"
"SP-00700550","SCREW M5x0.8x13.25 CLASS 8.8 HEX CAP W/F"
"SP-00701784","M06x1.00x20.00 BLIND THREADED STUD AES90"
"SP-00702686","BLIND RIVET COUNTERSUNK HEAD BN 925 FF-1"
"SP-00703119","SCREW M5x-0.8x21.95 CLASS 8.8 HEX CAP, F"
"SP-00703727","SCREW M5x-0.8x21.95 CLASS 8.8 HEX CAP, F"
"SP-00708944","RIV-NUT, M5-0.8x7.0 LARGE COUNTERSUNK HE"
"SP-00708976","CLINCH STUD, M8x1.25x40 DBB4 WITH MATPOI"
"SP-00709011","CLINCH STUD, M5x0.8x20 EPB WITH DOGPOINT"
"SP-00710594","NUT, FLANGED HEX, M10 x 21.8MM OD, MF CO"
"SP-00716662","PUSH NUT ROUND FLAT TYPE FOR STUDS, ROD"
"SP-00723724","CLINCH NUT, M10 x 8.1 x 22.5MM OD DBM 6E"
"SP-00724494","PUSH RIVET M08x16.80 PUSH RIVET FF-101-1"
"SP-00763297","HIGH SIDE AIR CURTAIN, LH DF91"
"SP-00763509","BOLT M10-1.50x28.00 TORX PLUS PAN FLANGE"
"SP-00773559","BOLT M8-1.25x18 CLASS 10.9 HEX FLANGE AN"
"SP-00786855","CLINCH NUT M05x0.80 CLASS 10 LBM R294200"
"SP-00822313","SCREW GROMMET, 11.5 DIA, FF-101-157_A"
"SP-00824401","FLOWFORM, EXTERNAL TORX PLUS--A-4703"
"SP-00833319","RIVSTUD M8x1.25x22 BLIND, THREADED, KNUR"
"SP-00854958","NUT, CLINCH, M5-0.8, FF-101-611_A"
"SP-00856190","CLINCH NUT, M5 x 6MM X 14MM OD STM"
"SP-00870857","SCREW M06x1.00x32.00 HEX CAP SCREW WITH"
"SP-00870961","TRUNK SIDE LH LWR EPP FOAM BLOCK DF91"
"SP-00873584","NUT, FLANGED HEX, M6 x 14.2MM OD"
"SP-00890902","2R 5050 LH SIDEBOX BRIDGE BRACKET ASSY"
"SP-00891963","CLINCH STUD, LARGE HEAD, M6 x 20MM, S-EP"
"SP-00897150","HL6-M8--NUT M08x1.25 PROJECTION WELD HEX"
"SP-00904898","BALL STUD M08x1.25x27.05 HEX COLLAR BALL"
"SP-00920053","M10x1.50x35.00 HEX FLANGE SEMS BOLT WITH"
"SP-00920233","BOLT M06x1.00x16.00 HEX FLANGE BOLT W/ M"
"SP-00921538","SCREW M5x0.8x13.25 CLASS 8.8 HEX CAP W/F"
"SP-00933972","ASSY_SEAT_2R RH_V1"
"SP-00934655","BOLT M10-1.50x28.00 TORX PLUS PAN FLANGE"
"SP-00944210","PUSH RIVET M08x16.80 PUSH RIVET FF-101-1"
"SP-00989858","SCREW M5x0.8x13.25 CLASS 8.8 HEX CAP W/F"
"SP-00998617","CLINCH NUT M20x2.50 S-DBM PC10--FF-101-6"
"SP-01050064","M08x1.25 HEXAGON NUT WITH FLANGE AND PRE"
"SP-01050064 A.1","M08x1.25 HEXAGON NUT WITH FLANGE AND PRE"
"SP-01052302","M08x1.25x25.00 SEB STAKING STUD RC 28-34"
"SP-01052312","CLINCH NUT M10-17x1.5 S-STM PC10--FF-101"
"SP-01063413","BOLT M06x1.00x16.00 HEX FLANGE BOLT W/ M"
"SP-01066828","BOLT M06x1.00x16.00 HEX FLANGE BOLT W/ M"
"SP-01078661","SCREW, FLANGED BUTTON HEAD, HEXALOBULAR"
"SP-01085940","CLINCH SPACER, 11MM x 11.4MM x 18.5OD S-"
"SP-01087569","BOLT M06x1.00x16.00 HEX FLANGE BOLT W/ M"
"SP-01087569 A.1","BOLT M8-1.25x20 HEX FLANGE BOLT FF-101-7"
"SP-01175548","SCREW, M6x1.0x14 HEX CAP WITH FLAT SEMS"
"SP-01184661","HELICAL INSERT, M5-0.8x10.0, FF-101-741_"
"SP-01187511","HELICOIL M10x20--FF-101-736_A"
"SP-01196854","SCREW, M8-1.25x45, EXT 6-LOBE, ULTRA LOW"
"SP-01196873","BOLT, M12x1.75x39.15 HEX FLANGE WITH MAT"
"SP-01196885","BOLT, M8x1.25x18 HEX FLANGE WITH MATPOIN"
"SP-01243481","PIN M07x15.00 PUSH NYLON PIN FF-101-092"
"SP-01254328","TOLERANCE COMPENSATOR, M6, WITTE KU01136"
"SP-01260720","CLINCH NUT M6x1.0 LBM PC10--FF-101-180_A"
"SP-01270595","SCREW M5x-0.8x21.95 CLASS 8.8 HEX CAP, F"
"SP-01274978","NUT M10x1.5 DBM STAKING NUT R2940003FP02"
"SP-01311780","INTERIM M04x0.70x10.00 BUTTON HEAD SOCKE"
"SP-01315181","EDPL SPEAKER"
"SP-01317525","U-NUT, M5 FF-101-161_A"
"SP-01318497","BOLT M06x1.00x24.00 HEX FLANGE SEMS BOLT"
"SP-01360362","NUT, M6x1.00 PROJECTION WELD HEX PC9--FF"
"SP-01371915","CLINCH NUT M8-13x1.23 STM, SELF-PIERCING"
"SP-01498390","WELD STUD M6x1.00x20 STEEL GROUND--39268"
"SP-01498473","BOLT, FLAT, 6-LOBE SOCKET M5x0.8x25 PC8."
"SP-01504163","RIV-FLOAT, M4-0.7 SMALL FLANGE, FF-101-8"
"SP-01520345","CLINCH STUD M6x1.0x20 SEB FLUSH HEAD HRC"
"SP-01540519","NUT M10x1.50 PROJECTION WELD, HEX PC9--F"
"SP-01540765","MAGNA-BULB .25"" SHANK --SPACE RESERVATIO"
"SP-01553794","FF-101-832_B, STUD, M12-1.5x27.0, M12-1."
"SP-01557111","NUT 7-16x20 UNF PROJECTION WELD HEX FLAN"
"SP-01557836","BOLT M06x1.00x16.00 HEX FLANGE BOLT W/ M"
"SP-01567023","INSERT, M5-0.8x25.15 MINIMIZED-PROFILE H"
"SP-01567553","LOCKNUT, M3-0.5, TYPE SL, FF-101-787_A"
"SP-01568664","CAGE NUT M10X1.5 PROJECTION WELD 3.0MM F"
"SP-01568809","BOLT M06x1.00x16.00 HEX FLANGE BOLT W/ M"
"SP-01568809 A.1","SCREW, M6X1.0X45 HEX CAP WITH FLAT SEMS"
"SP-01569072","NUT, FLANGED HEX, M6 x 14.2MM OD"
"SP-01571415","SCREW, M10x1.5x20 HEX CAP WITH FLAT SEMS"
"SP-01571415 A.1","SCREW, M10x1.5x20 HEX CAP WITH FLAT SEMS"
"SP-01573516","HUD Module"
"SP-01577195","PUSH RIVET M08x16.80 PUSH RIVET FF-101-1"
"SP-01577901","NUT M6x1.00 CLASS 10 PROJECTION WELD HEX"
"SP-01577942","NUT M8x1.25 PROJECTION WELD HEX FLANGE P"
"SP-01577963","NUT M10x1.25 CLASS 10 PROJECTION WELD HE"
"SP-01584291","SCREW, M6-1.0x16 HEXALOBULAR SOCKET PAN"
"SP-01584291 A.1","SCREW, M6-1.0x16 HEXALOBULAR SOCKET PAN"
"SP-01590031","PUSH RIVET M08x16.80 PUSH RIVET FF-101-1"
"SP-01590762","PUSH NUT ROUND FLAT TYPE FOR STUDS, ROD"
"SP-01596095","NUT, CLINCH M8x1.25x14 OD LBM PC10 FF-10"
"SP-01596096","BOLT M6-1x12 HEX FLANGE FF-101-342_C"
"SP-01597033","SCREW, M8x1.25x25 HEX HEAD DOUBLE SEMS--"
"SP-01609769","NUT, FLANGED HEX, M6 x 14.2MM OD"
"SP-01610133","NUT M8x1.25 PROJECTION WELD HEX FLANGE P"
"SP-01618770","SPR5 TAIL --SPACE RESERVATION--"
"SP-01618771","SPR5 HEAD--SPACE RESERVATION--"
"SP-01635412","BOLT, M10x1.5x18 HEX FLANGE WITH MATPOIN"
"SP-01643100","INTERIM-- NUT M5x0.8 HEX FF-101-456_A_IN"
"SP-01658320","INTERIM-- WASHER M5 FLAT FF-101-456_A_IN"
"SP-01738957","B-PILLAR APPLIQUE ASY - LH"
"SP-01758476","SCREW, M8-1.25x23.0, LOW PROFILE EXTERNA"
"SP-01760802","SCREW M5x0.8x13.25 CLASS 8.8 HEX CAP W/F"
"SP-01767545","PUSH RIVET M08x16.80 PUSH RIVET FF-101-1"
"SP-01767545 A.1","BOLT, M12-1.75x80, HEX FLANGE, FF-101-85"
"SP-01767546","PUSH RIVET M08x16.80 PUSH RIVET FF-101-1"
"SP-01767546 A.1","BOLT, M12x1.75x100 HEX FLANGE FF-101-867"
"SP-01790097","SPR5 HDX HEAD--SPACE RESERVATION--"
"SP-01790098","SPR5 HDX TAIL --SPACE RESERVATION--"
"SP-01796437","RIVET, 3.2x11 COUNTERSUNK BLIND FF-101-8"
"SP-01807958","SCREW, M5-0.8x16.95 HEXALOBULAR SOCKET,"
"SP-01818793","SCREW, M10x1.5x16 HEX CAP WITH FLAT SEMS"
"SP-01825016","FLOWFORM, M4x20 EXTERNAL TORX PLUS A-610"
"SP-01851822","PUSH RIVET M08x16.80 PUSH RIVET FF-101-1"
"SP-01860477","INTERIM-- WASHER M5 FLAT FF-101-456_A_IN"
"SP-01867828","BOLT M06x1.00x16.00 HEX FLANGE BOLT W/ M"
"SPECIAL_SG","Special chassis"
"SPECIAL_SG  BLK","BLACK COLOR"
"SPECIAL_SG  BLU","BLUE COLOR"
"SPECIAL_SG  RED","RED COLOR"
"SPECIAL_SG  WHT","WHITE COLOR"
"SPECIAL_SG BLK","black color"
"SPECIAL_SG BLU","blue color"
"SPECIAL_SG RED","red color"
"SPECIAL_SG WHT","white color"
"SRS1","Finished Assembly"
"SRS121","Finished Assembly A"
"SRS122","Sem product B"
"SRS123","Sem product C"
"SRS124","Mixing part B"
"SRS125","Mixing part C"
"SRS222","Mixture A"
"SRS2222","Mixture A"
"SRS_1","test"
"SRS_2","SRS_2"
"SRS_A","Finished Assembly A"
"SRS_B","Sem product S1"
"SRS_C","ROW R1"
"SRS_F1","Finished Assembly 1"
"SRS_F2","Finished Assembly 2"
"SRS_F21","inished Assembly 21"
"SRS_R1","ROW R1"
"SRS_R2","ROW R2"
"SRS_R3","ROW R3"
"SRS_R4","2OW R4"
"SRS_R6","ROW R6"
"SRS_RHW1","SRS_RHW1"
"SRS_S1","Sem product S1"
"SRS_S2","Sem product S2"
"SRS_SEM1","Sem product 1"
"SRS_SUB","Sem product S2"
"SRS_SUB1","Sub con"
"SRS_SUB2","Sub con 2"
"SRS_SUB3","Sub con 3"
"SRS_SUBL1","Subcontracting Sub Assemblay"
"SSC_CHASSIS_STD","SSS_CHASSIS_STD"
"SSS_CHASSIS_SP","SSS_CHASSIS_Special"
"SSS_CLR_BK","SSS_CLR_Black"
"SSS_CLR_WH","SSS_CLR_Whilte"
"SSS_ENG_1200","SSS_ENG_1200"
"SSS_ENG_800","SSS_ENG_800"
"SSS_WH_AL","SSS_Wheels_Alloy"
"SSS_WH_ST","SSS_Wheels_Steel"
"STANDARDC","STANDARD MODEL FOR CAR"
"STANDARDP","Standard model for pulsar"
"STANDARD_BATTERY","Standard Battery Pack"
"STANDARD_MODEL","Standard Model for Product_FERT_KMAT"
"STAND_SG","Standard chassis"
"STAND_SG    BLK","BLACK COLOR"
"STAND_SG    BLU","BLUE COLOR"
"STAND_SG    RED","RED COLOR"
"STAND_SG    WHT","WHITE COLOR"
"STAND_SG   BLK","standard black"
"STAND_SG   BLU","standard blue"
"STAND_SG   RED","standard red"
"STAND_SG   WHT","standard white"
"STAND_SG BLK","standard black"
"STAR_DUST","STAR DUST"
"STATOR","Stator for Motor"
"STEEL PLATE","Crockery"
"STEEL WHEEL","Steel Wheel for Car HS"
"STEEL WHEEL3","Steel Wheel for Car HS3"
"STEEL_SG","steel wheel"
"STEST1","SAP Test 123"
"STEST2","Create Material asd"
"STEST2324","Create Material"
"SUB","subcontracting"
"SUB1","subcontracting 1"
"SUB2","subcontracting 2"
"SUB_CLOTH","Cloth 6*3"
"SUB_CLOTH 6_5","Cloth 6*5"
"SUB_COLOR_GREEN","COLOR GREEN"
"SUB_COLOR_RED","COLOR RED"
"SUB_L","Sub con"
"SUB_R","ROW R3"
"SUGAR","QM testing material"
"SUGAR_RAW","QM testing material"
"SUPERFINES","SUPEFINES"
"SX4","For drinks"
"S_S1","Sub S1"
"T-00","REM semifin"
"T-01","REM ROH"
"T-02","REM ROH"
"T11","test for cap in rem"
"T12","test for cap in rem"
"T123456730","John Wayne (jwayne)"
"T123456790","John Wayne (jwayne)"
"TA1","Finished Assembly A"
"TATA NEXON","CAR Finish Material"
"TATA_HARRIER","Assembly of the vehicle"
"TATA_NEXON","CAR TATA NEXON"
"TATA_SAFARI_ENGINE","TATA SAFARI ENGINE 1600 CC"
"TATA_SAFARI_KMAT","TATA safari kmat 2023"
"TATA_SAFARI_VRIABL","TATA safari Material Varient"
"TB1","Higher Assembly B1"
"TB2","Higher Assembly B1"
"TB3","Higher Assembly B1"
"TBSL3003510","Lotus Car - Exige"
"TBSL3003520","TD-045C1XRW1015G55AZ15 (MTS)"
"TBSL3003600","(Variant Config)"
"TC_TEST01","Team Center Test Material"
"TDCV_SERV_FEE_HCV","TDCV_SERV_FEE_HCV"
"TES1","TES1"
"TES2","TES2"
"TEST","Test Finish Product HANA"
"TEST-001","Test-001"
"TEST-001V","Test Mat for BDC"
"TEST-BDC01","Material Des for TEST-BDC01"
"TEST-BDC01_V1","Material Des for TEST-BDC01"
"TEST-BDC01_V3","Material Des for TEST-BDC01"
"TEST-BDC02","Material Des for TEST-BDC02"
"TEST-BDC02_V1","Material Des for TEST-BDC02"
"TEST-BDC03","Material Des for TEST-BDC03"
"TEST-BDC04","Material Des for TEST-BDC04"
"TEST-BDC05","Material Des for TEST-BDC05"
"TEST-EWM-HALB","Semifinished material for EWM"
"TEST-R1","TEST-R1 FOR TESTING"
"TEST-R2","TEST-R1 FOR TESTING"
"TEST-R3","TEST-R1 FOR TESTING"
"TEST-R4","TEST-R4 FOR TESTING"
"TEST-R5","TEST-R5 FOR TESTING"
"TEST-R6","TEST-R1 FOR TESTING"
"TEST-R6T","TEST-R1 FOR TESTING"
"TEST-R7","TEST-R7"
"TEST-SQ4","TEST-SQ4"
"TEST0001","Bearing"
"TEST001","TEST-001-DEC"
"TEST00123","TEST-001-DEC"
"TEST002","TEST-001-DEC22"
"TEST00_PLM","TEST-001-DEC"
"TEST01","test iPPE Material"
"TEST010","TEST"
"TEST020","TEST020"
"TEST030","TEST030"
"TEST040","TEST040"
"TEST1","TEST1"
"TEST100","testing"
"TEST101","tetsing raw"
"TEST102","tetsing raw"
"TEST103","testing"
"TEST12","test"
"TEST1212121212","TREGDXFGXFD DFGFDG"
"TEST123","Test materisal for S4HANA EWM"
"TEST12345","test 12swdfg"
"TEST123456999","MYTEST-001"
"TEST1234569991","MYTEST"
"TEST1234569992","MYTEST"
"TEST1234569993","MYTEST"
"TEST1234569993-1","MYTEST"
"TEST1234569993-2","MYTEST"
"TEST12345699931","MYTEST"
"TEST1234569993122","MYTEST"
"TEST123456999334","MYTEST"
"TEST123456999334_1","MYTEST"
"TEST123456999334_2","MYTEST"
"TEST1234589","qwertyu"
"TEST123TODAY","Test123Today"
"TEST2","Test"
"TEST23","zcxzxcx"
"TEST24012018","Test materisal for S4HANA EWM 3"
"TEST31","test"
"TEST34","scszdcsadas"
"TEST56","zdcdsfsdfsf"
"TEST88","dvxdvddv"
"TESTABC1","test"
"TESTBAPI","TESTBAPI"
"TESTBDC01","demo"
"TESTECN1","Test_123_G"
"TESTENOVIA1","Material Scrap - 82"
"TESTFODEMO","Test Updated"
"TESTFORDEMO12","Test Updated"
"TESTING","cvxdcdcv dfhdgdfg sdfdfsdfsd"
"TESTKO0001","Connecting rod assembly"
"TESTMAT","Test material"
"TESTMATERIAL_FG","Test Material FG"
"TESTMIGRATE2","Test Migration"
"TESTPART_0010_A","null"
"TESTPART_1210_A","null"
"TESTPART_1313_A","null"
"TESTPROVIDE1","This is a Provided Part 1"
"TESTPROVIDE2","This is a Provided Part 2"
"TESTPROVIDE3","This is a Provided Part 3"
"TESTPROVIDE4","This is a Provided Part 4"
"TESTROH3","test roh"
"TEST_001","TEST MATERIAL CREATE - V0012"
"TEST_001V2","TEST MATERIAL CREATE"
"TEST_001V3","TEST MATERIAL CREATE"
"TEST_001V4","TEST MATERIAL CREATE"
"TEST_001V5","TEST MATERIAL CREATE"
"TEST_001V6","Test1231"
"TEST_001V7","TEST MATERIAL CREATE"
"TEST_001V8","TEST MATERIAL CREATE"
"TEST_001V8FR","ddffggg"
"TEST_002","SAP MATERIAL TEST_002"
"TEST_1","TEST_1"
"TEST_1004","dvxsdvv"
"TEST_1200_A","null"
"TEST_1203_A","null"
"TEST_121212","TEST_121212_CHECTING"
"TEST_2","TEST_2"
"TEST_26","TEST_26"
"TEST_3","TEST_3"
"TEST_4","TEST_4: HALB Semifinished"
"TEST_AATP","Test Material for AATP"
"TEST_BATCH","Test Batch"
"TEST_BOM1","TEST_BOM1"
"TEST_BOM2","TEST_BOM2"
"TEST_BOM21","TEST_BOM21"
"TEST_CHANGE1","MYTEST"
"TEST_CHANGE2","MYTEST"
"TEST_CHANGE3","MYTEST-CHANGE 4"
"TEST_ETO","Premium Hyper Connected Electric Car"
"TEST_ETO_NEW","Premium Hyper Connected Electric Car"
"TEST_G1","TEST_G1"
"TEST_G2","TEST_G2"
"TEST_G3","TEST_G3"
"TEST_G4","TEST_G4"
"TEST_MAT","test material"
"TEST_MAT01","TEST_MAT01"
"TEST_MAT_123","Testing Material 123"
"TEST_MEIPL","Trading Goods & Mfg Test"
"TEST_MEIPL_1","Trading Goods & Mfg Test"
"TEST_MEIPL_2","Trading Goods & Mfg Test"
"TEST_PLM_2131","TESTING MATERIAL WITH CUSTOM RFC"
"TEST_PPE","test iPPE Material"
"TEST_PRD","TEST Production"
"TEST_PRD_ROH","Test Proc"
"TEST_RP1","TEST_RP1"
"TEST_SQ1","TEST_SQ1"
"TEST_SQ2","TEST_SQ2"
"TEST_SQ3","TEST_SQ3"
"TEST_SQ4","TEST_SQ4"
"TEST_V001","TEST MATERIAL CREATE"
"TEST_VK","Test Material"
"TEST_VK1","Test Material"
"TEST_VS","Vehicle Service"
"TEST_VVS1","Test123"
"TG0001","Trading Good for Consumption"
"TG0011","Trading Good 0011,PD,Regular Proc."
"TG0012","Trad. Good 0012,Reord. Pt.,Regular Proc."
"TG10","Trad.Good 10,PD,Third Party"
"TG11","Trad.Good 11,PD,Reg.Trading"
"TG12","Trad.Good 12,Reorder Point,Reg.Trad."
"TG13","Trad.Good 13,Reorder Point,Thrd Party"
"TG14","Trad.Good 14,PD,Bought-In,H14"
"TG20","Trad.Good 20,Reorder Point,SerialNo"
"TG21","Trad.Good 21,Reorder Point,Batch-FIFO"
"TG22","Trad.Good 22,Reorder Point,Batch-ExpD"
"THCM_EWM_TEST1","THCM EWM Material for Test 1"
"THCM_EWM_TEST2","THCM EWM Material for Test 1"
"THIRD PARTY MAT","THIRD PARTY MAT"
"TL1","test"
"TMP-00255","John Wayne (jwayne)"
"TNMBS_01","TBMSL_Test"
"TOMATOES","Tomatoes"
"TPS001","Third Party Sales Test"
"TRAILOR_24FT","Trailor 24 FT"
"TSA","TSA"
"TSHHHS","ttt"
"TSTMATERIAL1","Test Material 1"
"TSTMATERIAL10","Test Material 10"
"TSTMATERIAL101","Test Material 101"
"TSTMATERIAL102","Test Material 102"
"TSTMATERIAL103","Material 103"
"TSTMATERIAL104","Material 103"
"TSTMATERIAL105","Material 105"
"TSTMATERIAL11","Test Material 11"
"TSTMATERIAL110","Test Material 110"
"TSTMATERIAL111","Test Material 111"
"TSTMATERIAL112","Test Material 112"
"TSTMATERIAL114","Test Material 114"
"TSTMATERIAL115","Test Material 115"
"TSTMATERIAL117","Test Material 117"
"TSTMATERIAL118","MATERIAL 118"
"TSTMATERIAL119","MATERIAL 119"
"TSTMATERIAL12","Test Material 12"
"TSTMATERIAL120","MATERIAL 120"
"TSTMATERIAL121","MATERIAL 121"
"TSTMATERIAL122","Test Material 122"
"TSTMATERIAL123","MATERIAL 123"
"TSTMATERIAL124","Test Material 124"
"TSTMATERIAL125","Test Material 125"
"TSTMATERIAL1251","BODY BLACK B1001"
"TSTMATERIAL1252","BODY BLACK B1001"
"TSTMATERIAL1255","BODY BLACK B1001"
"TSTMATERIAL126","Test Material 126"
"TSTMATERIAL127","MATERIAL 123"
"TSTMATERIAL128","Test Material 128"
"TSTMATERIAL129","MATERIAL 129"
"TSTMATERIAL13","Test Material 12"
"TSTMATERIAL131","Test Material 131"
"TSTMATERIAL132","Test Material 132"
"TSTMATERIAL133","Test Material 133"
"TSTMATERIAL134","Test Material 134"
"TSTMATERIAL135","Test Material 135  FG1"
"TSTMATERIAL136","Test Material 136 ROH1"
"TSTMATERIAL137","Test Material 136 ROH1"
"TSTMATERIAL138","Test Material 136 Packaging"
"TSTMATERIAL139","Test Material 131  FG2"
"TSTMATERIAL14","Test Material 12"
"TSTMATERIAL140","Test Material 140 Packaging"
"TSTMATERIAL142","Test Material 142 Planning material"
"TSTMATERIAL15","Test Material 15"
"TSTMATERIAL16","Test Material 16"
"TSTMATERIAL17","Test Material 17"
"TSTMATERIAL18","Test Material 18"
"TSTMATERIAL19","Test Material 19"
"TSTMATERIAL2","Test Material 2"
"TSTMATERIAL20","Test Material 20"
"TSTMATERIAL200","Test Material 200"
"TSTMATERIAL201","Test Material 201"
"TSTMATERIAL202","Test Material 202"
"TSTMATERIAL203","Test Material 203"
"TSTMATERIAL204","Test Material 204"
"TSTMATERIAL205","Test Material 205"
"TSTMATERIAL206","Test Material 206"
"TSTMATERIAL207","Test Material 207"
"TSTMATERIAL208","Test Material 208"
"TSTMATERIAL209","Test Material 209"
"TSTMATERIAL21","Test Material 21"
"TSTMATERIAL210","Test Material 210"
"TSTMATERIAL211","Test Material 211"
"TSTMATERIAL212","Test Material 212"
"TSTMATERIAL213","Test Material 213"
"TSTMATERIAL214","Test Material 214"
"TSTMATERIAL215","Test Material 215"
"TSTMATERIAL216","Test Material 216"
"TSTMATERIAL217","Test Material 217"
"TSTMATERIAL218","Test Material 218"
"TSTMATERIAL22","Test Material 22"
"TSTMATERIAL225","MATERIAL 225"
"TSTMATERIAL23","Test Material 23"
"TSTMATERIAL24","Test Material 24"
"TSTMATERIAL25","Test Material 25"
"TSTMATERIAL26","Test Material 26"
"TSTMATERIAL27","Test Material 27"
"TSTMATERIAL28","Test Material 28"
"TSTMATERIAL29","Test Material 29"
"TSTMATERIAL3","Test Material 3"
"TSTMATERIAL30","Test Material 30"
"TSTMATERIAL300","MATERIAL 300"
"TSTMATERIAL301","MATERIAL 301"
"TSTMATERIAL303","Test Material 303"
"TSTMATERIAL304","Test Material 304"
"TSTMATERIAL305","Test Material 305"
"TSTMATERIAL306","Test Material 306"
"TSTMATERIAL307","Test Material"
"TSTMATERIAL308","Test Material 308"
"TSTMATERIAL309","TSTMATERIAL309"
"TSTMATERIAL31","Test Material 31"
"TSTMATERIAL310","TSTMATERIAL310"
"TSTMATERIAL311","TSTMATERIAL311"
"TSTMATERIAL312","TSTMATERIAL312"
"TSTMATERIAL313","TSTMATERIAL313"
"TSTMATERIAL314","TSTMATERIAL314"
"TSTMATERIAL315","TSTMATERIAL315"
"TSTMATERIAL316","TSTMATERIAL316"
"TSTMATERIAL317","TSTMATERIAL317"
"TSTMATERIAL318","TSTMATERIAL318"
"TSTMATERIAL319","TSTMATERIAL319"
"TSTMATERIAL32","Test Material 32"
"TSTMATERIAL320","Test Material 320"
"TSTMATERIAL321","TSTMATERIAL321"
"TSTMATERIAL322","TSTMATERIAL322"
"TSTMATERIAL323","TSTMATERIAL323"
"TSTMATERIAL324","TSTMATERIAL324"
"TSTMATERIAL325","TSTMATERIAL325"
"TSTMATERIAL326","TSTMATERIAL326"
"TSTMATERIAL327","TSTMATERIAL327"
"TSTMATERIAL328","TSTMATERIAL328"
"TSTMATERIAL329","TSTMATERIAL329"
"TSTMATERIAL33","Test Material 33"
"TSTMATERIAL330","TSTMATERIAL330"
"TSTMATERIAL331","TSTMATERIAL331"
"TSTMATERIAL332","TSTMATERIAL332"
"TSTMATERIAL333","TSTMATERIAL333"
"TSTMATERIAL335","TSTMATERIAL335"
"TSTMATERIAL336","TSTMATERIAL332"
"TSTMATERIAL337","TSTMATERIAL337"
"TSTMATERIAL338","TSTMATERIAL338"
"TSTMATERIAL34","Test Material 34"
"TSTMATERIAL35","Test Material 35"
"TSTMATERIAL359","Test Material 359"
"TSTMATERIAL36","Test Material 36"
"TSTMATERIAL360","Test Material 360"
"TSTMATERIAL37","Test Material 37"
"TSTMATERIAL38","Test Material 38"
"TSTMATERIAL39","Test Material 39"
"TSTMATERIAL4","Test Material 4"
"TSTMATERIAL40","Test Material 40"
"TSTMATERIAL41","Test Material 41"
"TSTMATERIAL42","Test Material 42"
"TSTMATERIAL43","Test Material 43"
"TSTMATERIAL44","Test Material 44"
"TSTMATERIAL45","Test Material 45"
"TSTMATERIAL46","Test Material 29"
"TSTMATERIAL47","Test Material 47"
"TSTMATERIAL48","Test Material 29"
"TSTMATERIAL49","Test Material 29"
"TSTMATERIAL5","Test Material 5"
"TSTMATERIAL50","Test Material 50"
"TSTMATERIAL51","Test Material 50"
"TSTMATERIAL52","Test Material 50"
"TSTMATERIAL53","Test Material 50"
"TSTMATERIAL54","Test Material 50"
"TSTMATERIAL55","Test Material 55"
"TSTMATERIAL56","Test Material 56"
"TSTMATERIAL57","Test Material 57"
"TSTMATERIAL58","Test Material 58"
"TSTMATERIAL59","Test Material 59"
"TSTMATERIAL6","Test Material 6"
"TSTMATERIAL60","Test Material 60"
"TSTMATERIAL61","MATERIAL 61"
"TSTMATERIAL7","Test Material 7"
"TSTMATERIAL75","Test Material 75"
"TSTMATERIAL8","Test Material 8"
"TSTMATERIAL80","1est Material 80"
"TSTMATERIAL81","Test Material 90"
"TSTMATERIAL82","Test Material 82"
"TSTMATERIAL83","Test Material 83"
"TSTMATERIAL84","Test Material 90"
"TSTMATERIAL85","Test Material 85"
"TSTMATERIAL86","Test Material 86"
"TSTMATERIAL89","Test Material 89"
"TSTMATERIAL9","Test Material 9"
"TSTMATERIAL90","Test Material 90"
"TSTMATERIAL91","Test Material 91"
"TSTMATERIAL92","Test Material 92"
"TSTMATERIAL93","Test Material 93"
"TSTMATERIAL94","Test Material 94"
"TSTMATERIAL95","nut 2021"
"TSTMATERIAL96","bolt 2021"
"TSTMATERIAL96_TEST","bolt 2021"
"TSTMATERIAL97","nut 2022"
"TSTMATERIAL98","bolt 2022"
"TSTMATERIALDDMRP1","DDMRP TEST"
"TSTMATERIALDDMRP11","DDMRP TEST11"
"TSTMATERIALDDMRP12","DDMRP TEST 12"
"TSTMATERIALDDMRP2","DDMRP TEST"
"TSTMATERIALDDMRP3","DDMRP TEST"
"TTL1","test"
"TU.0000101","John Wayne (jwayne)"
"TYPHOON_SILVER","TYPHOON SILVER"
"TYRE","tyre for Hector"
"TYRE_16INCH","Tyre 16 Inch"
"UEB1E50118413024","PNT BDY EXT FIN"
"UEB1E50162199000","PTH BDY SE(100 X 70 MM)"
"UEB1E50174201000","W/SHLD ASY COMP"
"UEB1E50174201000-A","Material 1"
"UEB1E50174201000-B","Material 2"
"UEB1E50174201000-C","useful material"
"UEB1E50174201000-D","Material"
"UEB1E50174201000-E","raw material"
"UEB1E50174201000-F","raw material"
"UEB1E50174201000-G","raw material"
"UEB1E50174201000-H","raw material"
"UEB1E50174201000-I","raw"
"UEB1E50174201000-J","Material 3"
"UEB1E50174201000-K","raw material 1"
"UEB1E50174201000-L","mat 2"
"UEB1E50174201000-M","mat 3"
"UEB1E50174201000-P","raw material"
"UEB1E50174201000-R","Raw material"
"UEB1E50174201000-S","raw material"
"UEB1E50174201000-T","raw material"
"UEB1E50174201000-Y","L shaped elecrtro plate"
"UEB1E50174201000-Z","Electroplate"
"UEB3E50107238000","DCT VEN AIR RR(2ND ROW)"
"UEB3E50121259001","CLP ASY VIS ARM"
"UEB3E50130443001","PNL ASY CWL SD TR(RHD)"
"UEB3E50146090005","DR VEN AIR RGSTR"
"UEB3E50147589001","PNL ASY CWL SD TR LH(RHD)"
"UEB3E50161993001","MLDG ASY W/SHLD GARN SD"
"UEB3E50176389001","VIS ASY I/S"
"UEB3E50180188001","PLR FRT BDY LWR RR(BOLSTER 5 SEAT"
"UEB3E50186172000","DCT VEN AIR OLET(FOAM +IONISER)"
"UEB3E50191479000","INS ASY D/PNL SND"
"UEB3E50216158000","LUV ASY VEN AIR CTR(GLOSS)"
"UEC1E50117621000","BLT BDY MTNG(KAMAX)"
"UEP2E50154850000","SCREW(M8 X 20 HEX HEAD TAPTITE)"
"UEP2E50166143021","WSHR MTL"
"UNK000038_A","System-1"
"V-0001","TEST-2"
"V1","Test"
"V91","Main Header"
"VACCINE","Practice"
"VARIANT HALB 1","semi fin"
"VARIANT RAW 1","raw material"
"VEHICLE","Finished Vehicle"
"VEHICLE1002","Number of Vehicles"
"VEHICLE1003","Number of Vehicle Manufacture"
"WETORE","WET PLANT ORE"
"WHEATF01","wheat floor"
"WHITE","COLOR FOR CAR"
"WHITEC","WHITE COLOR FOR CAR"
"WHT_CLR","White Color"
"WIRE","Control Wiring"
"WM46-MAT2","WM46 Purchase Mat2"
"WM46-MAT4","WM46 Sales Material"
"WM46-MAT7","Sales Semi finish"
"WM46-PKG1","WM-46 PKG for HU test"
"WM46_MAT","Simple WM46"
"WM46_MAT1","WM46 Purchase Mat"
"WM46_MRP1","WM46 MRP ROW material"
"WM46_MRP_CONSUM","WM46 - MRP - Consumption Base planning"
"WM46_MRP_FORECAST","WM46 - MRP - Forecast Based Planning"
"WM46_MRP_FORECAST1","WM46 - MRP - Forecast Based Planning1"
"WM46_MRP_PIR","WM46 - MRP - Plan ind requirement"
"WM46_MRP_SAFTY","WM46- MRP Safety stock"
"WTY_SERVICE","Service Material for Master Warranty"
"X1","X1"
"X2","X2"
"X3","X3"
"X4","X4"
"X5","X5"
"X6","X6"
"X7","X7"
"XXX","Blue Color"
"Y1","Testing material for same assembly"
"YS_BATTERY","YS BATTERY"
"YS_BEARING","YS BEARING"
"YYY","Green Color"
"Z001","Raw Material for Z001"
"Z004","raw material_z004"
"Z1","Testing material for same assembly"
"Z10","Testing material for same assembly"
"Z2","Testing material for same assembly"
"Z2007","computer hardware"
"Z2009","computer hardware"
"Z2123","Test material"
"Z2124","Test Material for understanding for con"
"Z21312","test material"
"Z2321","test material"
"Z3","Testing material for same assembly"
"Z3006","raw material_z3006"
"Z3007","raw material_z3007"
"Z3008","Raw Material_Z3008"
"Z3009","Material"
"Z3010","Computer Hardwares."
"Z4","Testing material for same assembly"
"Z5","Testing material for same assembly"
"Z6","Testing material for same assembly"
"Z7","Testing material for same assembly"
"Z775332_DEMO1","FOR HOMEWORK"
"Z8","Testing material for same assembly"
"Z9","Testing material for same assembly"
"ZAD_MAT1","PROJECT MATERIAL"
"ZAN_931012_PMAT2","MATERIAL FOR PROJECT"
"ZAN_931012_PMAT5","MATERIAL FOR PROJECT"
"ZAN_931012_PMAT7","MATERIAL 1"
"ZAN_MAT","MATERIAL 1"
"ZAN_P2MATERIAL","TEST  MATERIAL"
"ZAN_PMATERIAL","TEST  MATERIAL"
"ZAN_PMATERIAL1","MATERIAL FOR PROJECT 1"
"ZAN_PMATERIAL2","MATERIAL 1"
"ZATP","ZATP"
"ZGET_MATERIAL","GET Material - IDOC Example"
"ZGET_MATERIAL_1910","ZGET_MATERIAL_1910_WE19"
"ZHASPL_01","RAW MATRIAL 1"
"ZHASPL_02","FINISHED PRODUCT 2 FOR ASPL"
"ZHASPL_03","FINISHED PRODUCT FOR ASPL"
"ZHASPL_04","MATERIAL NUMBER 4"
"ZHASPL_05","MATERIAL NUMBER 5"
"ZHASPL_06","MATERIAL NUMBER 4"
"ZHASPL_07","MATERIAL NUMBER 7"
"ZHASPL_08","MATERIAL NUMBER 7"
"ZHASPL_09","MATERIAL NUMBER 9"
"ZHASPL_10","MATERIAL NUMBER 10"
"ZHASPL_11","MATERIAL NUMBER 11"
"ZHASPL_12","MATERIAL NUMBER 12"
"ZHASPL_13","MATERIAL NUMBER 13"
"ZHASPL_14","MATERIAL NUMBER 14"
"ZHASPL_15","MATERIAL NUMBER 15"
"ZHASPL_16","MATERIAL NUMBER 16"
"ZMAT0001","ZMaterial TEST"
"ZMAT01","AFAFA"
"ZMATERIAL_923871","dumy material"
"ZMAT_0010","new creation"
"ZMAT_1234224","MATERIAL FOR PROJECT"
"ZMAT_2245353","material creation"
"ZMAT_556545757","MATERIAL"
"ZMAT_923871","Zmat_mat"
"ZMAT_931017","PROJECT MATERIAL"
"ZMAT_931017_MODULE","MODULE POOL PROJECT"
"ZPBP","TEST"
"ZPBP2","ZPBP_DESC"
"ZRM_931042_PR10","NEW RECORD FROM ROHIT"
"ZRM_931042_PR11","NEW RECORD FROM ROHIT"
"ZRM_931042_PRJ1","PRJ1_931042"
"ZRM_931042_PRJ2","Project Recording"
"ZRM_931042_PRJ3","Project Recording"
"ZRM_931042_PRJ4","PROJECT RECORDING"
"ZRM_931042_PRJ5","project recording"
"ZRM_931042_PRJ6","RECORD PROGRAM"
"ZRM_931042_PRJ7","FYFTFUF"
"ZRM_931042_PRJ9","new rec"
"ZSAM_MM01","att"
"ZSB_MAT10","MATERIAL 1"
"ZTEST_ABAP","Test Material"
"ZTEST_ABAP_1","Test Material"
"ZTEST_ABAP_2","Test Material"
"ZTEST_ABAP_3","Test Material"
"ZTEST_BDC1","Manufacturing material 001"
"ZTEST_WF","TEST Material"
"ZTEST_WF1","TEST Material"
"ZTEST_WF2","TEST Material"
"ZTEST_WF3","TEST Material"
"ZTEST_WF4","TEST Material"
"ZVB-1001","TRAINING WITH BDC"
"ZVB_931066_MAT01","MATERIAL FOR PROJECT"
"ZVB_931066_MAT02","MATERIAL FOR PROJECT"
"ZVB_931066_MAT03","MATERIAL FOR PROJECT"
